Driver,DriverNumber,Team,LapNumber,LapTime,Stint,Compound,TyreLife,LapStartTime,TrackStatus,IsAccurate,AirTemp,TrackTemp,Humidity,Pressure,Rainfall,WindSpeed,WindDirection,source_file,LapTimeSeconds
VER,1,Red Bull,7.0,0 days 00:01:40.785000,1.0,MEDIUM,7.0,0 days 00:28:26.574000,1,True,18.0,18.1,47.0,939.9,False,2.2,220,laps_2023_las_vegas_R.csv,100.785
LEC,16,Ferrari,7.0,0 days 00:01:41.488000,1.0,MEDIUM,7.0,0 days 00:28:27.740000,1,True,18.0,18.1,47.0,939.9,False,2.2,220,laps_2023_las_vegas_R.csv,101.488
RUS,63,Mercedes,7.0,0 days 00:01:42.057000,1.0,MEDIUM,7.0,0 days 00:28:28.237000,1,True,18.0,18.1,47.0,939.9,False,2.2,220,laps_2023_las_vegas_R.csv,102.057
GAS,10,Alpine,7.0,0 days 00:01:42.346000,1.0,MEDIUM,7.0,0 days 00:28:28.742000,1,True,18.0,18.1,47.0,939.9,False,2.2,220,laps_2023_las_vegas_R.csv,102.346
ALB,23,Williams,7.0,0 days 00:01:42.484000,1.0,MEDIUM,7.0,0 days 00:28:29.176000,1,True,18.0,18.1,47.0,939.9,False,2.2,220,laps_2023_las_vegas_R.csv,102.484
SAR,2,Williams,7.0,0 days 00:01:42.737000,1.0,MEDIUM,7.0,0 days 00:28:29.846000,1,True,18.0,18.1,47.0,939.9,False,2.2,220,laps_2023_las_vegas_R.csv,102.737
MAG,20,Haas F1 Team,7.0,0 days 00:01:43.315000,1.0,MEDIUM,7.0,0 days 00:28:30.447000,1,True,18.0,18.1,47.0,939.9,False,2.2,220,laps_2023_las_vegas_R.csv,103.315
OCO,31,Alpine,7.0,0 days 00:01:43.395000,1.0,MEDIUM,7.0,0 days 00:28:30.834000,1,True,18.0,18.1,47.0,939.9,False,2.2,220,laps_2023_las_vegas_R.csv,103.395
HUL,27,Haas F1 Team,7.0,0 days 00:01:43.232000,1.0,MEDIUM,7.0,0 days 00:28:31.529000,1,True,18.0,18.1,47.0,939.9,False,2.2,220,laps_2023_las_vegas_R.csv,103.232
TSU,22,AlphaTauri,7.0,0 days 00:01:43.863000,1.0,SOFT,7.0,0 days 00:28:32.154000,1,True,18.0,18.1,47.0,939.9,False,2.2,220,laps_2023_las_vegas_R.csv,103.863
PIA,81,McLaren,7.0,0 days 00:01:42.831000,1.0,HARD,8.0,0 days 00:28:32.219000,1,True,18.0,18.1,47.0,939.9,False,2.2,220,laps_2023_las_vegas_R.csv,102.831
HAM,44,Mercedes,7.0,0 days 00:01:43.391000,1.0,HARD,7.0,0 days 00:28:32.680000,1,True,18.0,18.1,47.0,939.9,False,2.2,220,laps_2023_las_vegas_R.csv,103.391
RIC,3,AlphaTauri,7.0,0 days 00:01:44.744000,1.0,MEDIUM,7.0,0 days 00:28:33.769000,1,True,18.0,18.1,47.0,939.9,False,2.2,220,laps_2023_las_vegas_R.csv,104.744
ZHO,24,Alfa Romeo,7.0,0 days 00:01:43.063000,1.0,HARD,7.0,0 days 00:28:34.175000,1,True,18.0,18.1,47.0,939.9,False,2.2,220,laps_2023_las_vegas_R.csv,103.063
STR,18,Aston Martin,7.0,0 days 00:01:43.790000,2.0,HARD,5.0,0 days 00:28:35.048000,1,True,18.0,18.1,47.0,939.9,False,2.2,220,laps_2023_las_vegas_R.csv,103.79
PER,11,Red Bull,7.0,0 days 00:01:44.233000,2.0,HARD,6.0,0 days 00:28:35.468000,1,True,18.0,18.1,47.0,939.9,False,2.2,220,laps_2023_las_vegas_R.csv,104.233
SAI,55,Ferrari,7.0,0 days 00:01:44.550000,2.0,HARD,4.0,0 days 00:28:35.899000,1,True,18.0,18.1,47.0,939.9,False,2.2,220,laps_2023_las_vegas_R.csv,104.55
ALO,14,Aston Martin,7.0,0 days 00:01:44.117000,2.0,HARD,7.0,0 days 00:28:36.085000,1,True,18.0,18.1,47.0,939.9,False,2.2,220,laps_2023_las_vegas_R.csv,104.117
BOT,77,Alfa Romeo,7.0,0 days 00:01:44.451000,2.0,HARD,6.0,0 days 00:28:37.460000,1,True,18.0,18.2,47.0,940.0,False,2.4,223,laps_2023_las_vegas_R.csv,104.451
VER,1,Red Bull,8.0,0 days 00:01:40.142000,1.0,MEDIUM,8.0,0 days 00:30:07.359000,1,True,18.0,18.2,47.0,940.0,False,3.4,227,laps_2023_las_vegas_R.csv,100.142
LEC,16,Ferrari,8.0,0 days 00:01:40.393000,1.0,MEDIUM,8.0,0 days 00:30:09.228000,1,True,18.0,18.2,47.0,940.0,False,3.4,227,laps_2023_las_vegas_R.csv,100.393
RUS,63,Mercedes,8.0,0 days 00:01:40.687000,1.0,MEDIUM,8.0,0 days 00:30:10.294000,1,True,18.0,18.2,47.0,940.0,False,3.4,227,laps_2023_las_vegas_R.csv,100.687
GAS,10,Alpine,8.0,0 days 00:01:40.560000,1.0,MEDIUM,8.0,0 days 00:30:11.088000,1,True,18.0,18.2,47.0,940.0,False,3.4,227,laps_2023_las_vegas_R.csv,100.56
ALB,23,Williams,8.0,0 days 00:01:40.682000,1.0,MEDIUM,8.0,0 days 00:30:11.660000,1,True,18.0,18.2,47.0,940.0,False,3.4,227,laps_2023_las_vegas_R.csv,100.682
SAR,2,Williams,8.0,0 days 00:01:40.817000,1.0,MEDIUM,8.0,0 days 00:30:12.583000,1,True,18.0,18.2,47.0,940.0,False,3.4,227,laps_2023_las_vegas_R.csv,100.817
MAG,20,Haas F1 Team,8.0,0 days 00:01:41.379000,1.0,MEDIUM,8.0,0 days 00:30:13.762000,1,True,18.0,18.2,47.0,940.0,False,3.4,227,laps_2023_las_vegas_R.csv,101.379
OCO,31,Alpine,8.0,0 days 00:01:41.013000,1.0,MEDIUM,8.0,0 days 00:30:14.229000,1,True,18.0,18.2,47.0,940.0,False,3.4,227,laps_2023_las_vegas_R.csv,101.013
HUL,27,Haas F1 Team,8.0,0 days 00:01:42.010000,1.0,MEDIUM,8.0,0 days 00:30:14.761000,1,True,18.0,18.2,47.0,940.0,False,3.4,227,laps_2023_las_vegas_R.csv,102.01
PIA,81,McLaren,8.0,0 days 00:01:40.924000,1.0,HARD,9.0,0 days 00:30:15.050000,1,True,18.0,18.2,47.0,940.0,False,3.4,227,laps_2023_las_vegas_R.csv,100.924
TSU,22,AlphaTauri,8.0,0 days 00:01:42.303000,1.0,SOFT,8.0,0 days 00:30:16.017000,1,True,18.0,18.2,47.0,940.0,False,3.4,227,laps_2023_las_vegas_R.csv,102.303
HAM,44,Mercedes,8.0,0 days 00:01:41.204000,1.0,HARD,8.0,0 days 00:30:16.071000,1,True,18.0,18.2,47.0,940.0,False,3.4,227,laps_2023_las_vegas_R.csv,101.204
ZHO,24,Alfa Romeo,8.0,0 days 00:01:41.996000,1.0,HARD,8.0,0 days 00:30:17.238000,1,True,18.0,18.2,47.0,940.0,False,3.4,227,laps_2023_las_vegas_R.csv,101.996
RIC,3,AlphaTauri,8.0,0 days 00:01:41.633000,1.0,MEDIUM,8.0,0 days 00:30:18.513000,1,True,18.0,18.2,47.0,940.0,False,3.4,227,laps_2023_las_vegas_R.csv,101.633
STR,18,Aston Martin,8.0,0 days 00:01:41.768000,2.0,HARD,6.0,0 days 00:30:18.838000,1,True,18.0,18.2,47.0,940.0,False,3.4,227,laps_2023_las_vegas_R.csv,101.768
PER,11,Red Bull,8.0,0 days 00:01:41.395000,2.0,HARD,7.0,0 days 00:30:19.701000,1,True,18.0,18.2,47.0,940.0,False,3.4,227,laps_2023_las_vegas_R.csv,101.395
ALO,14,Aston Martin,8.0,0 days 00:01:41.247000,2.0,HARD,8.0,0 days 00:30:20.202000,1,True,18.0,18.2,47.0,940.0,False,3.4,227,laps_2023_las_vegas_R.csv,101.247
SAI,55,Ferrari,8.0,0 days 00:01:41.704000,2.0,HARD,5.0,0 days 00:30:20.449000,1,True,18.0,18.2,47.0,940.0,False,3.4,227,laps_2023_las_vegas_R.csv,101.704
BOT,77,Alfa Romeo,8.0,0 days 00:01:42.159000,2.0,HARD,7.0,0 days 00:30:21.911000,1,True,18.0,18.2,47.0,940.0,False,3.4,227,laps_2023_las_vegas_R.csv,102.159
VER,1,Red Bull,9.0,0 days 00:01:39.669000,1.0,MEDIUM,9.0,0 days 00:31:47.501000,1,True,18.1,18.1,47.0,939.9,False,2.4,197,laps_2023_las_vegas_R.csv,99.669
LEC,16,Ferrari,9.0,0 days 00:01:39.755000,1.0,MEDIUM,9.0,0 days 00:31:49.621000,1,True,18.1,18.1,47.0,939.9,False,2.4,197,laps_2023_las_vegas_R.csv,99.755
RUS,63,Mercedes,9.0,0 days 00:01:39.561000,1.0,MEDIUM,9.0,0 days 00:31:50.981000,1,True,18.1,18.1,47.0,939.9,False,2.4,197,laps_2023_las_vegas_R.csv,99.561
GAS,10,Alpine,9.0,0 days 00:01:39.677000,1.0,MEDIUM,9.0,0 days 00:31:51.648000,1,True,18.1,18.1,47.0,939.9,False,2.4,197,laps_2023_las_vegas_R.csv,99.677
ALB,23,Williams,9.0,0 days 00:01:40.370000,1.0,MEDIUM,9.0,0 days 00:31:52.342000,1,True,18.1,18.1,47.0,939.9,False,2.4,197,laps_2023_las_vegas_R.csv,100.37
SAR,2,Williams,9.0,0 days 00:01:40.229000,1.0,MEDIUM,9.0,0 days 00:31:53.400000,1,True,18.1,18.1,47.0,939.9,False,2.4,197,laps_2023_las_vegas_R.csv,100.229
MAG,20,Haas F1 Team,9.0,0 days 00:01:41.079000,1.0,MEDIUM,9.0,0 days 00:31:55.141000,1,True,18.1,18.1,47.0,939.9,False,2.4,197,laps_2023_las_vegas_R.csv,101.079
OCO,31,Alpine,9.0,0 days 00:01:40.316000,1.0,MEDIUM,9.0,0 days 00:31:55.242000,1,True,18.1,18.1,47.0,939.9,False,2.4,197,laps_2023_las_vegas_R.csv,100.316
PIA,81,McLaren,9.0,0 days 00:01:40.339000,1.0,HARD,10.0,0 days 00:31:55.974000,1,True,18.1,18.1,47.0,939.9,False,2.4,197,laps_2023_las_vegas_R.csv,100.339
HUL,27,Haas F1 Team,9.0,0 days 00:01:40.422000,1.0,MEDIUM,9.0,0 days 00:31:56.771000,1,True,18.1,18.1,47.0,939.9,False,2.4,197,laps_2023_las_vegas_R.csv,100.422
HAM,44,Mercedes,9.0,0 days 00:01:40.116000,1.0,HARD,9.0,0 days 00:31:57.275000,1,True,18.1,18.1,47.0,939.9,False,2.4,197,laps_2023_las_vegas_R.csv,100.116
TSU,22,AlphaTauri,9.0,0 days 00:01:41.561000,1.0,SOFT,9.0,0 days 00:31:58.320000,1,True,18.1,18.1,47.0,939.9,False,2.4,197,laps_2023_las_vegas_R.csv,101.561
ZHO,24,Alfa Romeo,9.0,0 days 00:01:40.813000,1.0,HARD,9.0,0 days 00:31:59.234000,1,True,18.1,18.1,47.0,939.9,False,2.4,197,laps_2023_las_vegas_R.csv,100.813
RIC,3,AlphaTauri,9.0,0 days 00:01:40.435000,1.0,MEDIUM,9.0,0 days 00:32:00.146000,1,True,18.1,18.1,47.0,939.9,False,2.4,197,laps_2023_las_vegas_R.csv,100.435
STR,18,Aston Martin,9.0,0 days 00:01:40.346000,2.0,HARD,7.0,0 days 00:32:00.606000,1,True,18.1,18.1,47.0,939.9,False,2.4,197,laps_2023_las_vegas_R.csv,100.346
PER,11,Red Bull,9.0,0 days 00:01:40.012000,2.0,HARD,8.0,0 days 00:32:01.096000,1,True,18.1,18.1,47.0,939.9,False,2.4,197,laps_2023_las_vegas_R.csv,100.012
ALO,14,Aston Martin,9.0,0 days 00:01:40.477000,2.0,HARD,9.0,0 days 00:32:01.449000,1,True,18.1,18.1,47.0,939.9,False,2.4,197,laps_2023_las_vegas_R.csv,100.477
SAI,55,Ferrari,9.0,0 days 00:01:40.334000,2.0,HARD,6.0,0 days 00:32:02.153000,1,True,18.1,18.1,47.0,939.9,False,2.4,197,laps_2023_las_vegas_R.csv,100.334
BOT,77,Alfa Romeo,9.0,0 days 00:01:41.377000,2.0,HARD,8.0,0 days 00:32:04.070000,1,True,18.1,18.1,47.0,939.9,False,2.4,197,laps_2023_las_vegas_R.csv,101.377
VER,1,Red Bull,10.0,0 days 00:01:39.484000,1.0,MEDIUM,10.0,0 days 00:33:27.170000,1,True,18.1,18.1,47.0,939.9,False,2.7,216,laps_2023_las_vegas_R.csv,99.484
LEC,16,Ferrari,10.0,0 days 00:01:39.107000,1.0,MEDIUM,10.0,0 days 00:33:29.376000,1,True,18.1,18.1,47.0,939.9,False,2.7,216,laps_2023_las_vegas_R.csv,99.107
RUS,63,Mercedes,10.0,0 days 00:01:39.516000,1.0,MEDIUM,10.0,0 days 00:33:30.542000,1,True,18.1,18.1,47.0,939.9,False,2.7,216,laps_2023_las_vegas_R.csv,99.516
GAS,10,Alpine,10.0,0 days 00:01:39.005000,1.0,MEDIUM,10.0,0 days 00:33:31.325000,1,True,18.1,18.1,47.0,939.9,False,2.7,216,laps_2023_las_vegas_R.csv,99.005
ALB,23,Williams,10.0,0 days 00:01:40.097000,1.0,MEDIUM,10.0,0 days 00:33:32.712000,1,True,18.1,18.1,47.0,939.9,False,2.7,216,laps_2023_las_vegas_R.csv,100.097
SAR,2,Williams,10.0,0 days 00:01:40.171000,1.0,MEDIUM,10.0,0 days 00:33:33.629000,1,True,18.1,18.1,47.0,939.9,False,2.7,216,laps_2023_las_vegas_R.csv,100.171
OCO,31,Alpine,10.0,0 days 00:01:39.728000,1.0,MEDIUM,10.0,0 days 00:33:35.558000,1,True,18.1,18.1,47.0,939.9,False,2.7,216,laps_2023_las_vegas_R.csv,99.728
MAG,20,Haas F1 Team,10.0,0 days 00:01:41.089000,1.0,MEDIUM,10.0,0 days 00:33:36.220000,1,True,18.1,18.1,47.0,939.9,False,2.7,216,laps_2023_las_vegas_R.csv,101.089
PIA,81,McLaren,10.0,0 days 00:01:40.348000,1.0,HARD,11.0,0 days 00:33:36.313000,1,True,18.1,18.1,47.0,939.9,False,2.7,216,laps_2023_las_vegas_R.csv,100.348
HUL,27,Haas F1 Team,10.0,0 days 00:01:41.668000,1.0,MEDIUM,10.0,0 days 00:33:37.193000,1,True,18.1,18.0,48.0,939.9,False,2.5,224,laps_2023_las_vegas_R.csv,101.668
HAM,44,Mercedes,10.0,0 days 00:01:40.110000,1.0,HARD,10.0,0 days 00:33:37.391000,1,True,18.1,18.0,48.0,939.9,False,2.5,224,laps_2023_las_vegas_R.csv,100.11
ZHO,24,Alfa Romeo,10.0,0 days 00:01:39.733000,1.0,HARD,10.0,0 days 00:33:40.047000,1,True,18.1,18.0,48.0,939.9,False,2.5,224,laps_2023_las_vegas_R.csv,99.733
RIC,3,AlphaTauri,10.0,0 days 00:01:41.588000,1.0,MEDIUM,10.0,0 days 00:33:40.581000,1,True,18.1,18.0,48.0,939.9,False,2.5,224,laps_2023_las_vegas_R.csv,101.588
STR,18,Aston Martin,10.0,0 days 00:01:42.360000,2.0,HARD,8.0,0 days 00:33:40.952000,1,True,18.1,18.0,48.0,939.9,False,2.5,224,laps_2023_las_vegas_R.csv,102.36
PER,11,Red Bull,10.0,0 days 00:01:41.988000,2.0,HARD,9.0,0 days 00:33:41.108000,1,True,18.1,18.0,48.0,939.9,False,2.5,224,laps_2023_las_vegas_R.csv,101.988
ALO,14,Aston Martin,10.0,0 days 00:01:41.680000,2.0,HARD,10.0,0 days 00:33:41.926000,1,True,18.1,18.0,48.0,939.9,False,2.5,224,laps_2023_las_vegas_R.csv,101.68
SAI,55,Ferrari,10.0,0 days 00:01:41.345000,2.0,HARD,7.0,0 days 00:33:42.487000,1,True,18.1,18.0,48.0,939.9,False,2.5,224,laps_2023_las_vegas_R.csv,101.345
BOT,77,Alfa Romeo,10.0,0 days 00:01:41.854000,2.0,HARD,9.0,0 days 00:33:45.447000,1,True,18.1,18.0,48.0,939.9,False,2.5,224,laps_2023_las_vegas_R.csv,101.854
VER,1,Red Bull,11.0,0 days 00:01:38.763000,1.0,MEDIUM,11.0,0 days 00:35:06.654000,1,True,18.1,17.9,48.0,940.0,False,2.7,234,laps_2023_las_vegas_R.csv,98.763
LEC,16,Ferrari,11.0,0 days 00:01:38.843000,1.0,MEDIUM,11.0,0 days 00:35:08.483000,1,True,18.1,17.9,48.0,940.0,False,2.7,234,laps_2023_las_vegas_R.csv,98.843
RUS,63,Mercedes,11.0,0 days 00:01:39.110000,1.0,MEDIUM,11.0,0 days 00:35:10.058000,1,True,18.1,17.9,48.0,940.0,False,2.7,234,laps_2023_las_vegas_R.csv,99.11
GAS,10,Alpine,11.0,0 days 00:01:39.446000,1.0,MEDIUM,11.0,0 days 00:35:10.330000,1,True,18.1,17.9,48.0,940.0,False,2.7,234,laps_2023_las_vegas_R.csv,99.446
ALB,23,Williams,11.0,0 days 00:01:39.964000,1.0,MEDIUM,11.0,0 days 00:35:12.809000,1,True,18.1,17.9,48.0,940.0,False,2.7,234,laps_2023_las_vegas_R.csv,99.964
SAR,2,Williams,11.0,0 days 00:01:39.887000,1.0,MEDIUM,11.0,0 days 00:35:13.800000,1,True,18.1,17.9,48.0,940.0,False,2.7,234,laps_2023_las_vegas_R.csv,99.887
OCO,31,Alpine,11.0,0 days 00:01:39.513000,1.0,MEDIUM,11.0,0 days 00:35:15.286000,1,True,18.1,17.9,48.0,940.0,False,2.7,234,laps_2023_las_vegas_R.csv,99.513
PIA,81,McLaren,11.0,0 days 00:01:40.003000,1.0,HARD,12.0,0 days 00:35:16.661000,1,True,18.1,17.9,48.0,940.0,False,2.7,234,laps_2023_las_vegas_R.csv,100.003
MAG,20,Haas F1 Team,11.0,0 days 00:01:40.803000,1.0,MEDIUM,11.0,0 days 00:35:17.309000,1,True,18.1,17.9,48.0,940.0,False,2.7,234,laps_2023_las_vegas_R.csv,100.803
HAM,44,Mercedes,11.0,0 days 00:01:40.111000,1.0,HARD,11.0,0 days 00:35:17.501000,1,True,18.1,17.9,48.0,940.0,False,2.7,234,laps_2023_las_vegas_R.csv,100.111
HUL,27,Haas F1 Team,11.0,0 days 00:01:41.921000,1.0,MEDIUM,11.0,0 days 00:35:18.861000,1,True,18.1,17.9,48.0,940.0,False,2.7,234,laps_2023_las_vegas_R.csv,101.921
ZHO,24,Alfa Romeo,11.0,0 days 00:01:40.064000,1.0,HARD,11.0,0 days 00:35:19.780000,1,True,18.1,17.9,48.0,940.0,False,2.7,234,laps_2023_las_vegas_R.csv,100.064
RIC,3,AlphaTauri,11.0,0 days 00:01:40.862000,1.0,MEDIUM,11.0,0 days 00:35:22.169000,1,True,18.1,17.9,48.0,940.0,False,2.7,234,laps_2023_las_vegas_R.csv,100.862
PER,11,Red Bull,11.0,0 days 00:01:39.311000,2.0,HARD,10.0,0 days 00:35:23.096000,1,True,18.1,17.9,48.0,940.0,False,2.7,234,laps_2023_las_vegas_R.csv,99.311
STR,18,Aston Martin,11.0,0 days 00:01:40.009000,2.0,HARD,9.0,0 days 00:35:23.312000,1,True,18.1,17.9,48.0,940.0,False,2.7,234,laps_2023_las_vegas_R.csv,100.009
ALO,14,Aston Martin,11.0,0 days 00:01:40.779000,2.0,HARD,11.0,0 days 00:35:23.606000,1,True,18.1,17.9,48.0,940.0,False,2.7,234,laps_2023_las_vegas_R.csv,100.779
SAI,55,Ferrari,11.0,0 days 00:01:39.953000,2.0,HARD,8.0,0 days 00:35:23.832000,1,True,18.1,17.9,48.0,940.0,False,2.7,234,laps_2023_las_vegas_R.csv,99.953
BOT,77,Alfa Romeo,11.0,0 days 00:01:40.763000,2.0,HARD,10.0,0 days 00:35:27.301000,1,True,18.1,17.9,48.0,940.0,False,2.7,234,laps_2023_las_vegas_R.csv,100.763
VER,1,Red Bull,12.0,0 days 00:01:38.773000,1.0,MEDIUM,12.0,0 days 00:36:45.417000,1,True,18.1,17.8,48.0,939.9,False,2.5,228,laps_2023_las_vegas_R.csv,98.773
LEC,16,Ferrari,12.0,0 days 00:01:38.955000,1.0,MEDIUM,12.0,0 days 00:36:47.326000,1,True,18.1,17.8,48.0,939.9,False,2.5,228,laps_2023_las_vegas_R.csv,98.955
RUS,63,Mercedes,12.0,0 days 00:01:38.779000,1.0,MEDIUM,12.0,0 days 00:36:49.168000,1,True,18.1,17.8,48.0,939.9,False,2.5,228,laps_2023_las_vegas_R.csv,98.779
GAS,10,Alpine,12.0,0 days 00:01:39.088000,1.0,MEDIUM,12.0,0 days 00:36:49.776000,1,True,18.1,17.8,48.0,939.9,False,2.5,228,laps_2023_las_vegas_R.csv,99.088
ALB,23,Williams,12.0,0 days 00:01:39.283000,1.0,MEDIUM,12.0,0 days 00:36:52.773000,1,True,18.1,17.8,48.0,939.9,False,2.5,228,laps_2023_las_vegas_R.csv,99.283
SAR,2,Williams,12.0,0 days 00:01:39.357000,1.0,MEDIUM,12.0,0 days 00:36:53.687000,1,True,18.1,17.8,48.0,939.9,False,2.5,228,laps_2023_las_vegas_R.csv,99.357
OCO,31,Alpine,12.0,0 days 00:01:39.349000,1.0,MEDIUM,12.0,0 days 00:36:54.799000,1,True,18.1,17.8,48.0,939.9,False,2.5,228,laps_2023_las_vegas_R.csv,99.349
PIA,81,McLaren,12.0,0 days 00:01:39.030000,1.0,HARD,13.0,0 days 00:36:56.664000,1,True,18.1,17.8,48.0,939.9,False,2.5,228,laps_2023_las_vegas_R.csv,99.03
HAM,44,Mercedes,12.0,0 days 00:01:38.900000,1.0,HARD,12.0,0 days 00:36:57.612000,1,True,18.1,17.8,48.0,939.9,False,2.5,228,laps_2023_las_vegas_R.csv,98.9
MAG,20,Haas F1 Team,12.0,0 days 00:01:39.917000,1.0,MEDIUM,12.0,0 days 00:36:58.112000,1,True,18.1,17.8,48.0,939.9,False,2.5,228,laps_2023_las_vegas_R.csv,99.917
ZHO,24,Alfa Romeo,12.0,0 days 00:01:39.655000,1.0,HARD,12.0,0 days 00:36:59.844000,1,True,18.1,17.8,48.0,939.9,False,2.5,228,laps_2023_las_vegas_R.csv,99.655
PER,11,Red Bull,12.0,0 days 00:01:39.174000,2.0,HARD,11.0,0 days 00:37:02.407000,1,True,18.1,17.8,48.0,939.9,False,2.5,228,laps_2023_las_vegas_R.csv,99.174
RIC,3,AlphaTauri,12.0,0 days 00:01:40.804000,1.0,MEDIUM,12.0,0 days 00:37:03.031000,1,True,18.1,17.8,48.0,939.9,False,2.5,228,laps_2023_las_vegas_R.csv,100.804
STR,18,Aston Martin,12.0,0 days 00:01:39.732000,2.0,HARD,10.0,0 days 00:37:03.321000,1,True,18.1,17.8,48.0,939.9,False,2.5,228,laps_2023_las_vegas_R.csv,99.732
SAI,55,Ferrari,12.0,0 days 00:01:40.232000,2.0,HARD,9.0,0 days 00:37:03.785000,1,True,18.1,17.8,48.0,939.9,False,2.5,228,laps_2023_las_vegas_R.csv,100.232
ALO,14,Aston Martin,12.0,0 days 00:01:40.034000,2.0,HARD,12.0,0 days 00:37:04.385000,1,True,18.1,17.8,48.0,939.9,False,2.5,228,laps_2023_las_vegas_R.csv,100.034
BOT,77,Alfa Romeo,12.0,0 days 00:01:40.510000,2.0,HARD,11.0,0 days 00:37:08.064000,1,True,18.1,17.8,48.0,939.9,False,2.5,228,laps_2023_las_vegas_R.csv,100.51
TSU,22,AlphaTauri,12.0,0 days 00:01:40.181000,2.0,MEDIUM,2.0,0 days 00:37:27.328000,1,True,18.1,17.8,48.0,939.9,False,2.5,228,laps_2023_las_vegas_R.csv,100.181
VER,1,Red Bull,13.0,0 days 00:01:38.759000,1.0,MEDIUM,13.0,0 days 00:38:24.190000,1,True,18.1,17.8,48.0,939.9,False,2.0,190,laps_2023_las_vegas_R.csv,98.759
LEC,16,Ferrari,13.0,0 days 00:01:38.604000,1.0,MEDIUM,13.0,0 days 00:38:26.281000,1,True,18.1,17.8,48.0,939.9,False,2.0,190,laps_2023_las_vegas_R.csv,98.604
RUS,63,Mercedes,13.0,0 days 00:01:39.004000,1.0,MEDIUM,13.0,0 days 00:38:27.947000,1,True,18.1,17.8,48.0,939.9,False,2.0,190,laps_2023_las_vegas_R.csv,99.004
GAS,10,Alpine,13.0,0 days 00:01:39.410000,1.0,MEDIUM,13.0,0 days 00:38:28.864000,1,True,18.1,17.8,48.0,939.9,False,2.0,190,laps_2023_las_vegas_R.csv,99.41
ALB,23,Williams,13.0,0 days 00:01:39.733000,1.0,MEDIUM,13.0,0 days 00:38:32.056000,1,True,18.1,17.8,48.0,939.9,False,2.0,190,laps_2023_las_vegas_R.csv,99.733
SAR,2,Williams,13.0,0 days 00:01:39.693000,1.0,MEDIUM,13.0,0 days 00:38:33.044000,1,True,18.1,17.8,48.0,939.9,False,2.0,190,laps_2023_las_vegas_R.csv,99.693
OCO,31,Alpine,13.0,0 days 00:01:39.263000,1.0,MEDIUM,13.0,0 days 00:38:34.148000,1,True,18.1,17.8,48.0,939.9,False,2.0,190,laps_2023_las_vegas_R.csv,99.263
PIA,81,McLaren,13.0,0 days 00:01:38.635000,1.0,HARD,14.0,0 days 00:38:35.694000,1,True,18.1,17.8,48.0,939.9,False,2.0,190,laps_2023_las_vegas_R.csv,98.635
HAM,44,Mercedes,13.0,0 days 00:01:38.495000,1.0,HARD,13.0,0 days 00:38:36.512000,1,True,18.1,17.8,48.0,939.9,False,2.0,190,laps_2023_las_vegas_R.csv,98.495
MAG,20,Haas F1 Team,13.0,0 days 00:01:39.792000,1.0,MEDIUM,13.0,0 days 00:38:38.029000,1,True,18.1,17.8,49.0,939.9,False,0.8,235,laps_2023_las_vegas_R.csv,99.792
ZHO,24,Alfa Romeo,13.0,0 days 00:01:39.466000,1.0,HARD,13.0,0 days 00:38:39.499000,1,True,18.1,17.8,49.0,939.9,False,0.8,235,laps_2023_las_vegas_R.csv,99.466
PER,11,Red Bull,13.0,0 days 00:01:38.319000,2.0,HARD,12.0,0 days 00:38:41.581000,1,True,18.1,17.8,49.0,939.9,False,0.8,235,laps_2023_las_vegas_R.csv,98.319
STR,18,Aston Martin,13.0,0 days 00:01:39.056000,2.0,HARD,11.0,0 days 00:38:43.053000,1,True,18.1,17.8,49.0,939.9,False,0.8,235,laps_2023_las_vegas_R.csv,99.056
RIC,3,AlphaTauri,13.0,0 days 00:01:41.959000,1.0,MEDIUM,13.0,0 days 00:38:43.835000,1,True,18.1,17.8,49.0,939.9,False,0.8,235,laps_2023_las_vegas_R.csv,101.959
SAI,55,Ferrari,13.0,0 days 00:01:39.737000,2.0,HARD,10.0,0 days 00:38:44.017000,1,True,18.1,17.8,49.0,939.9,False,0.8,235,laps_2023_las_vegas_R.csv,99.737
ALO,14,Aston Martin,13.0,0 days 00:01:40.409000,2.0,HARD,13.0,0 days 00:38:44.419000,1,True,18.1,17.8,49.0,939.9,False,0.8,235,laps_2023_las_vegas_R.csv,100.409
BOT,77,Alfa Romeo,13.0,0 days 00:01:40.263000,2.0,HARD,12.0,0 days 00:38:48.574000,1,True,18.1,17.8,49.0,939.9,False,0.8,235,laps_2023_las_vegas_R.csv,100.263
TSU,22,AlphaTauri,13.0,0 days 00:01:39.928000,2.0,MEDIUM,3.0,0 days 00:39:07.509000,1,True,18.1,17.8,49.0,939.9,False,0.8,235,laps_2023_las_vegas_R.csv,99.928
VER,1,Red Bull,14.0,0 days 00:01:38.942000,1.0,MEDIUM,14.0,0 days 00:40:02.949000,12,True,18.2,17.9,48.0,939.9,False,1.7,255,laps_2023_las_vegas_R.csv,98.942
LEC,16,Ferrari,14.0,0 days 00:01:38.489000,1.0,MEDIUM,14.0,0 days 00:40:04.885000,12,True,18.2,17.9,48.0,939.9,False,1.7,255,laps_2023_las_vegas_R.csv,98.489
RUS,63,Mercedes,14.0,0 days 00:01:39.134000,1.0,MEDIUM,14.0,0 days 00:40:06.951000,12,True,18.2,17.9,48.0,939.9,False,1.7,255,laps_2023_las_vegas_R.csv,99.134
GAS,10,Alpine,14.0,0 days 00:01:39.776000,1.0,MEDIUM,14.0,0 days 00:40:08.274000,12,True,18.2,17.9,48.0,939.9,False,1.7,255,laps_2023_las_vegas_R.csv,99.776
ALB,23,Williams,14.0,0 days 00:01:40.042000,1.0,MEDIUM,14.0,0 days 00:40:11.789000,12,True,18.2,17.9,48.0,939.9,False,1.7,255,laps_2023_las_vegas_R.csv,100.042
SAR,2,Williams,14.0,0 days 00:01:42.164000,1.0,MEDIUM,14.0,0 days 00:40:12.737000,12,True,18.2,17.9,48.0,939.9,False,1.7,255,laps_2023_las_vegas_R.csv,102.164
OCO,31,Alpine,14.0,0 days 00:01:39.513000,1.0,MEDIUM,14.0,0 days 00:40:13.411000,12,True,18.2,17.9,48.0,939.9,False,1.7,255,laps_2023_las_vegas_R.csv,99.513
PIA,81,McLaren,14.0,0 days 00:01:39.735000,1.0,HARD,15.0,0 days 00:40:14.329000,12,True,18.2,17.9,48.0,939.9,False,1.7,255,laps_2023_las_vegas_R.csv,99.735
HAM,44,Mercedes,14.0,0 days 00:01:39.632000,1.0,HARD,14.0,0 days 00:40:15.007000,12,True,18.2,17.9,48.0,939.9,False,1.7,255,laps_2023_las_vegas_R.csv,99.632
ZHO,24,Alfa Romeo,14.0,0 days 00:01:40.693000,1.0,HARD,14.0,0 days 00:40:18.965000,12,True,18.2,17.9,48.0,939.9,False,1.7,255,laps_2023_las_vegas_R.csv,100.693
PER,11,Red Bull,14.0,0 days 00:01:39.335000,2.0,HARD,13.0,0 days 00:40:19.900000,12,True,18.2,17.9,48.0,939.9,False,1.7,255,laps_2023_las_vegas_R.csv,99.335
STR,18,Aston Martin,14.0,0 days 00:01:38.799000,2.0,HARD,12.0,0 days 00:40:22.109000,12,True,18.2,17.9,48.0,939.9,False,1.7,255,laps_2023_las_vegas_R.csv,98.799
SAI,55,Ferrari,14.0,0 days 00:01:38.190000,2.0,HARD,11.0,0 days 00:40:23.754000,12,True,18.2,17.9,48.0,939.9,False,1.7,255,laps_2023_las_vegas_R.csv,98.19
ALO,14,Aston Martin,14.0,0 days 00:01:37.964000,2.0,HARD,14.0,0 days 00:40:24.828000,12,True,18.2,17.9,48.0,939.9,False,1.7,255,laps_2023_las_vegas_R.csv,97.964
RIC,3,AlphaTauri,14.0,0 days 00:01:40.871000,1.0,MEDIUM,14.0,0 days 00:40:25.794000,12,True,18.2,17.9,48.0,939.9,False,1.7,255,laps_2023_las_vegas_R.csv,100.871
BOT,77,Alfa Romeo,14.0,0 days 00:01:43.971000,2.0,HARD,13.0,0 days 00:40:28.837000,12,True,18.2,17.9,48.0,939.9,False,1.7,255,laps_2023_las_vegas_R.csv,103.971
HUL,27,Haas F1 Team,14.0,0 days 00:01:39.472000,2.0,HARD,2.0,0 days 00:40:43.997000,12,True,18.2,17.9,48.0,939.9,False,2.7,232,laps_2023_las_vegas_R.csv,99.472
TSU,22,AlphaTauri,14.0,0 days 00:01:40.334000,2.0,MEDIUM,4.0,0 days 00:40:47.437000,12,True,18.2,17.9,48.0,939.9,False,2.7,232,laps_2023_las_vegas_R.csv,100.334
VER,1,Red Bull,15.0,0 days 00:01:39.477000,1.0,MEDIUM,15.0,0 days 00:41:41.891000,1,True,18.2,17.9,48.0,939.9,False,2.2,233,laps_2023_las_vegas_R.csv,99.477
LEC,16,Ferrari,15.0,0 days 00:01:38.587000,1.0,MEDIUM,15.0,0 days 00:41:43.374000,1,True,18.2,17.9,48.0,939.9,False,2.2,233,laps_2023_las_vegas_R.csv,98.587
GAS,10,Alpine,15.0,0 days 00:01:40.333000,1.0,MEDIUM,15.0,0 days 00:41:48.050000,1,True,18.2,17.9,48.0,939.9,False,2.2,233,laps_2023_las_vegas_R.csv,100.333
ALB,23,Williams,15.0,0 days 00:01:40.515000,1.0,MEDIUM,15.0,0 days 00:41:51.831000,1,True,18.2,17.9,48.0,939.9,False,2.2,233,laps_2023_las_vegas_R.csv,100.515
OCO,31,Alpine,15.0,0 days 00:01:39.685000,1.0,MEDIUM,15.0,0 days 00:41:52.924000,1,True,18.2,17.9,48.0,939.9,False,2.2,233,laps_2023_las_vegas_R.csv,99.685
PIA,81,McLaren,15.0,0 days 00:01:39.352000,1.0,HARD,16.0,0 days 00:41:54.064000,1,True,18.2,17.9,48.0,939.9,False,2.2,233,laps_2023_las_vegas_R.csv,99.352
HAM,44,Mercedes,15.0,0 days 00:01:39.032000,1.0,HARD,15.0,0 days 00:41:54.639000,1,True,18.2,17.9,48.0,939.9,False,2.2,233,laps_2023_las_vegas_R.csv,99.032
PER,11,Red Bull,15.0,0 days 00:01:38.223000,2.0,HARD,14.0,0 days 00:41:59.235000,1,True,18.2,17.9,48.0,939.9,False,2.2,233,laps_2023_las_vegas_R.csv,98.223
ZHO,24,Alfa Romeo,15.0,0 days 00:01:41.206000,1.0,HARD,15.0,0 days 00:41:59.658000,1,True,18.2,17.9,48.0,939.9,False,2.2,233,laps_2023_las_vegas_R.csv,101.206
STR,18,Aston Martin,15.0,0 days 00:01:39.566000,2.0,HARD,13.0,0 days 00:42:00.908000,1,True,18.2,17.9,48.0,939.9,False,2.2,233,laps_2023_las_vegas_R.csv,99.566
SAI,55,Ferrari,15.0,0 days 00:01:39.005000,2.0,HARD,12.0,0 days 00:42:01.944000,1,True,18.2,17.9,48.0,939.9,False,2.2,233,laps_2023_las_vegas_R.csv,99.005
ALO,14,Aston Martin,15.0,0 days 00:01:38.547000,2.0,HARD,15.0,0 days 00:42:02.792000,1,True,18.2,17.9,48.0,939.9,False,2.2,233,laps_2023_las_vegas_R.csv,98.547
RIC,3,AlphaTauri,15.0,0 days 00:01:40.286000,1.0,MEDIUM,15.0,0 days 00:42:06.665000,1,True,18.2,17.9,48.0,939.9,False,2.2,233,laps_2023_las_vegas_R.csv,100.286
BOT,77,Alfa Romeo,15.0,0 days 00:01:40.728000,2.0,HARD,14.0,0 days 00:42:12.808000,1,True,18.2,17.9,48.0,939.9,False,2.2,233,laps_2023_las_vegas_R.csv,100.728
HUL,27,Haas F1 Team,15.0,0 days 00:01:38.701000,2.0,HARD,3.0,0 days 00:42:23.469000,1,True,18.2,17.9,48.0,939.9,False,2.2,233,laps_2023_las_vegas_R.csv,98.701
TSU,22,AlphaTauri,15.0,0 days 00:01:39.865000,2.0,MEDIUM,5.0,0 days 00:42:27.771000,1,True,18.2,17.9,48.0,939.9,False,2.2,233,laps_2023_las_vegas_R.csv,99.865
LEC,16,Ferrari,16.0,0 days 00:01:39.488000,1.0,MEDIUM,16.0,0 days 00:43:21.961000,1,True,18.2,17.9,48.0,939.9,False,2.2,255,laps_2023_las_vegas_R.csv,99.488
GAS,10,Alpine,16.0,0 days 00:01:40.814000,1.0,MEDIUM,16.0,0 days 00:43:28.383000,1,True,18.2,17.9,48.0,939.9,False,2.2,255,laps_2023_las_vegas_R.csv,100.814
OCO,31,Alpine,16.0,0 days 00:01:40.191000,1.0,MEDIUM,16.0,0 days 00:43:32.609000,1,True,18.2,17.9,48.0,939.9,False,2.2,255,laps_2023_las_vegas_R.csv,100.191
HAM,44,Mercedes,16.0,0 days 00:01:41.242000,1.0,HARD,16.0,0 days 00:43:33.671000,1,True,18.2,17.9,48.0,939.9,False,2.2,255,laps_2023_las_vegas_R.csv,101.242
PER,11,Red Bull,16.0,0 days 00:01:38.123000,2.0,HARD,15.0,0 days 00:43:37.458000,1,True,18.2,17.9,48.0,939.9,False,2.2,243,laps_2023_las_vegas_R.csv,98.123
STR,18,Aston Martin,16.0,0 days 00:01:38.701000,2.0,HARD,14.0,0 days 00:43:40.474000,1,True,18.2,17.9,48.0,939.9,False,2.2,243,laps_2023_las_vegas_R.csv,98.701
ZHO,24,Alfa Romeo,16.0,0 days 00:01:41.027000,1.0,HARD,16.0,0 days 00:43:40.864000,1,True,18.2,17.9,48.0,939.9,False,2.2,243,laps_2023_las_vegas_R.csv,101.027
SAI,55,Ferrari,16.0,0 days 00:01:40.182000,2.0,HARD,13.0,0 days 00:43:40.949000,1,True,18.2,17.9,48.0,939.9,False,2.2,243,laps_2023_las_vegas_R.csv,100.182
ALO,14,Aston Martin,16.0,0 days 00:01:41.693000,2.0,HARD,16.0,0 days 00:43:41.339000,1,True,18.2,17.9,48.0,939.9,False,2.2,243,laps_2023_las_vegas_R.csv,101.693
RIC,3,AlphaTauri,16.0,0 days 00:01:41.222000,1.0,MEDIUM,16.0,0 days 00:43:46.951000,1,True,18.2,17.9,48.0,939.9,False,2.2,243,laps_2023_las_vegas_R.csv,101.222
BOT,77,Alfa Romeo,16.0,0 days 00:01:40.774000,2.0,HARD,15.0,0 days 00:43:53.536000,1,True,18.2,17.9,48.0,939.9,False,2.2,243,laps_2023_las_vegas_R.csv,100.774
MAG,20,Haas F1 Team,16.0,0 days 00:01:39.935000,2.0,HARD,2.0,0 days 00:43:59.893000,1,True,18.2,17.9,48.0,939.9,False,2.2,243,laps_2023_las_vegas_R.csv,99.935
HUL,27,Haas F1 Team,16.0,0 days 00:01:38.635000,2.0,HARD,4.0,0 days 00:44:02.170000,1,True,18.2,17.9,48.0,939.9,False,2.2,243,laps_2023_las_vegas_R.csv,98.635
TSU,22,AlphaTauri,16.0,0 days 00:01:39.895000,2.0,MEDIUM,6.0,0 days 00:44:07.636000,1,True,18.2,17.9,48.0,939.9,False,2.2,243,laps_2023_las_vegas_R.csv,99.895
LEC,16,Ferrari,17.0,0 days 00:01:38.107000,1.0,MEDIUM,17.0,0 days 00:45:01.449000,1,True,18.1,17.9,48.0,939.9,False,2.0,242,laps_2023_las_vegas_R.csv,98.107
OCO,31,Alpine,17.0,0 days 00:01:40.080000,1.0,MEDIUM,17.0,0 days 00:45:12.800000,1,True,18.1,17.9,48.0,939.9,False,2.0,242,laps_2023_las_vegas_R.csv,100.08
PER,11,Red Bull,17.0,0 days 00:01:38.568000,2.0,HARD,16.0,0 days 00:45:15.581000,1,True,18.1,17.9,48.0,939.9,False,2.0,242,laps_2023_las_vegas_R.csv,98.568
STR,18,Aston Martin,17.0,0 days 00:01:39.372000,2.0,HARD,15.0,0 days 00:45:19.175000,1,True,18.1,17.9,48.0,939.9,False,2.0,242,laps_2023_las_vegas_R.csv,99.372
SAI,55,Ferrari,17.0,0 days 00:01:40.347000,2.0,HARD,14.0,0 days 00:45:21.131000,1,True,18.1,17.9,48.0,939.9,False,2.0,242,laps_2023_las_vegas_R.csv,100.347
ZHO,24,Alfa Romeo,17.0,0 days 00:01:40.336000,1.0,HARD,17.0,0 days 00:45:21.891000,1,True,18.1,17.9,48.0,939.9,False,2.0,242,laps_2023_las_vegas_R.csv,100.336
ALO,14,Aston Martin,17.0,0 days 00:01:40.083000,2.0,HARD,17.0,0 days 00:45:23.032000,1,True,18.1,17.9,48.0,939.9,False,2.0,242,laps_2023_las_vegas_R.csv,100.083
RUS,63,Mercedes,17.0,0 days 00:01:38.779000,2.0,HARD,2.0,0 days 00:45:25.661000,1,True,18.1,17.9,48.0,939.9,False,2.0,242,laps_2023_las_vegas_R.csv,98.779
BOT,77,Alfa Romeo,17.0,0 days 00:01:41.697000,2.0,HARD,16.0,0 days 00:45:34.310000,1,True,18.1,17.9,48.0,939.9,False,2.0,242,laps_2023_las_vegas_R.csv,101.697
SAR,2,Williams,17.0,0 days 00:01:39.945000,2.0,HARD,2.0,0 days 00:45:38.197000,1,True,18.2,17.9,48.0,939.9,False,2.2,239,laps_2023_las_vegas_R.csv,99.945
MAG,20,Haas F1 Team,17.0,0 days 00:01:39.801000,2.0,HARD,3.0,0 days 00:45:39.828000,1,True,18.2,17.9,48.0,939.9,False,2.2,239,laps_2023_las_vegas_R.csv,99.801
HUL,27,Haas F1 Team,17.0,0 days 00:01:39.844000,2.0,HARD,5.0,0 days 00:45:40.805000,1,True,18.2,17.9,48.0,939.9,False,2.2,239,laps_2023_las_vegas_R.csv,99.844
TSU,22,AlphaTauri,17.0,0 days 00:01:40.142000,2.0,MEDIUM,7.0,0 days 00:45:47.531000,1,True,18.2,17.9,48.0,939.9,False,2.2,239,laps_2023_las_vegas_R.csv,100.142
LEC,16,Ferrari,18.0,0 days 00:01:38.994000,1.0,MEDIUM,18.0,0 days 00:46:39.556000,1,True,18.1,17.9,48.0,940.0,False,2.7,226,laps_2023_las_vegas_R.csv,98.994
OCO,31,Alpine,18.0,0 days 00:01:40.701000,1.0,MEDIUM,18.0,0 days 00:46:52.880000,1,True,18.1,17.9,48.0,940.0,False,2.7,226,laps_2023_las_vegas_R.csv,100.701
PER,11,Red Bull,18.0,0 days 00:01:38.766000,2.0,HARD,17.0,0 days 00:46:54.149000,1,True,18.1,17.9,48.0,940.0,False,2.7,226,laps_2023_las_vegas_R.csv,98.766
STR,18,Aston Martin,18.0,0 days 00:01:38.919000,2.0,HARD,16.0,0 days 00:46:58.547000,1,True,18.1,17.9,48.0,940.0,False,2.7,226,laps_2023_las_vegas_R.csv,98.919
SAI,55,Ferrari,18.0,0 days 00:01:39.125000,2.0,HARD,15.0,0 days 00:47:01.478000,1,True,18.1,17.9,48.0,940.0,False,2.7,226,laps_2023_las_vegas_R.csv,99.125
ZHO,24,Alfa Romeo,18.0,0 days 00:01:40.913000,1.0,HARD,18.0,0 days 00:47:02.227000,1,True,18.1,17.9,48.0,940.0,False,2.7,226,laps_2023_las_vegas_R.csv,100.913
ALO,14,Aston Martin,18.0,0 days 00:01:39.603000,2.0,HARD,18.0,0 days 00:47:03.115000,1,True,18.1,17.9,48.0,940.0,False,2.7,226,laps_2023_las_vegas_R.csv,99.603
RUS,63,Mercedes,18.0,0 days 00:01:39.001000,2.0,HARD,3.0,0 days 00:47:04.440000,1,True,18.1,17.9,48.0,940.0,False,2.7,226,laps_2023_las_vegas_R.csv,99.001
VER,1,Red Bull,18.0,0 days 00:01:38.348000,2.0,HARD,2.0,0 days 00:47:08.113000,1,True,18.1,17.9,48.0,940.0,False,2.7,226,laps_2023_las_vegas_R.csv,98.348
ALB,23,Williams,18.0,0 days 00:01:39.548000,2.0,HARD,2.0,0 days 00:47:15.372000,1,True,18.1,17.9,48.0,940.0,False,2.7,226,laps_2023_las_vegas_R.csv,99.548
BOT,77,Alfa Romeo,18.0,0 days 00:01:40.860000,2.0,HARD,17.0,0 days 00:47:16.007000,1,True,18.1,17.9,48.0,940.0,False,2.7,226,laps_2023_las_vegas_R.csv,100.86
SAR,2,Williams,18.0,0 days 00:01:40.132000,2.0,HARD,3.0,0 days 00:47:18.142000,1,True,18.1,17.9,48.0,940.0,False,2.7,226,laps_2023_las_vegas_R.csv,100.132
PIA,81,McLaren,18.0,0 days 00:01:38.612000,2.0,HARD,3.0,0 days 00:47:19.016000,1,True,18.1,17.9,48.0,940.0,False,2.7,226,laps_2023_las_vegas_R.csv,98.612
MAG,20,Haas F1 Team,18.0,0 days 00:01:39.935000,2.0,HARD,4.0,0 days 00:47:19.629000,1,True,18.1,17.9,48.0,940.0,False,2.7,226,laps_2023_las_vegas_R.csv,99.935
HUL,27,Haas F1 Team,18.0,0 days 00:01:41.015000,2.0,HARD,6.0,0 days 00:47:20.649000,1,True,18.1,17.9,48.0,940.0,False,2.7,226,laps_2023_las_vegas_R.csv,101.015
TSU,22,AlphaTauri,18.0,0 days 00:01:40.171000,2.0,MEDIUM,8.0,0 days 00:47:27.673000,1,True,18.1,17.9,48.0,940.0,False,2.7,226,laps_2023_las_vegas_R.csv,100.171
LEC,16,Ferrari,19.0,0 days 00:01:38.518000,1.0,MEDIUM,19.0,0 days 00:48:18.550000,1,True,18.1,17.8,48.0,939.9,False,3.0,210,laps_2023_las_vegas_R.csv,98.518
PER,11,Red Bull,19.0,0 days 00:01:38.398000,2.0,HARD,18.0,0 days 00:48:32.915000,1,True,18.1,17.8,48.0,939.9,False,3.0,210,laps_2023_las_vegas_R.csv,98.398
OCO,31,Alpine,19.0,0 days 00:01:40.279000,1.0,MEDIUM,19.0,0 days 00:48:33.581000,1,True,18.1,17.8,48.0,939.9,False,3.0,210,laps_2023_las_vegas_R.csv,100.279
STR,18,Aston Martin,19.0,0 days 00:01:38.833000,2.0,HARD,17.0,0 days 00:48:37.466000,1,True,18.1,17.8,48.0,939.9,False,2.5,213,laps_2023_las_vegas_R.csv,98.833
SAI,55,Ferrari,19.0,0 days 00:01:39.027000,2.0,HARD,16.0,0 days 00:48:40.603000,1,True,18.1,17.8,48.0,939.9,False,2.5,213,laps_2023_las_vegas_R.csv,99.027
ALO,14,Aston Martin,19.0,0 days 00:01:39.256000,2.0,HARD,19.0,0 days 00:48:42.718000,1,True,18.1,17.8,48.0,939.9,False,2.5,213,laps_2023_las_vegas_R.csv,99.256
ZHO,24,Alfa Romeo,19.0,0 days 00:01:41.164000,1.0,HARD,19.0,0 days 00:48:43.140000,1,True,18.1,17.8,48.0,939.9,False,2.5,213,laps_2023_las_vegas_R.csv,101.164
RUS,63,Mercedes,19.0,0 days 00:01:40.094000,2.0,HARD,4.0,0 days 00:48:43.441000,1,True,18.1,17.8,48.0,939.9,False,2.5,213,laps_2023_las_vegas_R.csv,100.094
VER,1,Red Bull,19.0,0 days 00:01:38.335000,2.0,HARD,3.0,0 days 00:48:46.461000,1,True,18.1,17.8,48.0,939.9,False,2.5,213,laps_2023_las_vegas_R.csv,98.335
GAS,10,Alpine,19.0,0 days 00:01:39.315000,2.0,HARD,2.0,0 days 00:48:52.301000,1,True,18.1,17.8,48.0,939.9,False,2.5,213,laps_2023_las_vegas_R.csv,99.315
ALB,23,Williams,19.0,0 days 00:01:39.834000,2.0,HARD,3.0,0 days 00:48:54.920000,1,True,18.1,17.8,48.0,939.9,False,2.5,213,laps_2023_las_vegas_R.csv,99.834
BOT,77,Alfa Romeo,19.0,0 days 00:01:41.270000,2.0,HARD,18.0,0 days 00:48:56.867000,1,True,18.1,17.8,48.0,939.9,False,2.5,213,laps_2023_las_vegas_R.csv,101.27
PIA,81,McLaren,19.0,0 days 00:01:39.483000,2.0,HARD,4.0,0 days 00:48:57.628000,1,True,18.1,17.8,48.0,939.9,False,2.5,213,laps_2023_las_vegas_R.csv,99.483
SAR,2,Williams,19.0,0 days 00:01:40.113000,2.0,HARD,4.0,0 days 00:48:58.274000,1,True,18.1,17.8,48.0,939.9,False,2.5,213,laps_2023_las_vegas_R.csv,100.113
MAG,20,Haas F1 Team,19.0,0 days 00:01:39.880000,2.0,HARD,5.0,0 days 00:48:59.564000,1,True,18.1,17.8,48.0,939.9,False,2.5,213,laps_2023_las_vegas_R.csv,99.88
HUL,27,Haas F1 Team,19.0,0 days 00:01:40.471000,2.0,HARD,7.0,0 days 00:49:01.664000,1,True,18.1,17.8,48.0,939.9,False,2.5,213,laps_2023_las_vegas_R.csv,100.471
TSU,22,AlphaTauri,19.0,0 days 00:01:40.825000,2.0,MEDIUM,9.0,0 days 00:49:07.844000,1,True,18.1,17.8,48.0,939.9,False,2.5,213,laps_2023_las_vegas_R.csv,100.825
HAM,44,Mercedes,19.0,0 days 00:01:39.124000,2.0,MEDIUM,2.0,0 days 00:49:12.981000,1,True,18.1,17.8,48.0,939.9,False,2.5,213,laps_2023_las_vegas_R.csv,99.124
RIC,3,AlphaTauri,19.0,0 days 00:01:40.392000,2.0,HARD,2.0,0 days 00:49:13.698000,12,True,18.1,17.8,48.0,939.9,False,2.5,213,laps_2023_las_vegas_R.csv,100.392
LEC,16,Ferrari,20.0,0 days 00:01:39.056000,1.0,MEDIUM,20.0,0 days 00:49:57.068000,12,True,18.1,17.9,48.0,939.7,False,2.5,227,laps_2023_las_vegas_R.csv,99.056
PER,11,Red Bull,20.0,0 days 00:01:38.413000,2.0,HARD,19.0,0 days 00:50:11.313000,12,True,18.1,17.9,48.0,939.7,False,2.5,227,laps_2023_las_vegas_R.csv,98.413
STR,18,Aston Martin,20.0,0 days 00:01:39.953000,2.0,HARD,18.0,0 days 00:50:16.299000,12,True,18.1,17.9,48.0,939.7,False,2.5,227,laps_2023_las_vegas_R.csv,99.953
SAI,55,Ferrari,20.0,0 days 00:01:39.482000,2.0,HARD,17.0,0 days 00:50:19.630000,12,True,18.1,17.9,48.0,939.7,False,2.5,227,laps_2023_las_vegas_R.csv,99.482
ALO,14,Aston Martin,20.0,0 days 00:01:39.185000,2.0,HARD,20.0,0 days 00:50:21.974000,12,True,18.1,17.9,48.0,939.7,False,2.5,227,laps_2023_las_vegas_R.csv,99.185
RUS,63,Mercedes,20.0,0 days 00:01:38.679000,2.0,HARD,5.0,0 days 00:50:23.535000,12,True,18.1,17.9,48.0,939.7,False,2.5,227,laps_2023_las_vegas_R.csv,98.679
ZHO,24,Alfa Romeo,20.0,0 days 00:01:41.346000,1.0,HARD,20.0,0 days 00:50:24.304000,12,True,18.1,17.9,48.0,939.7,False,2.5,227,laps_2023_las_vegas_R.csv,101.346
VER,1,Red Bull,20.0,0 days 00:01:39.611000,2.0,HARD,4.0,0 days 00:50:24.796000,12,True,18.1,17.9,48.0,939.7,False,2.5,227,laps_2023_las_vegas_R.csv,99.611
GAS,10,Alpine,20.0,0 days 00:01:39.218000,2.0,HARD,3.0,0 days 00:50:31.616000,12,True,18.1,17.9,48.0,939.7,False,2.5,227,laps_2023_las_vegas_R.csv,99.218
ALB,23,Williams,20.0,0 days 00:01:39.309000,2.0,HARD,4.0,0 days 00:50:34.754000,12,True,18.1,17.9,48.0,939.7,False,2.5,227,laps_2023_las_vegas_R.csv,99.309
PIA,81,McLaren,20.0,0 days 00:01:38.066000,2.0,HARD,5.0,0 days 00:50:37.111000,12,True,18.0,17.9,48.0,939.9,False,2.2,238,laps_2023_las_vegas_R.csv,98.066
BOT,77,Alfa Romeo,20.0,0 days 00:01:40.753000,2.0,HARD,19.0,0 days 00:50:38.137000,12,True,18.0,17.9,48.0,939.9,False,2.2,238,laps_2023_las_vegas_R.csv,100.753
SAR,2,Williams,20.0,0 days 00:01:39.454000,2.0,HARD,5.0,0 days 00:50:38.387000,12,True,18.0,17.9,48.0,939.9,False,2.2,238,laps_2023_las_vegas_R.csv,99.454
MAG,20,Haas F1 Team,20.0,0 days 00:01:39.806000,2.0,HARD,6.0,0 days 00:50:39.444000,12,True,18.0,17.9,48.0,939.9,False,2.2,238,laps_2023_las_vegas_R.csv,99.806
HUL,27,Haas F1 Team,20.0,0 days 00:01:39.805000,2.0,HARD,8.0,0 days 00:50:42.135000,12,True,18.0,17.9,48.0,939.9,False,2.2,238,laps_2023_las_vegas_R.csv,99.805
TSU,22,AlphaTauri,20.0,0 days 00:01:41.259000,2.0,MEDIUM,10.0,0 days 00:50:48.669000,12,True,18.0,17.9,48.0,939.9,False,2.2,238,laps_2023_las_vegas_R.csv,101.259
HAM,44,Mercedes,20.0,0 days 00:01:39.124000,2.0,MEDIUM,3.0,0 days 00:50:52.105000,12,True,18.0,17.9,48.0,939.9,False,2.2,238,laps_2023_las_vegas_R.csv,99.124
RIC,3,AlphaTauri,20.0,0 days 00:01:39.730000,2.0,HARD,3.0,0 days 00:50:54.090000,21,True,18.0,17.9,48.0,939.9,False,2.2,238,laps_2023_las_vegas_R.csv,99.73
PER,11,Red Bull,21.0,0 days 00:01:38.347000,2.0,HARD,20.0,0 days 00:51:49.726000,1,True,18.0,17.9,48.0,939.9,False,3.2,231,laps_2023_las_vegas_R.csv,98.347
STR,18,Aston Martin,21.0,0 days 00:01:39.502000,2.0,HARD,19.0,0 days 00:51:56.252000,1,True,18.0,17.9,48.0,939.9,False,3.2,231,laps_2023_las_vegas_R.csv,99.502
SAI,55,Ferrari,21.0,0 days 00:01:39.339000,2.0,HARD,18.0,0 days 00:51:59.112000,1,True,18.0,17.9,48.0,939.9,False,3.2,231,laps_2023_las_vegas_R.csv,99.339
ALO,14,Aston Martin,21.0,0 days 00:01:39.602000,2.0,HARD,21.0,0 days 00:52:01.159000,1,True,18.0,17.9,48.0,939.9,False,3.2,231,laps_2023_las_vegas_R.csv,99.602
RUS,63,Mercedes,21.0,0 days 00:01:38.737000,2.0,HARD,6.0,0 days 00:52:02.214000,1,True,18.0,17.9,48.0,939.9,False,3.2,231,laps_2023_las_vegas_R.csv,98.737
VER,1,Red Bull,21.0,0 days 00:01:37.880000,2.0,HARD,5.0,0 days 00:52:04.407000,1,True,18.0,17.9,48.0,939.9,False,3.2,231,laps_2023_las_vegas_R.csv,97.88
ZHO,24,Alfa Romeo,21.0,0 days 00:01:40.203000,1.0,HARD,21.0,0 days 00:52:05.650000,1,True,18.0,17.9,48.0,939.9,False,3.2,231,laps_2023_las_vegas_R.csv,100.203
GAS,10,Alpine,21.0,0 days 00:01:38.774000,2.0,HARD,4.0,0 days 00:52:10.834000,1,True,18.0,17.9,48.0,939.9,False,3.2,231,laps_2023_las_vegas_R.csv,98.774
ALB,23,Williams,21.0,0 days 00:01:38.688000,2.0,HARD,5.0,0 days 00:52:14.063000,1,True,18.0,17.9,48.0,939.9,False,3.2,231,laps_2023_las_vegas_R.csv,98.688
PIA,81,McLaren,21.0,0 days 00:01:38.041000,2.0,HARD,6.0,0 days 00:52:15.177000,1,True,18.0,17.9,48.0,939.9,False,3.2,231,laps_2023_las_vegas_R.csv,98.041
SAR,2,Williams,21.0,0 days 00:01:39.362000,2.0,HARD,6.0,0 days 00:52:17.841000,1,True,18.0,17.9,48.0,939.9,False,3.2,231,laps_2023_las_vegas_R.csv,99.362
BOT,77,Alfa Romeo,21.0,0 days 00:01:42.145000,2.0,HARD,20.0,0 days 00:52:18.890000,1,True,18.0,17.9,48.0,939.9,False,3.2,231,laps_2023_las_vegas_R.csv,102.145
MAG,20,Haas F1 Team,21.0,0 days 00:01:39.878000,2.0,HARD,7.0,0 days 00:52:19.250000,1,True,18.0,17.9,48.0,939.9,False,3.2,231,laps_2023_las_vegas_R.csv,99.878
HUL,27,Haas F1 Team,21.0,0 days 00:01:39.869000,2.0,HARD,9.0,0 days 00:52:21.940000,1,True,18.0,17.9,48.0,939.9,False,3.2,231,laps_2023_las_vegas_R.csv,99.869
HAM,44,Mercedes,21.0,0 days 00:01:40.414000,2.0,MEDIUM,4.0,0 days 00:52:31.229000,1,True,18.0,17.9,48.0,939.9,False,3.2,231,laps_2023_las_vegas_R.csv,100.414
RIC,3,AlphaTauri,21.0,0 days 00:01:39.708000,2.0,HARD,4.0,0 days 00:52:33.820000,1,True,18.0,17.9,48.0,939.9,False,3.2,231,laps_2023_las_vegas_R.csv,99.708
PER,11,Red Bull,22.0,0 days 00:01:38.191000,2.0,HARD,21.0,0 days 00:53:28.073000,1,True,18.0,17.8,48.0,939.7,False,3.4,222,laps_2023_las_vegas_R.csv,98.191
STR,18,Aston Martin,22.0,0 days 00:01:39.235000,2.0,HARD,20.0,0 days 00:53:35.754000,1,True,18.0,17.8,48.0,939.7,False,3.4,222,laps_2023_las_vegas_R.csv,99.235
SAI,55,Ferrari,22.0,0 days 00:01:39.594000,2.0,HARD,19.0,0 days 00:53:38.451000,1,True,18.0,17.7,48.0,939.7,False,2.2,230,laps_2023_las_vegas_R.csv,99.594
ALO,14,Aston Martin,22.0,0 days 00:01:40.032000,2.0,HARD,22.0,0 days 00:53:40.761000,1,True,18.0,17.7,48.0,939.7,False,2.2,230,laps_2023_las_vegas_R.csv,100.032
RUS,63,Mercedes,22.0,0 days 00:01:39.504000,2.0,HARD,7.0,0 days 00:53:40.951000,1,True,18.0,17.7,48.0,939.7,False,2.2,230,laps_2023_las_vegas_R.csv,99.504
VER,1,Red Bull,22.0,0 days 00:01:38.605000,2.0,HARD,6.0,0 days 00:53:42.287000,1,True,18.0,17.7,48.0,939.7,False,2.2,230,laps_2023_las_vegas_R.csv,98.605
ZHO,24,Alfa Romeo,22.0,0 days 00:01:40.246000,1.0,HARD,22.0,0 days 00:53:45.853000,1,True,18.0,17.7,48.0,939.7,False,2.2,230,laps_2023_las_vegas_R.csv,100.246
GAS,10,Alpine,22.0,0 days 00:01:38.683000,2.0,HARD,5.0,0 days 00:53:49.608000,1,True,18.0,17.7,48.0,939.7,False,2.2,230,laps_2023_las_vegas_R.csv,98.683
ALB,23,Williams,22.0,0 days 00:01:39.061000,2.0,HARD,6.0,0 days 00:53:52.751000,1,True,18.0,17.7,48.0,939.7,False,2.2,230,laps_2023_las_vegas_R.csv,99.061
PIA,81,McLaren,22.0,0 days 00:01:37.763000,2.0,HARD,7.0,0 days 00:53:53.218000,1,True,18.0,17.7,48.0,939.7,False,2.2,230,laps_2023_las_vegas_R.csv,97.763
OCO,31,Alpine,22.0,0 days 00:01:38.063000,2.0,HARD,2.0,0 days 00:53:55.574000,1,True,18.0,17.7,48.0,939.7,False,2.2,230,laps_2023_las_vegas_R.csv,98.063
SAR,2,Williams,22.0,0 days 00:01:38.510000,2.0,HARD,7.0,0 days 00:53:57.203000,1,True,18.0,17.7,48.0,939.7,False,2.2,230,laps_2023_las_vegas_R.csv,98.51
MAG,20,Haas F1 Team,22.0,0 days 00:01:39.209000,2.0,HARD,8.0,0 days 00:53:59.128000,1,True,18.0,17.7,48.0,939.7,False,2.2,230,laps_2023_las_vegas_R.csv,99.209
BOT,77,Alfa Romeo,22.0,0 days 00:01:42.542000,2.0,HARD,21.0,0 days 00:54:01.035000,1,True,18.0,17.7,48.0,939.7,False,2.2,230,laps_2023_las_vegas_R.csv,102.542
HUL,27,Haas F1 Team,22.0,0 days 00:01:40.506000,2.0,HARD,10.0,0 days 00:54:01.809000,1,True,18.0,17.7,48.0,939.7,False,2.2,230,laps_2023_las_vegas_R.csv,100.506
HAM,44,Mercedes,22.0,0 days 00:01:38.783000,2.0,MEDIUM,5.0,0 days 00:54:11.643000,1,True,18.0,17.7,48.0,939.7,False,2.2,230,laps_2023_las_vegas_R.csv,98.783
RIC,3,AlphaTauri,22.0,0 days 00:01:39.872000,2.0,HARD,5.0,0 days 00:54:13.528000,1,True,18.0,17.7,48.0,939.7,False,2.2,230,laps_2023_las_vegas_R.csv,99.872
PER,11,Red Bull,23.0,0 days 00:01:38.317000,2.0,HARD,22.0,0 days 00:55:06.264000,1,True,18.0,17.7,48.0,939.7,False,2.4,242,laps_2023_las_vegas_R.csv,98.317
STR,18,Aston Martin,23.0,0 days 00:01:39.025000,2.0,HARD,21.0,0 days 00:55:14.989000,1,True,18.0,17.7,48.0,939.7,False,2.4,242,laps_2023_las_vegas_R.csv,99.025
LEC,16,Ferrari,23.0,0 days 00:01:39.233000,2.0,HARD,2.0,0 days 00:55:17.035000,1,True,18.0,17.7,48.0,939.7,False,2.4,242,laps_2023_las_vegas_R.csv,99.233
SAI,55,Ferrari,23.0,0 days 00:01:39.486000,2.0,HARD,20.0,0 days 00:55:18.045000,1,True,18.0,17.7,48.0,939.7,False,2.4,242,laps_2023_las_vegas_R.csv,99.486
RUS,63,Mercedes,23.0,0 days 00:01:37.930000,2.0,HARD,8.0,0 days 00:55:20.455000,1,True,18.0,17.7,48.0,939.7,False,2.4,242,laps_2023_las_vegas_R.csv,97.93
ALO,14,Aston Martin,23.0,0 days 00:01:40.929000,2.0,HARD,23.0,0 days 00:55:20.793000,1,True,18.0,17.7,48.0,939.7,False,2.4,242,laps_2023_las_vegas_R.csv,100.929
VER,1,Red Bull,23.0,0 days 00:01:37.988000,2.0,HARD,7.0,0 days 00:55:20.892000,1,True,18.0,17.7,48.0,939.7,False,2.4,242,laps_2023_las_vegas_R.csv,97.988
ZHO,24,Alfa Romeo,23.0,0 days 00:01:40.314000,1.0,HARD,23.0,0 days 00:55:26.099000,1,True,18.0,17.7,48.0,939.7,False,2.4,242,laps_2023_las_vegas_R.csv,100.314
GAS,10,Alpine,23.0,0 days 00:01:38.585000,2.0,HARD,6.0,0 days 00:55:28.291000,1,True,18.0,17.7,48.0,939.7,False,2.4,242,laps_2023_las_vegas_R.csv,98.585
PIA,81,McLaren,23.0,0 days 00:01:38.238000,2.0,HARD,8.0,0 days 00:55:30.981000,1,True,18.0,17.7,48.0,939.7,False,2.4,242,laps_2023_las_vegas_R.csv,98.238
ALB,23,Williams,23.0,0 days 00:01:38.609000,2.0,HARD,7.0,0 days 00:55:31.812000,1,True,18.0,17.7,48.0,939.7,False,2.4,242,laps_2023_las_vegas_R.csv,98.609
OCO,31,Alpine,23.0,0 days 00:01:37.787000,2.0,HARD,3.0,0 days 00:55:33.637000,1,True,18.0,17.7,48.0,939.7,False,2.4,242,laps_2023_las_vegas_R.csv,97.787
SAR,2,Williams,23.0,0 days 00:01:38.671000,2.0,HARD,8.0,0 days 00:55:35.713000,1,True,18.0,17.7,48.0,939.7,False,2.4,242,laps_2023_las_vegas_R.csv,98.671
MAG,20,Haas F1 Team,23.0,0 days 00:01:39.577000,2.0,HARD,9.0,0 days 00:55:38.337000,1,True,18.0,17.8,48.0,939.7,False,2.5,204,laps_2023_las_vegas_R.csv,99.577
HUL,27,Haas F1 Team,23.0,0 days 00:01:39.270000,2.0,HARD,11.0,0 days 00:55:42.315000,1,True,18.0,17.8,48.0,939.7,False,2.5,204,laps_2023_las_vegas_R.csv,99.27
BOT,77,Alfa Romeo,23.0,0 days 00:01:41.224000,2.0,HARD,22.0,0 days 00:55:43.577000,1,True,18.0,17.8,48.0,939.7,False,2.5,204,laps_2023_las_vegas_R.csv,101.224
HAM,44,Mercedes,23.0,0 days 00:01:38.451000,2.0,MEDIUM,6.0,0 days 00:55:50.426000,1,True,18.0,17.8,48.0,939.7,False,2.5,204,laps_2023_las_vegas_R.csv,98.451
RIC,3,AlphaTauri,23.0,0 days 00:01:39.525000,2.0,HARD,6.0,0 days 00:55:53.400000,1,True,18.0,17.8,48.0,939.7,False,2.5,204,laps_2023_las_vegas_R.csv,99.525
TSU,22,AlphaTauri,23.0,0 days 00:01:40.978000,3.0,HARD,2.0,0 days 00:56:18.393000,1,True,18.0,17.8,48.0,939.7,False,2.5,204,laps_2023_las_vegas_R.csv,100.978
PER,11,Red Bull,24.0,0 days 00:01:37.969000,2.0,HARD,23.0,0 days 00:56:44.581000,1,True,18.0,17.8,48.0,939.7,False,3.2,239,laps_2023_las_vegas_R.csv,97.969
STR,18,Aston Martin,24.0,0 days 00:01:39.149000,2.0,HARD,22.0,0 days 00:56:54.014000,1,True,18.0,17.8,48.0,939.7,False,3.2,239,laps_2023_las_vegas_R.csv,99.149
LEC,16,Ferrari,24.0,0 days 00:01:38.033000,2.0,HARD,3.0,0 days 00:56:56.268000,1,True,18.0,17.8,48.0,939.7,False,3.2,239,laps_2023_las_vegas_R.csv,98.033
SAI,55,Ferrari,24.0,0 days 00:01:40.516000,2.0,HARD,21.0,0 days 00:56:57.531000,1,True,18.0,17.8,48.0,939.7,False,3.2,239,laps_2023_las_vegas_R.csv,100.516
RUS,63,Mercedes,24.0,0 days 00:01:38.383000,2.0,HARD,9.0,0 days 00:56:58.385000,1,True,18.0,17.8,48.0,939.7,False,3.2,239,laps_2023_las_vegas_R.csv,98.383
VER,1,Red Bull,24.0,0 days 00:01:38.482000,2.0,HARD,8.0,0 days 00:56:58.880000,1,True,18.0,17.8,48.0,939.7,False,3.2,239,laps_2023_las_vegas_R.csv,98.482
ALO,14,Aston Martin,24.0,0 days 00:01:39.827000,2.0,HARD,24.0,0 days 00:57:01.722000,1,True,18.0,17.8,48.0,939.7,False,3.2,239,laps_2023_las_vegas_R.csv,99.827
ZHO,24,Alfa Romeo,24.0,0 days 00:01:40.381000,1.0,HARD,24.0,0 days 00:57:06.413000,1,True,18.0,17.8,48.0,939.7,False,3.2,239,laps_2023_las_vegas_R.csv,100.381
GAS,10,Alpine,24.0,0 days 00:01:39.209000,2.0,HARD,7.0,0 days 00:57:06.876000,1,True,18.0,17.8,48.0,939.7,False,3.2,239,laps_2023_las_vegas_R.csv,99.209
PIA,81,McLaren,24.0,0 days 00:01:37.912000,2.0,HARD,9.0,0 days 00:57:09.219000,1,True,18.0,17.8,48.0,939.7,False,3.2,239,laps_2023_las_vegas_R.csv,97.912
ALB,23,Williams,24.0,0 days 00:01:39.166000,2.0,HARD,8.0,0 days 00:57:10.421000,1,True,18.0,17.8,48.0,939.7,False,3.2,239,laps_2023_las_vegas_R.csv,99.166
OCO,31,Alpine,24.0,0 days 00:01:37.677000,2.0,HARD,4.0,0 days 00:57:11.424000,1,True,18.0,17.8,48.0,939.7,False,3.2,239,laps_2023_las_vegas_R.csv,97.677
SAR,2,Williams,24.0,0 days 00:01:38.448000,2.0,HARD,9.0,0 days 00:57:14.384000,1,True,18.0,17.8,48.0,939.7,False,3.2,239,laps_2023_las_vegas_R.csv,98.448
MAG,20,Haas F1 Team,24.0,0 days 00:01:39.453000,2.0,HARD,10.0,0 days 00:57:17.914000,1,True,18.0,17.8,48.0,939.7,False,3.2,239,laps_2023_las_vegas_R.csv,99.453
HUL,27,Haas F1 Team,24.0,0 days 00:01:38.834000,2.0,HARD,12.0,0 days 00:57:21.585000,1,True,18.0,17.8,48.0,939.7,False,3.2,239,laps_2023_las_vegas_R.csv,98.834
HAM,44,Mercedes,24.0,0 days 00:01:38.382000,2.0,MEDIUM,7.0,0 days 00:57:28.877000,1,True,18.0,17.8,48.0,939.7,False,3.2,239,laps_2023_las_vegas_R.csv,98.382
RIC,3,AlphaTauri,24.0,0 days 00:01:39.363000,2.0,HARD,7.0,0 days 00:57:32.925000,1,True,18.0,17.8,48.0,939.7,False,3.2,239,laps_2023_las_vegas_R.csv,99.363
TSU,22,AlphaTauri,24.0,0 days 00:01:40.432000,3.0,HARD,3.0,0 days 00:57:59.371000,1,True,18.0,17.9,48.0,939.7,False,2.5,220,laps_2023_las_vegas_R.csv,100.432
PER,11,Red Bull,25.0,0 days 00:01:38.359000,2.0,HARD,24.0,0 days 00:58:22.550000,1,True,18.0,17.9,48.0,939.7,False,2.5,220,laps_2023_las_vegas_R.csv,98.359
STR,18,Aston Martin,25.0,0 days 00:01:39.779000,2.0,HARD,23.0,0 days 00:58:33.163000,1,True,18.0,17.9,48.0,939.7,False,2.5,220,laps_2023_las_vegas_R.csv,99.779
LEC,16,Ferrari,25.0,0 days 00:01:38.118000,2.0,HARD,4.0,0 days 00:58:34.301000,1,True,18.0,17.9,48.0,939.7,False,2.5,220,laps_2023_las_vegas_R.csv,98.118
RUS,63,Mercedes,25.0,0 days 00:01:40.605000,2.0,HARD,10.0,0 days 00:58:36.768000,1,True,18.0,17.9,48.0,939.7,False,2.5,220,laps_2023_las_vegas_R.csv,100.605
VER,1,Red Bull,25.0,0 days 00:01:38.943000,2.0,HARD,9.0,0 days 00:58:37.362000,1,True,18.0,17.9,48.0,939.7,False,2.7,237,laps_2023_las_vegas_R.csv,98.943
SAI,55,Ferrari,25.0,0 days 00:01:40.220000,2.0,HARD,22.0,0 days 00:58:38.047000,1,True,18.0,17.9,48.0,939.7,False,2.7,237,laps_2023_las_vegas_R.csv,100.22
ALO,14,Aston Martin,25.0,0 days 00:01:39.777000,2.0,HARD,25.0,0 days 00:58:41.549000,1,True,18.0,17.9,48.0,939.7,False,2.7,237,laps_2023_las_vegas_R.csv,99.777
GAS,10,Alpine,25.0,0 days 00:01:38.494000,2.0,HARD,8.0,0 days 00:58:46.085000,1,True,18.0,17.9,48.0,939.7,False,2.7,237,laps_2023_las_vegas_R.csv,98.494
ZHO,24,Alfa Romeo,25.0,0 days 00:01:41.491000,1.0,HARD,25.0,0 days 00:58:46.794000,1,True,18.0,17.9,48.0,939.7,False,2.7,237,laps_2023_las_vegas_R.csv,101.491
PIA,81,McLaren,25.0,0 days 00:01:38.973000,2.0,HARD,10.0,0 days 00:58:47.131000,1,True,18.0,17.9,48.0,939.7,False,2.7,237,laps_2023_las_vegas_R.csv,98.973
OCO,31,Alpine,25.0,0 days 00:01:38.428000,2.0,HARD,5.0,0 days 00:58:49.101000,1,True,18.0,17.9,48.0,939.7,False,2.7,237,laps_2023_las_vegas_R.csv,98.428
ALB,23,Williams,25.0,0 days 00:01:39.279000,2.0,HARD,9.0,0 days 00:58:49.587000,1,True,18.0,17.9,48.0,939.7,False,2.7,237,laps_2023_las_vegas_R.csv,99.279
SAR,2,Williams,25.0,0 days 00:01:39.336000,2.0,HARD,10.0,0 days 00:58:52.832000,1,True,18.0,17.9,48.0,939.7,False,2.7,237,laps_2023_las_vegas_R.csv,99.336
MAG,20,Haas F1 Team,25.0,0 days 00:01:39.867000,2.0,HARD,11.0,0 days 00:58:57.367000,1,True,18.0,17.9,48.0,939.7,False,2.7,237,laps_2023_las_vegas_R.csv,99.867
HUL,27,Haas F1 Team,25.0,0 days 00:01:39.640000,2.0,HARD,13.0,0 days 00:59:00.419000,1,True,18.0,17.9,48.0,939.7,False,2.7,237,laps_2023_las_vegas_R.csv,99.64
HAM,44,Mercedes,25.0,0 days 00:01:38.234000,2.0,MEDIUM,8.0,0 days 00:59:07.259000,1,True,18.0,17.9,48.0,939.7,False,2.7,237,laps_2023_las_vegas_R.csv,98.234
RIC,3,AlphaTauri,25.0,0 days 00:01:39.656000,2.0,HARD,8.0,0 days 00:59:12.288000,1,True,18.0,17.9,48.0,939.7,False,2.7,237,laps_2023_las_vegas_R.csv,99.656
TSU,22,AlphaTauri,25.0,0 days 00:01:40.094000,3.0,HARD,4.0,0 days 00:59:39.803000,1,True,18.1,17.8,48.0,939.7,False,2.4,241,laps_2023_las_vegas_R.csv,100.094
LEC,16,Ferrari,29.0,0 days 00:01:39.672000,2.0,HARD,8.0,0 days 01:07:43.017000,1,True,17.9,17.7,48.0,939.5,False,1.7,197,laps_2023_las_vegas_R.csv,99.672
PER,11,Red Bull,29.0,0 days 00:01:39.457000,3.0,HARD,3.0,0 days 01:07:43.734000,1,True,17.9,17.7,48.0,939.5,False,1.7,197,laps_2023_las_vegas_R.csv,99.457
GAS,10,Alpine,29.0,0 days 00:01:41.251000,2.0,HARD,12.0,0 days 01:07:44.007000,1,True,17.9,17.7,48.0,939.5,False,1.7,197,laps_2023_las_vegas_R.csv,101.251
PIA,81,McLaren,29.0,0 days 00:01:40.139000,2.0,HARD,14.0,0 days 01:07:44.589000,1,True,17.9,17.7,48.0,939.5,False,1.7,197,laps_2023_las_vegas_R.csv,100.139
VER,1,Red Bull,29.0,0 days 00:01:40.938000,3.0,HARD,3.0,0 days 01:07:44.913000,1,True,17.9,17.7,48.0,939.5,False,1.7,197,laps_2023_las_vegas_R.csv,100.938
OCO,31,Alpine,29.0,0 days 00:01:41.144000,2.0,HARD,9.0,0 days 01:07:45.454000,1,True,17.9,17.7,48.0,939.5,False,1.7,197,laps_2023_las_vegas_R.csv,101.144
STR,18,Aston Martin,29.0,0 days 00:01:41.723000,3.0,HARD,3.0,0 days 01:07:46.295000,1,True,17.9,17.7,48.0,939.5,False,1.7,197,laps_2023_las_vegas_R.csv,101.723
ALB,23,Williams,29.0,0 days 00:01:40.665000,2.0,HARD,13.0,0 days 01:07:46.464000,1,True,17.9,17.7,48.0,939.5,False,1.7,197,laps_2023_las_vegas_R.csv,100.665
RUS,63,Mercedes,29.0,0 days 00:01:41.409000,3.0,HARD,3.0,0 days 01:07:46.963000,1,True,17.9,17.7,48.0,939.5,False,1.7,197,laps_2023_las_vegas_R.csv,101.409
SAI,55,Ferrari,29.0,0 days 00:01:41.531000,3.0,HARD,3.0,0 days 01:07:47.367000,1,True,17.9,17.7,48.0,939.5,False,1.7,197,laps_2023_las_vegas_R.csv,101.531
SAR,2,Williams,29.0,0 days 00:01:42.631000,2.0,HARD,14.0,0 days 01:07:47.991000,1,True,17.9,17.7,48.0,939.5,False,1.7,197,laps_2023_las_vegas_R.csv,102.631
ALO,14,Aston Martin,29.0,0 days 00:01:41.213000,3.0,HARD,3.0,0 days 01:07:48.058000,1,True,17.9,17.7,48.0,939.5,False,1.7,197,laps_2023_las_vegas_R.csv,101.213
ZHO,24,Alfa Romeo,29.0,0 days 00:01:41.179000,2.0,MEDIUM,3.0,0 days 01:07:48.799000,1,True,17.9,17.7,48.0,939.5,False,1.7,197,laps_2023_las_vegas_R.csv,101.179
MAG,20,Haas F1 Team,29.0,0 days 00:01:41.697000,3.0,HARD,3.0,0 days 01:07:49.400000,1,True,17.9,17.7,48.0,939.5,False,1.7,197,laps_2023_las_vegas_R.csv,101.697
RIC,3,AlphaTauri,29.0,0 days 00:01:42.319000,2.0,HARD,12.0,0 days 01:07:49.902000,1,True,17.9,17.7,48.0,939.5,False,1.7,197,laps_2023_las_vegas_R.csv,102.319
HUL,27,Haas F1 Team,29.0,0 days 00:01:41.510000,3.0,HARD,3.0,0 days 01:07:50.148000,1,True,17.9,17.7,48.0,939.5,False,1.7,197,laps_2023_las_vegas_R.csv,101.51
HAM,44,Mercedes,29.0,0 days 00:01:41.960000,3.0,HARD,3.0,0 days 01:07:50.442000,1,True,17.9,17.7,48.0,939.5,False,1.7,197,laps_2023_las_vegas_R.csv,101.96
BOT,77,Alfa Romeo,29.0,0 days 00:01:42.484000,3.0,MEDIUM,5.0,0 days 01:07:51.199000,1,True,17.9,17.7,48.0,939.5,False,1.7,197,laps_2023_las_vegas_R.csv,102.484
TSU,22,AlphaTauri,29.0,0 days 00:01:43.333000,3.0,HARD,8.0,0 days 01:07:52.729000,1,True,17.9,17.7,48.0,939.5,False,1.7,197,laps_2023_las_vegas_R.csv,103.333
LEC,16,Ferrari,30.0,0 days 00:01:38.228000,2.0,HARD,9.0,0 days 01:09:22.689000,1,True,17.9,17.7,48.0,939.5,False,1.6,262,laps_2023_las_vegas_R.csv,98.228
PER,11,Red Bull,30.0,0 days 00:01:38.041000,3.0,HARD,4.0,0 days 01:09:23.191000,1,True,17.9,17.7,48.0,939.5,False,1.6,262,laps_2023_las_vegas_R.csv,98.041
PIA,81,McLaren,30.0,0 days 00:01:37.920000,2.0,HARD,15.0,0 days 01:09:24.728000,1,True,17.9,17.7,48.0,939.5,False,1.6,262,laps_2023_las_vegas_R.csv,97.92
GAS,10,Alpine,30.0,0 days 00:01:38.720000,2.0,HARD,13.0,0 days 01:09:25.258000,1,True,17.9,17.7,48.0,939.5,False,1.6,262,laps_2023_las_vegas_R.csv,98.72
VER,1,Red Bull,30.0,0 days 00:01:38.469000,3.0,HARD,4.0,0 days 01:09:25.851000,1,True,17.9,17.7,48.0,939.5,False,1.6,262,laps_2023_las_vegas_R.csv,98.469
OCO,31,Alpine,30.0,0 days 00:01:38.514000,2.0,HARD,10.0,0 days 01:09:26.598000,1,True,17.9,17.7,48.0,939.5,False,1.6,262,laps_2023_las_vegas_R.csv,98.514
ALB,23,Williams,30.0,0 days 00:01:38.865000,2.0,HARD,14.0,0 days 01:09:27.129000,1,True,17.9,17.7,48.0,939.5,False,1.6,262,laps_2023_las_vegas_R.csv,98.865
STR,18,Aston Martin,30.0,0 days 00:01:38.802000,3.0,HARD,4.0,0 days 01:09:28.018000,1,True,17.9,17.7,48.0,939.5,False,1.6,262,laps_2023_las_vegas_R.csv,98.802
RUS,63,Mercedes,30.0,0 days 00:01:39.159000,3.0,HARD,4.0,0 days 01:09:28.372000,1,True,17.9,17.7,48.0,939.5,False,1.6,262,laps_2023_las_vegas_R.csv,99.159
SAI,55,Ferrari,30.0,0 days 00:01:39.146000,3.0,HARD,4.0,0 days 01:09:28.898000,1,True,17.9,17.7,48.0,939.5,False,1.6,262,laps_2023_las_vegas_R.csv,99.146
ALO,14,Aston Martin,30.0,0 days 00:01:39.645000,3.0,HARD,4.0,0 days 01:09:29.271000,1,True,17.9,17.7,48.0,939.5,False,1.6,262,laps_2023_las_vegas_R.csv,99.645
ZHO,24,Alfa Romeo,30.0,0 days 00:01:39.590000,2.0,MEDIUM,4.0,0 days 01:09:29.978000,1,True,17.9,17.7,48.0,939.5,False,1.6,262,laps_2023_las_vegas_R.csv,99.59
SAR,2,Williams,30.0,0 days 00:01:39.447000,2.0,HARD,15.0,0 days 01:09:30.622000,1,True,17.9,17.7,48.0,939.5,False,1.6,262,laps_2023_las_vegas_R.csv,99.447
MAG,20,Haas F1 Team,30.0,0 days 00:01:39.701000,3.0,HARD,4.0,0 days 01:09:31.097000,1,True,17.9,17.7,48.0,939.5,False,1.6,262,laps_2023_las_vegas_R.csv,99.701
HUL,27,Haas F1 Team,30.0,0 days 00:01:39.590000,3.0,HARD,4.0,0 days 01:09:31.658000,1,True,17.9,17.7,48.0,939.5,False,1.6,262,laps_2023_las_vegas_R.csv,99.59
RIC,3,AlphaTauri,30.0,0 days 00:01:40.798000,2.0,HARD,13.0,0 days 01:09:32.221000,1,True,17.9,17.7,48.0,939.5,False,1.6,262,laps_2023_las_vegas_R.csv,100.798
HAM,44,Mercedes,30.0,0 days 00:01:39.165000,3.0,HARD,4.0,0 days 01:09:32.402000,1,True,17.9,17.7,48.0,939.5,False,1.6,262,laps_2023_las_vegas_R.csv,99.165
BOT,77,Alfa Romeo,30.0,0 days 00:01:40.952000,3.0,MEDIUM,6.0,0 days 01:09:33.683000,1,True,17.9,17.7,48.0,939.5,False,1.6,262,laps_2023_las_vegas_R.csv,100.952
TSU,22,AlphaTauri,30.0,0 days 00:01:41.279000,3.0,HARD,9.0,0 days 01:09:36.062000,1,True,17.9,17.7,48.0,939.5,False,1.6,262,laps_2023_las_vegas_R.csv,101.279
LEC,16,Ferrari,31.0,0 days 00:01:37.227000,2.0,HARD,10.0,0 days 01:11:00.917000,1,True,18.0,17.7,47.0,939.4,False,1.6,62,laps_2023_las_vegas_R.csv,97.227
PER,11,Red Bull,31.0,0 days 00:01:37.314000,3.0,HARD,5.0,0 days 01:11:01.232000,1,True,18.0,17.7,47.0,939.4,False,1.6,62,laps_2023_las_vegas_R.csv,97.314
PIA,81,McLaren,31.0,0 days 00:01:37.128000,2.0,HARD,16.0,0 days 01:11:02.648000,1,True,18.0,17.7,47.0,939.4,False,1.6,62,laps_2023_las_vegas_R.csv,97.128
GAS,10,Alpine,31.0,0 days 00:01:38.772000,2.0,HARD,14.0,0 days 01:11:03.978000,1,True,18.0,17.7,47.0,939.4,False,1.6,62,laps_2023_las_vegas_R.csv,98.772
VER,1,Red Bull,31.0,0 days 00:01:37.748000,3.0,HARD,5.0,0 days 01:11:04.320000,1,True,18.0,17.7,47.0,939.4,False,1.6,62,laps_2023_las_vegas_R.csv,97.748
OCO,31,Alpine,31.0,0 days 00:01:38.174000,2.0,HARD,11.0,0 days 01:11:05.112000,1,True,18.0,17.7,47.0,939.4,False,1.6,62,laps_2023_las_vegas_R.csv,98.174
ALB,23,Williams,31.0,0 days 00:01:37.996000,2.0,HARD,15.0,0 days 01:11:05.994000,1,True,18.0,17.7,47.0,939.4,False,1.6,62,laps_2023_las_vegas_R.csv,97.996
STR,18,Aston Martin,31.0,0 days 00:01:38.084000,3.0,HARD,5.0,0 days 01:11:06.820000,1,True,18.0,17.7,47.0,939.4,False,1.6,62,laps_2023_las_vegas_R.csv,98.084
RUS,63,Mercedes,31.0,0 days 00:01:38.255000,3.0,HARD,5.0,0 days 01:11:07.531000,1,True,18.0,17.7,47.0,939.4,False,1.6,62,laps_2023_las_vegas_R.csv,98.255
SAI,55,Ferrari,31.0,0 days 00:01:38.398000,3.0,HARD,5.0,0 days 01:11:08.044000,1,True,18.0,17.7,47.0,939.4,False,1.6,62,laps_2023_las_vegas_R.csv,98.398
ALO,14,Aston Martin,31.0,0 days 00:01:38.211000,3.0,HARD,5.0,0 days 01:11:08.916000,1,True,18.0,17.7,47.0,939.4,False,1.6,62,laps_2023_las_vegas_R.csv,98.211
ZHO,24,Alfa Romeo,31.0,0 days 00:01:38.864000,2.0,MEDIUM,5.0,0 days 01:11:09.568000,1,True,18.0,17.7,47.0,939.4,False,1.6,62,laps_2023_las_vegas_R.csv,98.864
SAR,2,Williams,31.0,0 days 00:01:38.757000,2.0,HARD,16.0,0 days 01:11:10.069000,1,True,18.0,17.7,47.0,939.4,False,1.6,62,laps_2023_las_vegas_R.csv,98.757
MAG,20,Haas F1 Team,31.0,0 days 00:01:38.757000,3.0,HARD,5.0,0 days 01:11:10.798000,1,True,18.0,17.7,47.0,939.4,False,1.6,62,laps_2023_las_vegas_R.csv,98.757
HUL,27,Haas F1 Team,31.0,0 days 00:01:39.902000,3.0,HARD,5.0,0 days 01:11:11.248000,1,True,18.0,17.7,47.0,939.4,False,1.6,62,laps_2023_las_vegas_R.csv,99.902
HAM,44,Mercedes,31.0,0 days 00:01:38.117000,3.0,HARD,5.0,0 days 01:11:11.567000,1,True,18.0,17.7,47.0,939.4,False,1.6,62,laps_2023_las_vegas_R.csv,98.117
RIC,3,AlphaTauri,31.0,0 days 00:01:39.382000,2.0,HARD,14.0,0 days 01:11:13.019000,1,True,18.0,17.7,47.0,939.4,False,1.6,62,laps_2023_las_vegas_R.csv,99.382
BOT,77,Alfa Romeo,31.0,0 days 00:01:40.816000,3.0,MEDIUM,7.0,0 days 01:11:14.635000,1,True,18.0,17.7,47.0,939.4,False,1.6,62,laps_2023_las_vegas_R.csv,100.816
TSU,22,AlphaTauri,31.0,0 days 00:01:40.687000,3.0,HARD,10.0,0 days 01:11:17.341000,1,True,18.0,17.7,47.0,939.4,False,1.6,62,laps_2023_las_vegas_R.csv,100.687
LEC,16,Ferrari,32.0,0 days 00:01:38.135000,2.0,HARD,11.0,0 days 01:12:38.144000,1,True,18.0,17.8,48.0,939.2,False,1.6,21,laps_2023_las_vegas_R.csv,98.135
PER,11,Red Bull,32.0,0 days 00:01:37.176000,3.0,HARD,6.0,0 days 01:12:38.546000,1,True,18.0,17.8,48.0,939.2,False,1.6,21,laps_2023_las_vegas_R.csv,97.176
PIA,81,McLaren,32.0,0 days 00:01:37.446000,2.0,HARD,17.0,0 days 01:12:39.776000,1,True,18.0,17.8,48.0,939.2,False,1.6,21,laps_2023_las_vegas_R.csv,97.446
VER,1,Red Bull,32.0,0 days 00:01:36.603000,3.0,HARD,6.0,0 days 01:12:42.068000,1,True,18.0,17.8,48.0,939.2,False,1.6,21,laps_2023_las_vegas_R.csv,96.603
GAS,10,Alpine,32.0,0 days 00:01:37.736000,2.0,HARD,15.0,0 days 01:12:42.750000,1,True,18.0,17.8,48.0,939.2,False,1.6,21,laps_2023_las_vegas_R.csv,97.736
OCO,31,Alpine,32.0,0 days 00:01:37.629000,2.0,HARD,12.0,0 days 01:12:43.286000,1,True,18.0,17.8,48.0,939.2,False,1.6,21,laps_2023_las_vegas_R.csv,97.629
ALB,23,Williams,32.0,0 days 00:01:38.070000,2.0,HARD,16.0,0 days 01:12:43.990000,1,True,18.0,17.8,48.0,939.2,False,1.6,21,laps_2023_las_vegas_R.csv,98.07
STR,18,Aston Martin,32.0,0 days 00:01:37.883000,3.0,HARD,6.0,0 days 01:12:44.904000,1,True,18.0,17.8,48.0,939.2,False,1.6,21,laps_2023_las_vegas_R.csv,97.883
RUS,63,Mercedes,32.0,0 days 00:01:37.834000,3.0,HARD,6.0,0 days 01:12:45.786000,1,True,18.0,17.8,48.0,939.2,False,1.6,21,laps_2023_las_vegas_R.csv,97.834
SAI,55,Ferrari,32.0,0 days 00:01:38,3.0,HARD,6.0,0 days 01:12:46.442000,1,True,18.0,17.8,48.0,939.2,False,1.6,21,laps_2023_las_vegas_R.csv,98.0
ALO,14,Aston Martin,32.0,0 days 00:01:37.769000,3.0,HARD,6.0,0 days 01:12:47.127000,1,True,18.0,17.8,48.0,939.2,False,1.6,21,laps_2023_las_vegas_R.csv,97.769
ZHO,24,Alfa Romeo,32.0,0 days 00:01:37.375000,2.0,MEDIUM,6.0,0 days 01:12:48.432000,1,True,18.0,17.8,48.0,939.2,False,1.6,21,laps_2023_las_vegas_R.csv,97.375
SAR,2,Williams,32.0,0 days 00:01:37.740000,2.0,HARD,17.0,0 days 01:12:48.826000,1,True,18.0,17.8,48.0,939.2,False,1.6,21,laps_2023_las_vegas_R.csv,97.74
MAG,20,Haas F1 Team,32.0,0 days 00:01:38.174000,3.0,HARD,6.0,0 days 01:12:49.555000,1,True,18.0,17.8,48.0,939.2,False,1.6,21,laps_2023_las_vegas_R.csv,98.174
HAM,44,Mercedes,32.0,0 days 00:01:38.279000,3.0,HARD,6.0,0 days 01:12:49.684000,1,True,18.0,17.8,48.0,939.2,False,1.6,21,laps_2023_las_vegas_R.csv,98.279
HUL,27,Haas F1 Team,32.0,0 days 00:01:38.683000,3.0,HARD,6.0,0 days 01:12:51.150000,1,True,18.0,17.8,48.0,939.2,False,1.6,21,laps_2023_las_vegas_R.csv,98.683
RIC,3,AlphaTauri,32.0,0 days 00:01:38.997000,2.0,HARD,15.0,0 days 01:12:52.401000,1,True,18.0,17.8,48.0,939.2,False,1.6,21,laps_2023_las_vegas_R.csv,98.997
BOT,77,Alfa Romeo,32.0,0 days 00:01:40.257000,3.0,MEDIUM,8.0,0 days 01:12:55.451000,1,True,18.0,17.8,48.0,939.2,False,1.6,21,laps_2023_las_vegas_R.csv,100.257
TSU,22,AlphaTauri,32.0,0 days 00:01:40.396000,3.0,HARD,11.0,0 days 01:12:58.028000,1,True,18.0,17.8,48.0,939.2,False,1.6,21,laps_2023_las_vegas_R.csv,100.396
PER,11,Red Bull,33.0,0 days 00:01:37.012000,3.0,HARD,7.0,0 days 01:14:15.722000,1,True,18.0,17.8,47.0,939.2,False,3.0,303,laps_2023_las_vegas_R.csv,97.012
LEC,16,Ferrari,33.0,0 days 00:01:37.337000,2.0,HARD,12.0,0 days 01:14:16.279000,1,True,18.0,17.8,47.0,939.2,False,3.0,303,laps_2023_las_vegas_R.csv,97.337
PIA,81,McLaren,33.0,0 days 00:01:38.889000,2.0,HARD,18.0,0 days 01:14:17.222000,1,True,18.0,17.8,47.0,939.2,False,3.0,303,laps_2023_las_vegas_R.csv,98.889
VER,1,Red Bull,33.0,0 days 00:01:36.596000,3.0,HARD,7.0,0 days 01:14:18.671000,1,True,18.0,17.8,47.0,939.2,False,3.0,303,laps_2023_las_vegas_R.csv,96.596
GAS,10,Alpine,33.0,0 days 00:01:37.805000,2.0,HARD,16.0,0 days 01:14:20.486000,1,True,18.0,17.8,47.0,939.2,False,3.0,303,laps_2023_las_vegas_R.csv,97.805
OCO,31,Alpine,33.0,0 days 00:01:37.458000,2.0,HARD,13.0,0 days 01:14:20.915000,1,True,18.0,17.8,47.0,939.2,False,3.0,303,laps_2023_las_vegas_R.csv,97.458
ALB,23,Williams,33.0,0 days 00:01:37.789000,2.0,HARD,17.0,0 days 01:14:22.060000,1,True,18.0,17.8,47.0,939.2,False,3.0,303,laps_2023_las_vegas_R.csv,97.789
STR,18,Aston Martin,33.0,0 days 00:01:37.622000,3.0,HARD,7.0,0 days 01:14:22.787000,1,True,18.0,17.8,47.0,939.2,False,3.0,303,laps_2023_las_vegas_R.csv,97.622
RUS,63,Mercedes,33.0,0 days 00:01:38.033000,3.0,HARD,7.0,0 days 01:14:23.620000,1,True,18.0,17.8,47.0,939.2,False,3.0,303,laps_2023_las_vegas_R.csv,98.033
SAI,55,Ferrari,33.0,0 days 00:01:38.049000,3.0,HARD,7.0,0 days 01:14:24.442000,1,True,18.0,17.8,47.0,939.2,False,3.0,303,laps_2023_las_vegas_R.csv,98.049
ALO,14,Aston Martin,33.0,0 days 00:01:38.291000,3.0,HARD,7.0,0 days 01:14:24.896000,1,True,18.0,17.8,47.0,939.2,False,3.0,303,laps_2023_las_vegas_R.csv,98.291
ZHO,24,Alfa Romeo,33.0,0 days 00:01:38.043000,2.0,MEDIUM,7.0,0 days 01:14:25.807000,1,True,18.0,17.8,47.0,939.2,False,3.0,303,laps_2023_las_vegas_R.csv,98.043
SAR,2,Williams,33.0,0 days 00:01:38.253000,2.0,HARD,18.0,0 days 01:14:26.566000,1,True,18.0,17.8,47.0,939.2,False,3.0,303,laps_2023_las_vegas_R.csv,98.253
MAG,20,Haas F1 Team,33.0,0 days 00:01:38.032000,3.0,HARD,7.0,0 days 01:14:27.729000,1,True,18.0,17.8,47.0,939.2,False,3.0,303,laps_2023_las_vegas_R.csv,98.032
HAM,44,Mercedes,33.0,0 days 00:01:37.437000,3.0,HARD,7.0,0 days 01:14:27.963000,1,True,18.0,17.8,47.0,939.2,False,3.0,303,laps_2023_las_vegas_R.csv,97.437
HUL,27,Haas F1 Team,33.0,0 days 00:01:38.129000,3.0,HARD,7.0,0 days 01:14:29.833000,1,True,18.0,17.8,47.0,939.2,False,3.0,303,laps_2023_las_vegas_R.csv,98.129
RIC,3,AlphaTauri,33.0,0 days 00:01:38.530000,2.0,HARD,16.0,0 days 01:14:31.398000,1,True,18.0,17.8,47.0,939.2,False,3.0,303,laps_2023_las_vegas_R.csv,98.53
BOT,77,Alfa Romeo,33.0,0 days 00:01:41.292000,3.0,MEDIUM,9.0,0 days 01:14:35.708000,1,True,18.0,17.8,47.0,939.2,False,3.0,303,laps_2023_las_vegas_R.csv,101.292
TSU,22,AlphaTauri,33.0,0 days 00:01:40.290000,3.0,HARD,12.0,0 days 01:14:38.424000,1,True,18.0,17.8,48.0,939.2,False,3.0,249,laps_2023_las_vegas_R.csv,100.29
PER,11,Red Bull,34.0,0 days 00:01:36.826000,3.0,HARD,8.0,0 days 01:15:52.734000,1,True,18.1,17.7,48.0,939.2,False,3.2,262,laps_2023_las_vegas_R.csv,96.826
LEC,16,Ferrari,34.0,0 days 00:01:36.687000,2.0,HARD,13.0,0 days 01:15:53.616000,1,True,18.1,17.7,48.0,939.2,False,3.2,262,laps_2023_las_vegas_R.csv,96.687
VER,1,Red Bull,34.0,0 days 00:01:36.359000,3.0,HARD,8.0,0 days 01:15:55.267000,1,True,18.1,17.7,48.0,939.2,False,3.2,262,laps_2023_las_vegas_R.csv,96.359
PIA,81,McLaren,34.0,0 days 00:01:37.332000,2.0,HARD,19.0,0 days 01:15:56.111000,1,True,18.1,17.7,48.0,939.2,False,3.2,262,laps_2023_las_vegas_R.csv,97.332
GAS,10,Alpine,34.0,0 days 00:01:38.586000,2.0,HARD,17.0,0 days 01:15:58.291000,1,True,18.1,17.7,48.0,939.2,False,3.2,262,laps_2023_las_vegas_R.csv,98.586
OCO,31,Alpine,34.0,0 days 00:01:37.810000,2.0,HARD,14.0,0 days 01:15:58.373000,1,True,18.1,17.7,48.0,939.2,False,3.2,262,laps_2023_las_vegas_R.csv,97.81
ALB,23,Williams,34.0,0 days 00:01:37.960000,2.0,HARD,18.0,0 days 01:15:59.849000,1,True,18.1,17.7,48.0,939.2,False,3.2,262,laps_2023_las_vegas_R.csv,97.96
STR,18,Aston Martin,34.0,0 days 00:01:37.783000,3.0,HARD,8.0,0 days 01:16:00.409000,1,True,18.1,17.7,48.0,939.2,False,3.2,262,laps_2023_las_vegas_R.csv,97.783
RUS,63,Mercedes,34.0,0 days 00:01:37.577000,3.0,HARD,8.0,0 days 01:16:01.653000,1,True,18.1,17.7,48.0,939.2,False,3.2,262,laps_2023_las_vegas_R.csv,97.577
SAI,55,Ferrari,34.0,0 days 00:01:37.489000,3.0,HARD,8.0,0 days 01:16:02.491000,1,True,18.1,17.7,48.0,939.2,False,3.2,262,laps_2023_las_vegas_R.csv,97.489
ALO,14,Aston Martin,34.0,0 days 00:01:37.757000,3.0,HARD,8.0,0 days 01:16:03.187000,1,True,18.1,17.7,48.0,939.2,False,3.2,262,laps_2023_las_vegas_R.csv,97.757
ZHO,24,Alfa Romeo,34.0,0 days 00:01:37.847000,2.0,MEDIUM,8.0,0 days 01:16:03.850000,1,True,18.1,17.7,48.0,939.2,False,3.2,262,laps_2023_las_vegas_R.csv,97.847
SAR,2,Williams,34.0,0 days 00:01:38.803000,2.0,HARD,19.0,0 days 01:16:04.819000,1,True,18.1,17.7,48.0,939.2,False,3.2,262,laps_2023_las_vegas_R.csv,98.803
HAM,44,Mercedes,34.0,0 days 00:01:37.140000,3.0,HARD,8.0,0 days 01:16:05.400000,1,True,18.1,17.7,48.0,939.2,False,3.2,262,laps_2023_las_vegas_R.csv,97.14
MAG,20,Haas F1 Team,34.0,0 days 00:01:38.734000,3.0,HARD,8.0,0 days 01:16:05.761000,1,True,18.1,17.7,48.0,939.2,False,3.2,262,laps_2023_las_vegas_R.csv,98.734
HUL,27,Haas F1 Team,34.0,0 days 00:01:38.034000,3.0,HARD,8.0,0 days 01:16:07.962000,1,True,18.1,17.7,48.0,939.2,False,3.2,262,laps_2023_las_vegas_R.csv,98.034
RIC,3,AlphaTauri,34.0,0 days 00:01:38.127000,2.0,HARD,17.0,0 days 01:16:09.928000,1,True,18.1,17.7,48.0,939.2,False,3.2,262,laps_2023_las_vegas_R.csv,98.127
BOT,77,Alfa Romeo,34.0,0 days 00:01:41.214000,3.0,MEDIUM,10.0,0 days 01:16:17,1,True,18.1,17.7,48.0,939.2,False,3.2,262,laps_2023_las_vegas_R.csv,101.214
TSU,22,AlphaTauri,34.0,0 days 00:01:40.334000,3.0,HARD,13.0,0 days 01:16:18.714000,1,True,18.1,17.7,48.0,939.2,False,3.2,262,laps_2023_las_vegas_R.csv,100.334
PER,11,Red Bull,35.0,0 days 00:01:37.706000,3.0,HARD,9.0,0 days 01:17:29.560000,1,True,18.1,17.7,47.0,939.4,False,2.0,0,laps_2023_las_vegas_R.csv,97.706
LEC,16,Ferrari,35.0,0 days 00:01:36.647000,2.0,HARD,14.0,0 days 01:17:30.303000,1,True,18.1,17.7,47.0,939.4,False,2.0,0,laps_2023_las_vegas_R.csv,96.647
VER,1,Red Bull,35.0,0 days 00:01:36.239000,3.0,HARD,9.0,0 days 01:17:31.626000,1,True,18.1,17.7,47.0,939.4,False,2.0,0,laps_2023_las_vegas_R.csv,96.239
PIA,81,McLaren,35.0,0 days 00:01:37,2.0,HARD,20.0,0 days 01:17:33.443000,1,True,18.1,17.7,47.0,939.4,False,2.0,0,laps_2023_las_vegas_R.csv,97.0
OCO,31,Alpine,35.0,0 days 00:01:37.449000,2.0,HARD,15.0,0 days 01:17:36.183000,1,True,18.1,17.7,47.0,939.4,False,2.0,0,laps_2023_las_vegas_R.csv,97.449
GAS,10,Alpine,35.0,0 days 00:01:37.528000,2.0,HARD,18.0,0 days 01:17:36.877000,1,True,18.2,17.7,47.0,939.2,False,2.2,251,laps_2023_las_vegas_R.csv,97.528
ALB,23,Williams,35.0,0 days 00:01:38.394000,2.0,HARD,19.0,0 days 01:17:37.809000,1,True,18.2,17.7,47.0,939.2,False,2.2,251,laps_2023_las_vegas_R.csv,98.394
STR,18,Aston Martin,35.0,0 days 00:01:37.887000,3.0,HARD,9.0,0 days 01:17:38.192000,1,True,18.2,17.7,47.0,939.2,False,2.2,251,laps_2023_las_vegas_R.csv,97.887
RUS,63,Mercedes,35.0,0 days 00:01:37.854000,3.0,HARD,9.0,0 days 01:17:39.230000,1,True,18.2,17.7,47.0,939.2,False,2.2,251,laps_2023_las_vegas_R.csv,97.854
SAI,55,Ferrari,35.0,0 days 00:01:37.615000,3.0,HARD,9.0,0 days 01:17:39.980000,1,True,18.2,17.7,47.0,939.2,False,2.2,251,laps_2023_las_vegas_R.csv,97.615
ALO,14,Aston Martin,35.0,0 days 00:01:37.614000,3.0,HARD,9.0,0 days 01:17:40.944000,1,True,18.2,17.7,47.0,939.2,False,2.2,251,laps_2023_las_vegas_R.csv,97.614
ZHO,24,Alfa Romeo,35.0,0 days 00:01:37.582000,2.0,MEDIUM,9.0,0 days 01:17:41.697000,1,True,18.2,17.7,47.0,939.2,False,2.2,251,laps_2023_las_vegas_R.csv,97.582
HAM,44,Mercedes,35.0,0 days 00:01:36.875000,3.0,HARD,9.0,0 days 01:17:42.540000,1,True,18.2,17.7,47.0,939.2,False,2.2,251,laps_2023_las_vegas_R.csv,96.875
SAR,2,Williams,35.0,0 days 00:01:37.915000,2.0,HARD,20.0,0 days 01:17:43.622000,1,True,18.2,17.7,47.0,939.2,False,2.2,251,laps_2023_las_vegas_R.csv,97.915
MAG,20,Haas F1 Team,35.0,0 days 00:01:38.158000,3.0,HARD,9.0,0 days 01:17:44.495000,1,True,18.2,17.7,47.0,939.2,False,2.2,251,laps_2023_las_vegas_R.csv,98.158
HUL,27,Haas F1 Team,35.0,0 days 00:01:37.897000,3.0,HARD,9.0,0 days 01:17:45.996000,1,True,18.2,17.7,47.0,939.2,False,2.2,251,laps_2023_las_vegas_R.csv,97.897
RIC,3,AlphaTauri,35.0,0 days 00:01:37.893000,2.0,HARD,18.0,0 days 01:17:48.055000,1,True,18.2,17.7,47.0,939.2,False,2.2,251,laps_2023_las_vegas_R.csv,97.893
BOT,77,Alfa Romeo,35.0,0 days 00:01:41.020000,3.0,MEDIUM,11.0,0 days 01:17:58.214000,1,True,18.2,17.7,47.0,939.2,False,2.2,251,laps_2023_las_vegas_R.csv,101.02
TSU,22,AlphaTauri,35.0,0 days 00:01:40.567000,3.0,HARD,14.0,0 days 01:17:59.048000,1,True,18.2,17.7,47.0,939.2,False,2.2,251,laps_2023_las_vegas_R.csv,100.567
LEC,16,Ferrari,36.0,0 days 00:01:36.562000,2.0,HARD,15.0,0 days 01:19:06.950000,1,True,18.2,17.7,47.0,939.2,False,2.2,251,laps_2023_las_vegas_R.csv,96.562
PER,11,Red Bull,36.0,0 days 00:01:37.570000,3.0,HARD,10.0,0 days 01:19:07.266000,1,True,18.2,17.7,47.0,939.2,False,2.2,251,laps_2023_las_vegas_R.csv,97.57
VER,1,Red Bull,36.0,0 days 00:01:36.276000,3.0,HARD,10.0,0 days 01:19:07.865000,1,True,18.2,17.7,47.0,939.2,False,2.2,251,laps_2023_las_vegas_R.csv,96.276
PIA,81,McLaren,36.0,0 days 00:01:36.849000,2.0,HARD,21.0,0 days 01:19:10.443000,1,True,18.2,17.7,47.0,939.2,False,2.2,251,laps_2023_las_vegas_R.csv,96.849
OCO,31,Alpine,36.0,0 days 00:01:37.062000,2.0,HARD,16.0,0 days 01:19:13.632000,1,True,18.2,17.7,47.0,939.2,False,2.2,251,laps_2023_las_vegas_R.csv,97.062
GAS,10,Alpine,36.0,0 days 00:01:37.126000,2.0,HARD,19.0,0 days 01:19:14.405000,1,True,18.2,17.7,47.0,939.2,False,2.2,251,laps_2023_las_vegas_R.csv,97.126
STR,18,Aston Martin,36.0,0 days 00:01:37.358000,3.0,HARD,10.0,0 days 01:19:16.079000,1,True,18.2,17.7,47.0,939.2,False,2.2,251,laps_2023_las_vegas_R.csv,97.358
ALB,23,Williams,36.0,0 days 00:01:38.491000,2.0,HARD,20.0,0 days 01:19:16.203000,1,True,18.2,17.7,47.0,939.2,False,2.2,251,laps_2023_las_vegas_R.csv,98.491
RUS,63,Mercedes,36.0,0 days 00:01:38.114000,3.0,HARD,10.0,0 days 01:19:17.084000,1,True,18.2,17.7,47.0,939.2,False,2.2,251,laps_2023_las_vegas_R.csv,98.114
SAI,55,Ferrari,36.0,0 days 00:01:37.894000,3.0,HARD,10.0,0 days 01:19:17.595000,1,True,18.2,17.7,47.0,939.2,False,2.2,251,laps_2023_las_vegas_R.csv,97.894
ALO,14,Aston Martin,36.0,0 days 00:01:37.797000,3.0,HARD,10.0,0 days 01:19:18.558000,1,True,18.2,17.7,47.0,939.2,False,2.2,251,laps_2023_las_vegas_R.csv,97.797
ZHO,24,Alfa Romeo,36.0,0 days 00:01:37.897000,2.0,MEDIUM,10.0,0 days 01:19:19.279000,1,True,18.2,17.7,47.0,939.2,False,2.2,251,laps_2023_las_vegas_R.csv,97.897
HAM,44,Mercedes,36.0,0 days 00:01:37.966000,3.0,HARD,10.0,0 days 01:19:19.415000,1,True,18.2,17.7,47.0,939.2,False,2.2,251,laps_2023_las_vegas_R.csv,97.966
SAR,2,Williams,36.0,0 days 00:01:38.198000,2.0,HARD,21.0,0 days 01:19:21.537000,1,True,18.2,17.7,47.0,939.2,False,2.2,251,laps_2023_las_vegas_R.csv,98.198
MAG,20,Haas F1 Team,36.0,0 days 00:01:37.721000,3.0,HARD,10.0,0 days 01:19:22.653000,1,True,18.2,17.7,47.0,939.2,False,2.2,251,laps_2023_las_vegas_R.csv,97.721
HUL,27,Haas F1 Team,36.0,0 days 00:01:37.756000,3.0,HARD,10.0,0 days 01:19:23.893000,1,True,18.2,17.7,47.0,939.2,False,2.2,251,laps_2023_las_vegas_R.csv,97.756
RIC,3,AlphaTauri,36.0,0 days 00:01:37.761000,2.0,HARD,19.0,0 days 01:19:25.948000,1,True,18.2,17.7,47.0,939.2,False,2.2,251,laps_2023_las_vegas_R.csv,97.761
BOT,77,Alfa Romeo,36.0,0 days 00:01:41.741000,3.0,MEDIUM,12.0,0 days 01:19:39.234000,1,True,18.2,17.7,47.0,939.5,False,4.0,286,laps_2023_las_vegas_R.csv,101.741
TSU,22,AlphaTauri,36.0,0 days 00:01:40.209000,3.0,HARD,15.0,0 days 01:19:39.615000,1,True,18.2,17.7,47.0,939.5,False,4.0,286,laps_2023_las_vegas_R.csv,100.209
LEC,16,Ferrari,37.0,0 days 00:01:37.929000,2.0,HARD,16.0,0 days 01:20:43.512000,1,True,18.1,17.7,47.0,939.4,False,2.2,301,laps_2023_las_vegas_R.csv,97.929
VER,1,Red Bull,37.0,0 days 00:01:36.660000,3.0,HARD,11.0,0 days 01:20:44.141000,1,True,18.1,17.7,47.0,939.4,False,2.2,301,laps_2023_las_vegas_R.csv,96.66
PER,11,Red Bull,37.0,0 days 00:01:37.055000,3.0,HARD,11.0,0 days 01:20:44.836000,1,True,18.1,17.7,47.0,939.4,False,2.2,301,laps_2023_las_vegas_R.csv,97.055
PIA,81,McLaren,37.0,0 days 00:01:37.484000,2.0,HARD,22.0,0 days 01:20:47.292000,1,True,18.1,17.7,47.0,939.4,False,2.2,301,laps_2023_las_vegas_R.csv,97.484
OCO,31,Alpine,37.0,0 days 00:01:37.044000,2.0,HARD,17.0,0 days 01:20:50.694000,1,True,18.1,17.7,47.0,939.4,False,2.2,301,laps_2023_las_vegas_R.csv,97.044
GAS,10,Alpine,37.0,0 days 00:01:36.913000,2.0,HARD,20.0,0 days 01:20:51.531000,1,True,18.1,17.7,47.0,939.4,False,2.2,301,laps_2023_las_vegas_R.csv,96.913
STR,18,Aston Martin,37.0,0 days 00:01:37.234000,3.0,HARD,11.0,0 days 01:20:53.437000,1,True,18.1,17.7,47.0,939.4,False,2.2,301,laps_2023_las_vegas_R.csv,97.234
ALB,23,Williams,37.0,0 days 00:01:38.099000,2.0,HARD,21.0,0 days 01:20:54.694000,1,True,18.1,17.7,47.0,939.4,False,2.2,301,laps_2023_las_vegas_R.csv,98.099
RUS,63,Mercedes,37.0,0 days 00:01:38.010000,3.0,HARD,11.0,0 days 01:20:55.198000,1,True,18.1,17.7,47.0,939.4,False,2.2,301,laps_2023_las_vegas_R.csv,98.01
SAI,55,Ferrari,37.0,0 days 00:01:37.858000,3.0,HARD,11.0,0 days 01:20:55.489000,1,True,18.1,17.7,47.0,939.4,False,2.2,301,laps_2023_las_vegas_R.csv,97.858
ALO,14,Aston Martin,37.0,0 days 00:01:37.879000,3.0,HARD,11.0,0 days 01:20:56.355000,1,True,18.1,17.7,47.0,939.4,False,2.2,301,laps_2023_las_vegas_R.csv,97.879
ZHO,24,Alfa Romeo,37.0,0 days 00:01:38.420000,2.0,MEDIUM,11.0,0 days 01:20:57.176000,1,True,18.1,17.7,47.0,939.4,False,2.2,301,laps_2023_las_vegas_R.csv,98.42
HAM,44,Mercedes,37.0,0 days 00:01:37.389000,3.0,HARD,11.0,0 days 01:20:57.381000,1,True,18.1,17.7,47.0,939.4,False,2.2,301,laps_2023_las_vegas_R.csv,97.389
SAR,2,Williams,37.0,0 days 00:01:38.694000,2.0,HARD,22.0,0 days 01:20:59.735000,1,True,18.1,17.7,47.0,939.4,False,2.2,301,laps_2023_las_vegas_R.csv,98.694
MAG,20,Haas F1 Team,37.0,0 days 00:01:38.615000,3.0,HARD,11.0,0 days 01:21:00.374000,1,True,18.1,17.7,47.0,939.4,False,2.2,301,laps_2023_las_vegas_R.csv,98.615
HUL,27,Haas F1 Team,37.0,0 days 00:01:37.877000,3.0,HARD,11.0,0 days 01:21:01.649000,1,True,18.1,17.7,47.0,939.4,False,2.2,301,laps_2023_las_vegas_R.csv,97.877
RIC,3,AlphaTauri,37.0,0 days 00:01:37.400000,2.0,HARD,20.0,0 days 01:21:03.709000,1,True,18.1,17.7,47.0,939.4,False,2.2,301,laps_2023_las_vegas_R.csv,97.4
TSU,22,AlphaTauri,37.0,0 days 00:01:38.836000,3.0,HARD,16.0,0 days 01:21:19.824000,1,True,18.1,17.7,47.0,939.4,False,2.2,301,laps_2023_las_vegas_R.csv,98.836
BOT,77,Alfa Romeo,37.0,0 days 00:01:41.632000,3.0,MEDIUM,13.0,0 days 01:21:20.975000,1,True,18.1,17.7,47.0,939.4,False,2.2,301,laps_2023_las_vegas_R.csv,101.632
VER,1,Red Bull,38.0,0 days 00:01:36.100000,3.0,HARD,12.0,0 days 01:22:20.801000,1,True,18.2,17.7,47.0,939.4,False,1.7,0,laps_2023_las_vegas_R.csv,96.1
LEC,16,Ferrari,38.0,0 days 00:01:36.256000,2.0,HARD,17.0,0 days 01:22:21.441000,1,True,18.2,17.7,47.0,939.4,False,1.7,0,laps_2023_las_vegas_R.csv,96.256
PER,11,Red Bull,38.0,0 days 00:01:36.510000,3.0,HARD,12.0,0 days 01:22:21.891000,1,True,18.2,17.7,47.0,939.4,False,1.7,0,laps_2023_las_vegas_R.csv,96.51
PIA,81,McLaren,38.0,0 days 00:01:37.202000,2.0,HARD,23.0,0 days 01:22:24.776000,1,True,18.2,17.7,47.0,939.4,False,1.7,0,laps_2023_las_vegas_R.csv,97.202
OCO,31,Alpine,38.0,0 days 00:01:36.964000,2.0,HARD,18.0,0 days 01:22:27.738000,1,True,18.2,17.7,47.0,939.4,False,1.7,0,laps_2023_las_vegas_R.csv,96.964
GAS,10,Alpine,38.0,0 days 00:01:37.004000,2.0,HARD,21.0,0 days 01:22:28.444000,1,True,18.2,17.7,47.0,939.4,False,1.7,0,laps_2023_las_vegas_R.csv,97.004
STR,18,Aston Martin,38.0,0 days 00:01:36.853000,3.0,HARD,12.0,0 days 01:22:30.671000,1,True,18.2,17.7,47.0,939.4,False,1.7,0,laps_2023_las_vegas_R.csv,96.853
ALB,23,Williams,38.0,0 days 00:01:37.788000,2.0,HARD,22.0,0 days 01:22:32.793000,1,True,18.2,17.7,47.0,939.4,False,1.7,0,laps_2023_las_vegas_R.csv,97.788
RUS,63,Mercedes,38.0,0 days 00:01:37.946000,3.0,HARD,12.0,0 days 01:22:33.208000,1,True,18.2,17.7,47.0,939.4,False,1.7,0,laps_2023_las_vegas_R.csv,97.946
SAI,55,Ferrari,38.0,0 days 00:01:38.298000,3.0,HARD,12.0,0 days 01:22:33.347000,1,True,18.2,17.7,47.0,939.4,False,1.7,0,laps_2023_las_vegas_R.csv,98.298
ALO,14,Aston Martin,38.0,0 days 00:01:37.759000,3.0,HARD,12.0,0 days 01:22:34.234000,1,True,18.2,17.7,47.0,939.4,False,1.7,0,laps_2023_las_vegas_R.csv,97.759
HAM,44,Mercedes,38.0,0 days 00:01:37.827000,3.0,HARD,12.0,0 days 01:22:34.770000,1,True,18.2,17.7,47.0,939.4,False,1.7,0,laps_2023_las_vegas_R.csv,97.827
ZHO,24,Alfa Romeo,38.0,0 days 00:01:38.384000,2.0,MEDIUM,12.0,0 days 01:22:35.596000,1,True,18.2,17.7,47.0,939.4,False,1.7,0,laps_2023_las_vegas_R.csv,98.384
SAR,2,Williams,38.0,0 days 00:01:38.611000,2.0,HARD,23.0,0 days 01:22:38.429000,1,True,18.1,17.9,47.0,939.4,False,0.6,305,laps_2023_las_vegas_R.csv,98.611
MAG,20,Haas F1 Team,38.0,0 days 00:01:38.684000,3.0,HARD,12.0,0 days 01:22:38.989000,1,True,18.1,17.9,47.0,939.4,False,0.6,305,laps_2023_las_vegas_R.csv,98.684
HUL,27,Haas F1 Team,38.0,0 days 00:01:38.542000,3.0,HARD,12.0,0 days 01:22:39.526000,1,True,18.1,17.9,47.0,939.4,False,0.6,305,laps_2023_las_vegas_R.csv,98.542
RIC,3,AlphaTauri,38.0,0 days 00:01:38.133000,2.0,HARD,21.0,0 days 01:22:41.109000,1,True,18.1,17.9,47.0,939.4,False,0.6,305,laps_2023_las_vegas_R.csv,98.133
TSU,22,AlphaTauri,38.0,0 days 00:01:38.957000,3.0,HARD,17.0,0 days 01:22:58.660000,1,True,18.1,17.9,47.0,939.4,False,0.6,305,laps_2023_las_vegas_R.csv,98.957
BOT,77,Alfa Romeo,38.0,0 days 00:01:40.499000,3.0,MEDIUM,14.0,0 days 01:23:02.607000,1,True,18.1,17.9,47.0,939.4,False,0.6,305,laps_2023_las_vegas_R.csv,100.499
VER,1,Red Bull,39.0,0 days 00:01:35.938000,3.0,HARD,13.0,0 days 01:23:56.901000,1,True,18.1,17.9,47.0,939.5,False,1.1,200,laps_2023_las_vegas_R.csv,95.938
LEC,16,Ferrari,39.0,0 days 00:01:36.141000,2.0,HARD,18.0,0 days 01:23:57.697000,1,True,18.1,17.9,47.0,939.5,False,1.1,200,laps_2023_las_vegas_R.csv,96.141
PER,11,Red Bull,39.0,0 days 00:01:36.119000,3.0,HARD,13.0,0 days 01:23:58.401000,1,True,18.1,17.9,47.0,939.5,False,1.1,200,laps_2023_las_vegas_R.csv,96.119
PIA,81,McLaren,39.0,0 days 00:01:37.151000,2.0,HARD,24.0,0 days 01:24:01.978000,1,True,18.1,17.9,47.0,939.5,False,1.1,200,laps_2023_las_vegas_R.csv,97.151
OCO,31,Alpine,39.0,0 days 00:01:36.905000,2.0,HARD,19.0,0 days 01:24:04.702000,1,True,18.1,17.9,47.0,939.5,False,1.1,200,laps_2023_las_vegas_R.csv,96.905
GAS,10,Alpine,39.0,0 days 00:01:37.603000,2.0,HARD,22.0,0 days 01:24:05.448000,1,True,18.1,17.9,47.0,939.5,False,1.1,200,laps_2023_las_vegas_R.csv,97.603
STR,18,Aston Martin,39.0,0 days 00:01:36.816000,3.0,HARD,13.0,0 days 01:24:07.524000,1,True,18.1,17.9,47.0,939.5,False,1.1,200,laps_2023_las_vegas_R.csv,96.816
ALB,23,Williams,39.0,0 days 00:01:38.652000,2.0,HARD,23.0,0 days 01:24:10.581000,1,True,18.1,17.9,47.0,939.5,False,1.1,200,laps_2023_las_vegas_R.csv,98.652
RUS,63,Mercedes,39.0,0 days 00:01:37.409000,3.0,HARD,13.0,0 days 01:24:11.154000,1,True,18.1,17.9,47.0,939.5,False,1.1,200,laps_2023_las_vegas_R.csv,97.409
SAI,55,Ferrari,39.0,0 days 00:01:38.142000,3.0,HARD,13.0,0 days 01:24:11.645000,1,True,18.1,17.9,47.0,939.5,False,1.1,200,laps_2023_las_vegas_R.csv,98.142
ALO,14,Aston Martin,39.0,0 days 00:01:38.048000,3.0,HARD,13.0,0 days 01:24:11.993000,1,True,18.1,17.9,47.0,939.5,False,1.1,200,laps_2023_las_vegas_R.csv,98.048
HAM,44,Mercedes,39.0,0 days 00:01:37.747000,3.0,HARD,13.0,0 days 01:24:12.597000,1,True,18.1,17.9,47.0,939.5,False,1.1,200,laps_2023_las_vegas_R.csv,97.747
ZHO,24,Alfa Romeo,39.0,0 days 00:01:38.890000,2.0,MEDIUM,13.0,0 days 01:24:13.980000,1,True,18.1,17.9,47.0,939.5,False,1.1,200,laps_2023_las_vegas_R.csv,98.89
SAR,2,Williams,39.0,0 days 00:01:38.304000,2.0,HARD,24.0,0 days 01:24:17.040000,1,True,18.1,17.9,47.0,939.5,False,1.1,200,laps_2023_las_vegas_R.csv,98.304
MAG,20,Haas F1 Team,39.0,0 days 00:01:38.163000,3.0,HARD,13.0,0 days 01:24:17.673000,1,True,18.1,17.9,47.0,939.5,False,1.1,200,laps_2023_las_vegas_R.csv,98.163
HUL,27,Haas F1 Team,39.0,0 days 00:01:38.222000,3.0,HARD,13.0,0 days 01:24:18.068000,1,True,18.1,17.9,47.0,939.5,False,1.1,200,laps_2023_las_vegas_R.csv,98.222
RIC,3,AlphaTauri,39.0,0 days 00:01:38.088000,2.0,HARD,22.0,0 days 01:24:19.242000,1,True,18.1,17.9,47.0,939.5,False,1.1,200,laps_2023_las_vegas_R.csv,98.088
TSU,22,AlphaTauri,39.0,0 days 00:01:38.689000,3.0,HARD,18.0,0 days 01:24:37.617000,1,True,18.1,17.9,47.0,939.5,False,1.7,220,laps_2023_las_vegas_R.csv,98.689
BOT,77,Alfa Romeo,39.0,0 days 00:01:40.969000,3.0,MEDIUM,15.0,0 days 01:24:43.106000,1,True,18.1,17.9,47.0,939.5,False,1.7,220,laps_2023_las_vegas_R.csv,100.969
VER,1,Red Bull,40.0,0 days 00:01:35.997000,3.0,HARD,14.0,0 days 01:25:32.839000,12,True,18.1,17.9,47.0,939.5,False,1.7,220,laps_2023_las_vegas_R.csv,95.997
LEC,16,Ferrari,40.0,0 days 00:01:36.121000,2.0,HARD,19.0,0 days 01:25:33.838000,12,True,18.1,17.9,47.0,939.5,False,1.7,220,laps_2023_las_vegas_R.csv,96.121
PER,11,Red Bull,40.0,0 days 00:01:35.939000,3.0,HARD,14.0,0 days 01:25:34.520000,12,True,18.1,17.9,47.0,939.5,False,1.7,220,laps_2023_las_vegas_R.csv,95.939
PIA,81,McLaren,40.0,0 days 00:01:37.223000,2.0,HARD,25.0,0 days 01:25:39.129000,12,True,18.1,17.8,47.0,939.5,False,1.5,308,laps_2023_las_vegas_R.csv,97.223
OCO,31,Alpine,40.0,0 days 00:01:37.190000,2.0,HARD,20.0,0 days 01:25:41.607000,12,True,18.1,17.8,47.0,939.5,False,1.5,308,laps_2023_las_vegas_R.csv,97.19
GAS,10,Alpine,40.0,0 days 00:01:37.789000,2.0,HARD,23.0,0 days 01:25:43.051000,12,True,18.1,17.8,47.0,939.5,False,1.5,308,laps_2023_las_vegas_R.csv,97.789
STR,18,Aston Martin,40.0,0 days 00:01:36.932000,3.0,HARD,14.0,0 days 01:25:44.340000,12,True,18.1,17.8,47.0,939.5,False,1.5,308,laps_2023_las_vegas_R.csv,96.932
RUS,63,Mercedes,40.0,0 days 00:01:36.654000,3.0,HARD,14.0,0 days 01:25:48.563000,12,True,18.1,17.8,47.0,939.5,False,1.5,308,laps_2023_las_vegas_R.csv,96.654
ALB,23,Williams,40.0,0 days 00:01:41.170000,2.0,HARD,24.0,0 days 01:25:49.233000,12,True,18.1,17.8,47.0,939.5,False,1.5,308,laps_2023_las_vegas_R.csv,101.17
SAI,55,Ferrari,40.0,0 days 00:01:37.241000,3.0,HARD,14.0,0 days 01:25:49.787000,12,True,18.1,17.8,47.0,939.5,False,1.5,308,laps_2023_las_vegas_R.csv,97.241
ALO,14,Aston Martin,40.0,0 days 00:01:37.628000,3.0,HARD,14.0,0 days 01:25:50.041000,12,True,18.1,17.8,47.0,939.5,False,1.5,308,laps_2023_las_vegas_R.csv,97.628
HAM,44,Mercedes,40.0,0 days 00:01:38.524000,3.0,HARD,14.0,0 days 01:25:50.344000,12,True,18.1,17.8,47.0,939.5,False,1.5,308,laps_2023_las_vegas_R.csv,98.524
ZHO,24,Alfa Romeo,40.0,0 days 00:01:38.751000,2.0,MEDIUM,14.0,0 days 01:25:52.870000,12,True,18.1,17.8,47.0,939.5,False,1.5,308,laps_2023_las_vegas_R.csv,98.751
SAR,2,Williams,40.0,0 days 00:01:39.781000,2.0,HARD,25.0,0 days 01:25:55.344000,12,True,18.1,17.8,47.0,939.5,False,1.5,308,laps_2023_las_vegas_R.csv,99.781
MAG,20,Haas F1 Team,40.0,0 days 00:01:38.687000,3.0,HARD,14.0,0 days 01:25:55.836000,12,True,18.1,17.8,47.0,939.5,False,1.5,308,laps_2023_las_vegas_R.csv,98.687
HUL,27,Haas F1 Team,40.0,0 days 00:01:39.174000,3.0,HARD,14.0,0 days 01:25:56.290000,12,True,18.1,17.8,47.0,939.5,False,1.5,308,laps_2023_las_vegas_R.csv,99.174
RIC,3,AlphaTauri,40.0,0 days 00:01:38.686000,2.0,HARD,23.0,0 days 01:25:57.330000,12,True,18.1,17.8,47.0,939.5,False,1.5,308,laps_2023_las_vegas_R.csv,98.686
TSU,22,AlphaTauri,40.0,0 days 00:01:38.391000,3.0,HARD,19.0,0 days 01:26:16.306000,12,True,18.1,17.8,47.0,939.5,False,1.5,308,laps_2023_las_vegas_R.csv,98.391
BOT,77,Alfa Romeo,40.0,0 days 00:01:40.347000,3.0,MEDIUM,16.0,0 days 01:26:24.075000,12,True,18.1,17.8,47.0,939.5,False,1.5,308,laps_2023_las_vegas_R.csv,100.347
VER,1,Red Bull,41.0,0 days 00:01:35.920000,3.0,HARD,15.0,0 days 01:27:08.836000,1,True,18.2,17.7,47.0,939.7,False,1.3,16,laps_2023_las_vegas_R.csv,95.92
LEC,16,Ferrari,41.0,0 days 00:01:36.457000,2.0,HARD,20.0,0 days 01:27:09.959000,1,True,18.2,17.7,47.0,939.7,False,1.3,16,laps_2023_las_vegas_R.csv,96.457
PER,11,Red Bull,41.0,0 days 00:01:36.288000,3.0,HARD,15.0,0 days 01:27:10.459000,1,True,18.2,17.7,47.0,939.7,False,1.3,16,laps_2023_las_vegas_R.csv,96.288
PIA,81,McLaren,41.0,0 days 00:01:37.408000,2.0,HARD,26.0,0 days 01:27:16.352000,1,True,18.2,17.7,47.0,939.7,False,1.3,16,laps_2023_las_vegas_R.csv,97.408
OCO,31,Alpine,41.0,0 days 00:01:37.607000,2.0,HARD,21.0,0 days 01:27:18.797000,1,True,18.2,17.7,47.0,939.7,False,1.3,16,laps_2023_las_vegas_R.csv,97.607
GAS,10,Alpine,41.0,0 days 00:01:38.760000,2.0,HARD,24.0,0 days 01:27:20.840000,1,True,18.2,17.7,47.0,939.7,False,1.3,16,laps_2023_las_vegas_R.csv,98.76
STR,18,Aston Martin,41.0,0 days 00:01:37.741000,3.0,HARD,15.0,0 days 01:27:21.272000,1,True,18.2,17.7,47.0,939.7,False,1.3,16,laps_2023_las_vegas_R.csv,97.741
RUS,63,Mercedes,41.0,0 days 00:01:36.692000,3.0,HARD,15.0,0 days 01:27:25.217000,1,True,18.2,17.7,47.0,939.7,False,1.3,16,laps_2023_las_vegas_R.csv,96.692
SAI,55,Ferrari,41.0,0 days 00:01:36.804000,3.0,HARD,15.0,0 days 01:27:27.028000,1,True,18.2,17.7,47.0,939.7,False,1.3,16,laps_2023_las_vegas_R.csv,96.804
ALO,14,Aston Martin,41.0,0 days 00:01:36.704000,3.0,HARD,15.0,0 days 01:27:27.669000,1,True,18.2,17.7,47.0,939.7,False,1.3,16,laps_2023_las_vegas_R.csv,96.704
HAM,44,Mercedes,41.0,0 days 00:01:36.549000,3.0,HARD,15.0,0 days 01:27:28.868000,1,True,18.2,17.7,47.0,939.7,False,1.3,16,laps_2023_las_vegas_R.csv,96.549
ALB,23,Williams,41.0,0 days 00:01:39.349000,2.0,HARD,25.0,0 days 01:27:30.403000,1,True,18.2,17.7,47.0,939.7,False,1.3,16,laps_2023_las_vegas_R.csv,99.349
ZHO,24,Alfa Romeo,41.0,0 days 00:01:38.618000,2.0,MEDIUM,15.0,0 days 01:27:31.621000,1,True,18.2,17.7,47.0,939.7,False,1.3,16,laps_2023_las_vegas_R.csv,98.618
MAG,20,Haas F1 Team,41.0,0 days 00:01:38.455000,3.0,HARD,15.0,0 days 01:27:34.523000,1,True,18.2,17.7,47.0,939.7,False,1.3,16,laps_2023_las_vegas_R.csv,98.455
SAR,2,Williams,41.0,0 days 00:01:38.695000,2.0,HARD,26.0,0 days 01:27:35.125000,1,True,18.2,17.7,47.0,939.7,False,1.3,16,laps_2023_las_vegas_R.csv,98.695
HUL,27,Haas F1 Team,41.0,0 days 00:01:38.762000,3.0,HARD,15.0,0 days 01:27:35.464000,1,True,18.2,17.7,47.0,939.7,False,1.3,16,laps_2023_las_vegas_R.csv,98.762
RIC,3,AlphaTauri,41.0,0 days 00:01:38.960000,2.0,HARD,24.0,0 days 01:27:36.016000,1,True,18.2,17.7,47.0,939.7,False,1.3,16,laps_2023_las_vegas_R.csv,98.96
TSU,22,AlphaTauri,41.0,0 days 00:01:38.004000,3.0,HARD,20.0,0 days 01:27:54.697000,1,True,18.2,17.8,47.0,939.5,False,1.3,18,laps_2023_las_vegas_R.csv,98.004
BOT,77,Alfa Romeo,41.0,0 days 00:01:40.593000,3.0,MEDIUM,17.0,0 days 01:28:04.422000,1,True,18.2,17.8,47.0,939.5,False,1.3,18,laps_2023_las_vegas_R.csv,100.593
VER,1,Red Bull,42.0,0 days 00:01:36.212000,3.0,HARD,16.0,0 days 01:28:44.756000,1,True,18.1,17.8,47.0,939.7,False,2.0,288,laps_2023_las_vegas_R.csv,96.212
LEC,16,Ferrari,42.0,0 days 00:01:36.527000,2.0,HARD,21.0,0 days 01:28:46.416000,1,True,18.1,17.8,47.0,939.7,False,2.0,288,laps_2023_las_vegas_R.csv,96.527
PER,11,Red Bull,42.0,0 days 00:01:36.637000,3.0,HARD,16.0,0 days 01:28:46.747000,1,True,18.1,17.8,47.0,939.7,False,2.0,288,laps_2023_las_vegas_R.csv,96.637
PIA,81,McLaren,42.0,0 days 00:01:37.435000,2.0,HARD,27.0,0 days 01:28:53.760000,1,True,18.1,17.8,47.0,939.7,False,2.0,288,laps_2023_las_vegas_R.csv,97.435
OCO,31,Alpine,42.0,0 days 00:01:37.253000,2.0,HARD,22.0,0 days 01:28:56.404000,1,True,18.1,17.8,47.0,939.7,False,2.0,288,laps_2023_las_vegas_R.csv,97.253
STR,18,Aston Martin,42.0,0 days 00:01:37.078000,3.0,HARD,16.0,0 days 01:28:59.013000,1,True,18.1,17.8,47.0,939.7,False,2.0,288,laps_2023_las_vegas_R.csv,97.078
GAS,10,Alpine,42.0,0 days 00:01:38.094000,2.0,HARD,25.0,0 days 01:28:59.600000,1,True,18.1,17.8,47.0,939.7,False,2.0,288,laps_2023_las_vegas_R.csv,98.094
RUS,63,Mercedes,42.0,0 days 00:01:37.111000,3.0,HARD,16.0,0 days 01:29:01.909000,1,True,18.1,17.8,47.0,939.7,False,2.0,288,laps_2023_las_vegas_R.csv,97.111
SAI,55,Ferrari,42.0,0 days 00:01:36.474000,3.0,HARD,16.0,0 days 01:29:03.832000,1,True,18.1,17.8,47.0,939.7,False,2.0,288,laps_2023_las_vegas_R.csv,96.474
ALO,14,Aston Martin,42.0,0 days 00:01:36.559000,3.0,HARD,16.0,0 days 01:29:04.373000,1,True,18.1,17.8,47.0,939.7,False,2.0,288,laps_2023_las_vegas_R.csv,96.559
HAM,44,Mercedes,42.0,0 days 00:01:36.037000,3.0,HARD,16.0,0 days 01:29:05.417000,1,True,18.1,17.8,47.0,939.7,False,2.0,288,laps_2023_las_vegas_R.csv,96.037
ALB,23,Williams,42.0,0 days 00:01:38.718000,2.0,HARD,26.0,0 days 01:29:09.752000,1,True,18.1,17.8,47.0,939.7,False,2.0,288,laps_2023_las_vegas_R.csv,98.718
ZHO,24,Alfa Romeo,42.0,0 days 00:01:39.026000,2.0,MEDIUM,16.0,0 days 01:29:10.239000,1,True,18.1,17.8,47.0,939.7,False,2.0,288,laps_2023_las_vegas_R.csv,99.026
MAG,20,Haas F1 Team,42.0,0 days 00:01:38.134000,3.0,HARD,16.0,0 days 01:29:12.978000,1,True,18.1,17.8,47.0,939.7,False,2.0,288,laps_2023_las_vegas_R.csv,98.134
SAR,2,Williams,42.0,0 days 00:01:40.057000,2.0,HARD,27.0,0 days 01:29:13.820000,1,True,18.1,17.8,47.0,939.7,False,2.0,288,laps_2023_las_vegas_R.csv,100.057
HUL,27,Haas F1 Team,42.0,0 days 00:01:38.486000,3.0,HARD,16.0,0 days 01:29:14.226000,1,True,18.1,17.8,47.0,939.7,False,2.0,288,laps_2023_las_vegas_R.csv,98.486
RIC,3,AlphaTauri,42.0,0 days 00:01:39.455000,2.0,HARD,25.0,0 days 01:29:14.976000,1,True,18.1,17.8,47.0,939.7,False,2.0,288,laps_2023_las_vegas_R.csv,99.455
TSU,22,AlphaTauri,42.0,0 days 00:01:38.155000,3.0,HARD,21.0,0 days 01:29:32.701000,1,True,18.1,17.8,47.0,939.7,False,2.0,288,laps_2023_las_vegas_R.csv,98.155
BOT,77,Alfa Romeo,42.0,0 days 00:01:40.002000,3.0,MEDIUM,18.0,0 days 01:29:45.015000,1,True,18.2,17.8,47.0,939.5,False,0.8,4,laps_2023_las_vegas_R.csv,100.002
VER,1,Red Bull,43.0,0 days 00:01:35.983000,3.0,HARD,17.0,0 days 01:30:20.968000,1,True,18.2,17.8,47.0,939.5,False,0.8,4,laps_2023_las_vegas_R.csv,95.983
LEC,16,Ferrari,43.0,0 days 00:01:38.449000,2.0,HARD,22.0,0 days 01:30:22.943000,1,True,18.2,17.8,47.0,939.5,False,0.8,4,laps_2023_las_vegas_R.csv,98.449
PER,11,Red Bull,43.0,0 days 00:01:36.414000,3.0,HARD,17.0,0 days 01:30:23.384000,1,True,18.2,17.8,47.0,939.5,False,0.8,4,laps_2023_las_vegas_R.csv,96.414
OCO,31,Alpine,43.0,0 days 00:01:37.292000,2.0,HARD,23.0,0 days 01:30:33.657000,1,True,18.2,17.8,47.0,939.5,False,0.8,4,laps_2023_las_vegas_R.csv,97.292
STR,18,Aston Martin,43.0,0 days 00:01:36.941000,3.0,HARD,17.0,0 days 01:30:36.091000,1,True,18.2,17.8,47.0,939.5,False,0.8,4,laps_2023_las_vegas_R.csv,96.941
GAS,10,Alpine,43.0,0 days 00:01:38.666000,2.0,HARD,26.0,0 days 01:30:37.694000,1,True,18.1,17.7,47.0,939.9,False,2.4,261,laps_2023_las_vegas_R.csv,98.666
RUS,63,Mercedes,43.0,0 days 00:01:36.581000,3.0,HARD,17.0,0 days 01:30:39.020000,1,True,18.1,17.7,47.0,939.9,False,2.4,261,laps_2023_las_vegas_R.csv,96.581
SAI,55,Ferrari,43.0,0 days 00:01:36.516000,3.0,HARD,17.0,0 days 01:30:40.306000,1,True,18.1,17.7,47.0,939.9,False,2.4,261,laps_2023_las_vegas_R.csv,96.516
ALO,14,Aston Martin,43.0,0 days 00:01:36.801000,3.0,HARD,17.0,0 days 01:30:40.932000,1,True,18.1,17.7,47.0,939.9,False,2.4,261,laps_2023_las_vegas_R.csv,96.801
HAM,44,Mercedes,43.0,0 days 00:01:37.417000,3.0,HARD,17.0,0 days 01:30:41.454000,1,True,18.1,17.7,47.0,939.9,False,2.4,261,laps_2023_las_vegas_R.csv,97.417
ALB,23,Williams,43.0,0 days 00:01:38.565000,2.0,HARD,27.0,0 days 01:30:48.470000,1,True,18.1,17.7,47.0,939.9,False,2.4,261,laps_2023_las_vegas_R.csv,98.565
ZHO,24,Alfa Romeo,43.0,0 days 00:01:38.321000,2.0,MEDIUM,17.0,0 days 01:30:49.265000,1,True,18.1,17.7,47.0,939.9,False,2.4,261,laps_2023_las_vegas_R.csv,98.321
MAG,20,Haas F1 Team,43.0,0 days 00:01:37.915000,3.0,HARD,17.0,0 days 01:30:51.112000,1,True,18.1,17.7,47.0,939.9,False,2.4,261,laps_2023_las_vegas_R.csv,97.915
HUL,27,Haas F1 Team,43.0,0 days 00:01:37.565000,3.0,HARD,17.0,0 days 01:30:52.712000,1,True,18.1,17.7,47.0,939.9,False,2.4,261,laps_2023_las_vegas_R.csv,97.565
SAR,2,Williams,43.0,0 days 00:01:38.650000,2.0,HARD,28.0,0 days 01:30:53.877000,1,True,18.1,17.7,47.0,939.9,False,2.4,261,laps_2023_las_vegas_R.csv,98.65
RIC,3,AlphaTauri,43.0,0 days 00:01:38.589000,2.0,HARD,26.0,0 days 01:30:54.431000,1,True,18.1,17.7,47.0,939.9,False,2.4,261,laps_2023_las_vegas_R.csv,98.589
TSU,22,AlphaTauri,43.0,0 days 00:01:37.945000,3.0,HARD,22.0,0 days 01:31:10.856000,1,True,18.1,17.7,47.0,939.9,False,2.4,261,laps_2023_las_vegas_R.csv,97.945
BOT,77,Alfa Romeo,43.0,0 days 00:01:39.831000,3.0,MEDIUM,19.0,0 days 01:31:25.017000,1,True,18.1,17.7,47.0,939.9,False,2.4,261,laps_2023_las_vegas_R.csv,99.831
VER,1,Red Bull,44.0,0 days 00:01:35.614000,3.0,HARD,18.0,0 days 01:31:56.951000,1,True,18.1,17.7,47.0,939.9,False,2.2,258,laps_2023_las_vegas_R.csv,95.614
PER,11,Red Bull,44.0,0 days 00:01:36.586000,3.0,HARD,18.0,0 days 01:31:59.798000,1,True,18.1,17.7,47.0,939.9,False,2.2,258,laps_2023_las_vegas_R.csv,96.586
LEC,16,Ferrari,44.0,0 days 00:01:36.126000,2.0,HARD,23.0,0 days 01:32:01.392000,1,True,18.1,17.7,47.0,939.9,False,2.2,258,laps_2023_las_vegas_R.csv,96.126
OCO,31,Alpine,44.0,0 days 00:01:37.191000,2.0,HARD,24.0,0 days 01:32:10.949000,1,True,18.1,17.7,47.0,939.9,False,2.2,258,laps_2023_las_vegas_R.csv,97.191
STR,18,Aston Martin,44.0,0 days 00:01:36.763000,3.0,HARD,18.0,0 days 01:32:13.032000,1,True,18.1,17.7,47.0,939.9,False,2.2,258,laps_2023_las_vegas_R.csv,96.763
RUS,63,Mercedes,44.0,0 days 00:01:36.071000,3.0,HARD,18.0,0 days 01:32:15.601000,1,True,18.1,17.7,47.0,939.9,False,2.2,258,laps_2023_las_vegas_R.csv,96.071
GAS,10,Alpine,44.0,0 days 00:01:39.943000,2.0,HARD,27.0,0 days 01:32:16.360000,1,True,18.1,17.7,47.0,939.9,False,2.2,258,laps_2023_las_vegas_R.csv,99.943
SAI,55,Ferrari,44.0,0 days 00:01:37.502000,3.0,HARD,18.0,0 days 01:32:16.822000,1,True,18.1,17.7,47.0,939.9,False,2.2,258,laps_2023_las_vegas_R.csv,97.502
ALO,14,Aston Martin,44.0,0 days 00:01:37.992000,3.0,HARD,18.0,0 days 01:32:17.733000,1,True,18.1,17.7,47.0,939.9,False,2.2,258,laps_2023_las_vegas_R.csv,97.992
HAM,44,Mercedes,44.0,0 days 00:01:37.316000,3.0,HARD,18.0,0 days 01:32:18.871000,1,True,18.1,17.7,47.0,939.9,False,2.2,258,laps_2023_las_vegas_R.csv,97.316
ALB,23,Williams,44.0,0 days 00:01:39.131000,2.0,HARD,28.0,0 days 01:32:27.035000,1,True,18.1,17.7,47.0,939.9,False,2.2,258,laps_2023_las_vegas_R.csv,99.131
ZHO,24,Alfa Romeo,44.0,0 days 00:01:39.741000,2.0,MEDIUM,18.0,0 days 01:32:27.586000,1,True,18.1,17.7,47.0,939.9,False,2.2,258,laps_2023_las_vegas_R.csv,99.741
MAG,20,Haas F1 Team,44.0,0 days 00:01:38.693000,3.0,HARD,18.0,0 days 01:32:29.027000,1,True,18.1,17.7,47.0,939.9,False,2.2,258,laps_2023_las_vegas_R.csv,98.693
HUL,27,Haas F1 Team,44.0,0 days 00:01:37.977000,3.0,HARD,18.0,0 days 01:32:30.277000,1,True,18.1,17.7,47.0,939.9,False,2.2,258,laps_2023_las_vegas_R.csv,97.977
SAR,2,Williams,44.0,0 days 00:01:38.942000,2.0,HARD,29.0,0 days 01:32:32.527000,1,True,18.1,17.7,47.0,939.9,False,2.2,258,laps_2023_las_vegas_R.csv,98.942
RIC,3,AlphaTauri,44.0,0 days 00:01:38.834000,2.0,HARD,27.0,0 days 01:32:33.020000,1,True,18.1,17.7,47.0,939.9,False,2.2,258,laps_2023_las_vegas_R.csv,98.834
TSU,22,AlphaTauri,44.0,0 days 00:01:37.730000,3.0,HARD,23.0,0 days 01:32:48.801000,1,True,18.1,17.7,47.0,939.7,False,2.4,254,laps_2023_las_vegas_R.csv,97.73
BOT,77,Alfa Romeo,44.0,0 days 00:01:39.304000,3.0,MEDIUM,20.0,0 days 01:33:04.848000,1,True,18.1,17.7,47.0,939.7,False,2.4,254,laps_2023_las_vegas_R.csv,99.304
VER,1,Red Bull,45.0,0 days 00:01:35.867000,3.0,HARD,19.0,0 days 01:33:32.565000,1,True,18.1,17.7,47.0,939.7,False,2.4,254,laps_2023_las_vegas_R.csv,95.867
PER,11,Red Bull,45.0,0 days 00:01:36.110000,3.0,HARD,19.0,0 days 01:33:36.384000,1,True,18.1,17.7,47.0,939.7,False,2.4,254,laps_2023_las_vegas_R.csv,96.11
LEC,16,Ferrari,45.0,0 days 00:01:35.713000,2.0,HARD,24.0,0 days 01:33:37.518000,1,True,18.0,17.6,48.0,939.7,False,1.5,290,laps_2023_las_vegas_R.csv,95.713
OCO,31,Alpine,45.0,0 days 00:01:36.929000,2.0,HARD,25.0,0 days 01:33:48.140000,1,True,18.0,17.6,48.0,939.7,False,1.5,290,laps_2023_las_vegas_R.csv,96.929
STR,18,Aston Martin,45.0,0 days 00:01:36.584000,3.0,HARD,19.0,0 days 01:33:49.795000,1,True,18.0,17.6,48.0,939.7,False,1.5,290,laps_2023_las_vegas_R.csv,96.584
RUS,63,Mercedes,45.0,0 days 00:01:36.291000,3.0,HARD,19.0,0 days 01:33:51.672000,1,True,18.0,17.6,48.0,939.7,False,1.5,290,laps_2023_las_vegas_R.csv,96.291
SAI,55,Ferrari,45.0,0 days 00:01:36.064000,3.0,HARD,19.0,0 days 01:33:54.324000,1,True,18.0,17.6,48.0,939.7,False,1.5,290,laps_2023_las_vegas_R.csv,96.064
ALO,14,Aston Martin,45.0,0 days 00:01:36.680000,3.0,HARD,19.0,0 days 01:33:55.725000,1,True,18.0,17.6,48.0,939.7,False,1.5,290,laps_2023_las_vegas_R.csv,96.68
HAM,44,Mercedes,45.0,0 days 00:01:36.471000,3.0,HARD,19.0,0 days 01:33:56.187000,1,True,18.0,17.6,48.0,939.7,False,1.5,290,laps_2023_las_vegas_R.csv,96.471
GAS,10,Alpine,45.0,0 days 00:01:38.829000,2.0,HARD,28.0,0 days 01:33:56.303000,1,True,18.0,17.6,48.0,939.7,False,1.5,290,laps_2023_las_vegas_R.csv,98.829
PIA,81,McLaren,45.0,0 days 00:01:36.255000,3.0,MEDIUM,3.0,0 days 01:34:05.782000,1,True,18.0,17.6,48.0,939.7,False,1.5,290,laps_2023_las_vegas_R.csv,96.255
ALB,23,Williams,45.0,0 days 00:01:38.508000,2.0,HARD,29.0,0 days 01:34:06.166000,1,True,18.0,17.6,48.0,939.7,False,1.5,290,laps_2023_las_vegas_R.csv,98.508
ZHO,24,Alfa Romeo,45.0,0 days 00:01:38.534000,2.0,MEDIUM,19.0,0 days 01:34:07.327000,1,True,18.0,17.6,48.0,939.7,False,1.5,290,laps_2023_las_vegas_R.csv,98.534
MAG,20,Haas F1 Team,45.0,0 days 00:01:38.597000,3.0,HARD,19.0,0 days 01:34:07.720000,1,True,18.0,17.6,48.0,939.7,False,1.5,290,laps_2023_las_vegas_R.csv,98.597
HUL,27,Haas F1 Team,45.0,0 days 00:01:38.535000,3.0,HARD,19.0,0 days 01:34:08.254000,1,True,18.0,17.6,48.0,939.7,False,1.5,290,laps_2023_las_vegas_R.csv,98.535
SAR,2,Williams,45.0,0 days 00:01:38.569000,2.0,HARD,30.0,0 days 01:34:11.469000,1,True,18.0,17.6,48.0,939.7,False,1.5,290,laps_2023_las_vegas_R.csv,98.569
RIC,3,AlphaTauri,45.0,0 days 00:01:37.510000,2.0,HARD,28.0,0 days 01:34:11.854000,1,True,18.0,17.6,48.0,939.7,False,1.5,290,laps_2023_las_vegas_R.csv,97.51
TSU,22,AlphaTauri,45.0,0 days 00:01:37.587000,3.0,HARD,24.0,0 days 01:34:26.531000,1,True,18.0,17.6,48.0,939.7,False,1.5,290,laps_2023_las_vegas_R.csv,97.587
BOT,77,Alfa Romeo,45.0,0 days 00:01:39.075000,3.0,MEDIUM,21.0,0 days 01:34:44.152000,1,True,18.0,17.6,48.0,939.5,False,1.7,284,laps_2023_las_vegas_R.csv,99.075
VER,1,Red Bull,46.0,0 days 00:01:35.896000,3.0,HARD,20.0,0 days 01:35:08.432000,1,True,18.0,17.6,48.0,939.5,False,1.7,284,laps_2023_las_vegas_R.csv,95.896
PER,11,Red Bull,46.0,0 days 00:01:36.164000,3.0,HARD,20.0,0 days 01:35:12.494000,1,True,18.0,17.6,48.0,939.5,False,1.7,284,laps_2023_las_vegas_R.csv,96.164
LEC,16,Ferrari,46.0,0 days 00:01:36.091000,2.0,HARD,25.0,0 days 01:35:13.231000,1,True,18.0,17.6,48.0,939.5,False,1.7,284,laps_2023_las_vegas_R.csv,96.091
OCO,31,Alpine,46.0,0 days 00:01:36.917000,2.0,HARD,26.0,0 days 01:35:25.069000,1,True,18.0,17.6,48.0,939.5,False,1.7,284,laps_2023_las_vegas_R.csv,96.917
STR,18,Aston Martin,46.0,0 days 00:01:36.868000,3.0,HARD,20.0,0 days 01:35:26.379000,1,True,18.0,17.6,48.0,939.5,False,1.7,284,laps_2023_las_vegas_R.csv,96.868
RUS,63,Mercedes,46.0,0 days 00:01:36.325000,3.0,HARD,20.0,0 days 01:35:27.963000,1,True,18.0,17.6,48.0,939.5,False,1.7,284,laps_2023_las_vegas_R.csv,96.325
SAI,55,Ferrari,46.0,0 days 00:01:36.186000,3.0,HARD,20.0,0 days 01:35:30.388000,1,True,18.0,17.6,48.0,939.5,False,1.7,284,laps_2023_las_vegas_R.csv,96.186
ALO,14,Aston Martin,46.0,0 days 00:01:37.178000,3.0,HARD,20.0,0 days 01:35:32.405000,1,True,18.0,17.6,48.0,939.5,False,1.7,284,laps_2023_las_vegas_R.csv,97.178
HAM,44,Mercedes,46.0,0 days 00:01:36.217000,3.0,HARD,20.0,0 days 01:35:32.658000,1,True,18.0,17.6,48.0,939.5,False,1.7,284,laps_2023_las_vegas_R.csv,96.217
GAS,10,Alpine,46.0,0 days 00:01:38.079000,2.0,HARD,29.0,0 days 01:35:35.132000,12,True,18.0,17.6,48.0,939.5,False,1.7,284,laps_2023_las_vegas_R.csv,98.079
PIA,81,McLaren,46.0,0 days 00:01:35.585000,3.0,MEDIUM,4.0,0 days 01:35:42.037000,12,True,18.0,17.7,48.0,939.7,False,1.6,195,laps_2023_las_vegas_R.csv,95.585
ALB,23,Williams,46.0,0 days 00:01:38.284000,2.0,HARD,30.0,0 days 01:35:44.674000,12,True,18.0,17.7,48.0,939.7,False,1.6,195,laps_2023_las_vegas_R.csv,98.284
ZHO,24,Alfa Romeo,46.0,0 days 00:01:39.897000,2.0,MEDIUM,20.0,0 days 01:35:45.861000,12,True,18.0,17.7,48.0,939.7,False,1.6,195,laps_2023_las_vegas_R.csv,99.897
MAG,20,Haas F1 Team,46.0,0 days 00:01:38.918000,3.0,HARD,20.0,0 days 01:35:46.317000,12,True,18.0,17.7,48.0,939.7,False,1.6,195,laps_2023_las_vegas_R.csv,98.918
RIC,3,AlphaTauri,46.0,0 days 00:01:37.347000,2.0,HARD,29.0,0 days 01:35:49.364000,12,True,18.0,17.7,48.0,939.7,False,1.6,195,laps_2023_las_vegas_R.csv,97.347
SAR,2,Williams,46.0,0 days 00:01:38.814000,2.0,HARD,31.0,0 days 01:35:50.038000,12,True,18.0,17.7,48.0,939.7,False,1.6,195,laps_2023_las_vegas_R.csv,98.814
TSU,22,AlphaTauri,46.0,0 days 00:01:37.906000,3.0,HARD,25.0,0 days 01:36:04.118000,12,True,18.0,17.7,48.0,939.7,False,1.6,195,laps_2023_las_vegas_R.csv,97.906
BOT,77,Alfa Romeo,46.0,0 days 00:01:38.672000,3.0,MEDIUM,22.0,0 days 01:36:23.227000,12,True,18.0,17.7,48.0,939.7,False,1.6,195,laps_2023_las_vegas_R.csv,98.672
VER,1,Red Bull,47.0,0 days 00:01:35.879000,3.0,HARD,21.0,0 days 01:36:44.328000,12,True,18.0,17.8,48.0,939.7,False,2.2,104,laps_2023_las_vegas_R.csv,95.879
PER,11,Red Bull,47.0,0 days 00:01:36.016000,3.0,HARD,21.0,0 days 01:36:48.658000,12,True,18.0,17.8,48.0,939.7,False,2.2,104,laps_2023_las_vegas_R.csv,96.016
LEC,16,Ferrari,47.0,0 days 00:01:35.995000,2.0,HARD,26.0,0 days 01:36:49.322000,12,True,18.0,17.8,48.0,939.7,False,2.2,104,laps_2023_las_vegas_R.csv,95.995
OCO,31,Alpine,47.0,0 days 00:01:36.637000,2.0,HARD,27.0,0 days 01:37:01.986000,12,True,18.0,17.8,48.0,939.7,False,2.2,104,laps_2023_las_vegas_R.csv,96.637
STR,18,Aston Martin,47.0,0 days 00:01:36.791000,3.0,HARD,21.0,0 days 01:37:03.247000,12,True,18.0,17.8,48.0,939.7,False,2.2,104,laps_2023_las_vegas_R.csv,96.791
RUS,63,Mercedes,47.0,0 days 00:01:36.351000,3.0,HARD,21.0,0 days 01:37:04.288000,12,True,18.0,17.8,48.0,939.7,False,2.2,104,laps_2023_las_vegas_R.csv,96.351
SAI,55,Ferrari,47.0,0 days 00:01:35.984000,3.0,HARD,21.0,0 days 01:37:06.574000,12,True,18.0,17.8,48.0,939.7,False,2.2,104,laps_2023_las_vegas_R.csv,95.984
HAM,44,Mercedes,47.0,0 days 00:01:36.425000,3.0,HARD,21.0,0 days 01:37:08.875000,12,True,18.0,17.8,48.0,939.7,False,2.2,104,laps_2023_las_vegas_R.csv,96.425
ALO,14,Aston Martin,47.0,0 days 00:01:36.718000,3.0,HARD,21.0,0 days 01:37:09.583000,12,True,18.0,17.8,48.0,939.7,False,2.2,104,laps_2023_las_vegas_R.csv,96.718
GAS,10,Alpine,47.0,0 days 00:01:37.907000,2.0,HARD,30.0,0 days 01:37:13.211000,21,True,18.0,17.8,48.0,939.7,False,2.2,104,laps_2023_las_vegas_R.csv,97.907
PIA,81,McLaren,47.0,0 days 00:01:35.490000,3.0,MEDIUM,5.0,0 days 01:37:17.622000,21,True,18.0,17.8,48.0,939.7,False,2.2,104,laps_2023_las_vegas_R.csv,95.49
ALB,23,Williams,47.0,0 days 00:01:38.398000,2.0,HARD,31.0,0 days 01:37:22.958000,1,True,18.0,17.8,48.0,939.7,False,2.2,104,laps_2023_las_vegas_R.csv,98.398
MAG,20,Haas F1 Team,47.0,0 days 00:01:38.215000,3.0,HARD,21.0,0 days 01:37:25.235000,1,True,18.0,17.8,48.0,939.7,False,2.2,104,laps_2023_las_vegas_R.csv,98.215
ZHO,24,Alfa Romeo,47.0,0 days 00:01:38.719000,2.0,MEDIUM,21.0,0 days 01:37:25.758000,1,True,18.0,17.8,48.0,939.7,False,2.2,104,laps_2023_las_vegas_R.csv,98.719
RIC,3,AlphaTauri,47.0,0 days 00:01:38.136000,2.0,HARD,30.0,0 days 01:37:26.711000,1,True,18.0,17.8,48.0,939.7,False,2.2,104,laps_2023_las_vegas_R.csv,98.136
SAR,2,Williams,47.0,0 days 00:01:38.397000,2.0,HARD,32.0,0 days 01:37:28.852000,1,True,18.0,17.8,48.0,939.7,False,2.2,104,laps_2023_las_vegas_R.csv,98.397
BOT,77,Alfa Romeo,47.0,0 days 00:01:39.237000,3.0,MEDIUM,23.0,0 days 01:38:01.899000,12,True,18.0,17.6,48.0,939.7,False,1.5,335,laps_2023_las_vegas_R.csv,99.237
VER,1,Red Bull,48.0,0 days 00:01:36.497000,3.0,HARD,22.0,0 days 01:38:20.207000,12,True,18.0,17.6,48.0,939.7,False,1.5,335,laps_2023_las_vegas_R.csv,96.497
PER,11,Red Bull,48.0,0 days 00:01:36.287000,3.0,HARD,22.0,0 days 01:38:24.674000,12,True,18.0,17.6,48.0,939.7,False,1.5,335,laps_2023_las_vegas_R.csv,96.287
LEC,16,Ferrari,48.0,0 days 00:01:36.552000,2.0,HARD,27.0,0 days 01:38:25.317000,12,True,18.0,17.6,48.0,939.7,False,1.5,335,laps_2023_las_vegas_R.csv,96.552
OCO,31,Alpine,48.0,0 days 00:01:36.845000,2.0,HARD,28.0,0 days 01:38:38.623000,12,True,18.0,17.5,48.0,939.7,False,2.0,332,laps_2023_las_vegas_R.csv,96.845
STR,18,Aston Martin,48.0,0 days 00:01:37.692000,3.0,HARD,22.0,0 days 01:38:40.038000,12,True,18.0,17.5,48.0,939.7,False,2.0,332,laps_2023_las_vegas_R.csv,97.692
RUS,63,Mercedes,48.0,0 days 00:01:36.443000,3.0,HARD,22.0,0 days 01:38:40.639000,12,True,18.0,17.5,48.0,939.7,False,2.0,332,laps_2023_las_vegas_R.csv,96.443
SAI,55,Ferrari,48.0,0 days 00:01:36.482000,3.0,HARD,22.0,0 days 01:38:42.558000,12,True,18.0,17.5,48.0,939.7,False,2.0,332,laps_2023_las_vegas_R.csv,96.482
HAM,44,Mercedes,48.0,0 days 00:01:35.716000,3.0,HARD,22.0,0 days 01:38:45.300000,12,True,18.0,17.5,48.0,939.7,False,2.0,332,laps_2023_las_vegas_R.csv,95.716
ALO,14,Aston Martin,48.0,0 days 00:01:37.288000,3.0,HARD,22.0,0 days 01:38:46.301000,12,True,18.0,17.5,48.0,939.7,False,2.0,332,laps_2023_las_vegas_R.csv,97.288
GAS,10,Alpine,48.0,0 days 00:01:38.217000,2.0,HARD,31.0,0 days 01:38:51.118000,12,True,18.0,17.5,48.0,939.7,False,2.0,332,laps_2023_las_vegas_R.csv,98.217
PIA,81,McLaren,48.0,0 days 00:01:35.595000,3.0,MEDIUM,6.0,0 days 01:38:53.112000,12,True,18.0,17.5,48.0,939.7,False,2.0,332,laps_2023_las_vegas_R.csv,95.595
ALB,23,Williams,48.0,0 days 00:01:38.096000,2.0,HARD,32.0,0 days 01:39:01.356000,12,True,18.0,17.5,48.0,939.7,False,2.0,332,laps_2023_las_vegas_R.csv,98.096
MAG,20,Haas F1 Team,48.0,0 days 00:01:37.774000,3.0,HARD,22.0,0 days 01:39:03.450000,12,True,18.0,17.5,48.0,939.7,False,2.0,332,laps_2023_las_vegas_R.csv,97.774
ZHO,24,Alfa Romeo,48.0,0 days 00:01:39.303000,2.0,MEDIUM,22.0,0 days 01:39:04.477000,12,True,18.0,17.5,48.0,939.7,False,2.0,332,laps_2023_las_vegas_R.csv,99.303
RIC,3,AlphaTauri,48.0,0 days 00:01:39.503000,2.0,HARD,31.0,0 days 01:39:04.847000,12,True,18.0,17.5,48.0,939.7,False,2.0,332,laps_2023_las_vegas_R.csv,99.503
SAR,2,Williams,48.0,0 days 00:01:38.288000,2.0,HARD,33.0,0 days 01:39:07.249000,12,True,18.0,17.5,48.0,939.7,False,2.0,332,laps_2023_las_vegas_R.csv,98.288
BOT,77,Alfa Romeo,48.0,0 days 00:01:38.926000,3.0,MEDIUM,24.0,0 days 01:39:41.136000,21,True,18.0,17.6,48.0,940.0,False,1.5,257,laps_2023_las_vegas_R.csv,98.926
VER,1,Red Bull,49.0,0 days 00:01:36.950000,3.0,HARD,23.0,0 days 01:39:56.704000,1,True,18.0,17.6,48.0,940.0,False,1.5,257,laps_2023_las_vegas_R.csv,96.95
PER,11,Red Bull,49.0,0 days 00:01:36.125000,3.0,HARD,23.0,0 days 01:40:00.961000,1,True,18.0,17.6,48.0,940.0,False,1.5,257,laps_2023_las_vegas_R.csv,96.125
LEC,16,Ferrari,49.0,0 days 00:01:35.868000,2.0,HARD,28.0,0 days 01:40:01.869000,1,True,18.0,17.6,48.0,940.0,False,1.5,257,laps_2023_las_vegas_R.csv,95.868
OCO,31,Alpine,49.0,0 days 00:01:36.936000,2.0,HARD,29.0,0 days 01:40:15.468000,1,True,18.0,17.6,48.0,940.0,False,1.5,257,laps_2023_las_vegas_R.csv,96.936
RUS,63,Mercedes,49.0,0 days 00:01:36.161000,3.0,HARD,23.0,0 days 01:40:17.082000,1,True,18.0,17.6,48.0,940.0,False,1.5,257,laps_2023_las_vegas_R.csv,96.161
STR,18,Aston Martin,49.0,0 days 00:01:36.990000,3.0,HARD,23.0,0 days 01:40:17.730000,1,True,18.0,17.6,48.0,940.0,False,1.5,257,laps_2023_las_vegas_R.csv,96.99
SAI,55,Ferrari,49.0,0 days 00:01:36.546000,3.0,HARD,23.0,0 days 01:40:19.040000,1,True,18.0,17.6,48.0,940.0,False,1.5,257,laps_2023_las_vegas_R.csv,96.546
HAM,44,Mercedes,49.0,0 days 00:01:36.126000,3.0,HARD,23.0,0 days 01:40:21.016000,1,True,18.0,17.6,48.0,940.0,False,1.5,257,laps_2023_las_vegas_R.csv,96.126
ALO,14,Aston Martin,49.0,0 days 00:01:36.703000,3.0,HARD,23.0,0 days 01:40:23.589000,1,True,18.0,17.6,48.0,940.0,False,1.5,257,laps_2023_las_vegas_R.csv,96.703
PIA,81,McLaren,49.0,0 days 00:01:36.014000,3.0,MEDIUM,7.0,0 days 01:40:28.707000,1,True,18.0,17.6,48.0,940.0,False,1.5,257,laps_2023_las_vegas_R.csv,96.014
GAS,10,Alpine,49.0,0 days 00:01:37.952000,2.0,HARD,32.0,0 days 01:40:29.335000,1,True,18.0,17.6,48.0,940.0,False,1.5,257,laps_2023_las_vegas_R.csv,97.952
ALB,23,Williams,49.0,0 days 00:01:37.875000,2.0,HARD,33.0,0 days 01:40:39.452000,1,True,18.0,17.6,48.0,939.9,False,1.6,224,laps_2023_las_vegas_R.csv,97.875
MAG,20,Haas F1 Team,49.0,0 days 00:01:37.476000,3.0,HARD,23.0,0 days 01:40:41.224000,1,True,18.0,17.6,48.0,939.9,False,1.6,224,laps_2023_las_vegas_R.csv,97.476
ZHO,24,Alfa Romeo,49.0,0 days 00:01:39.425000,2.0,MEDIUM,23.0,0 days 01:40:43.780000,1,True,18.0,17.6,48.0,939.9,False,1.6,224,laps_2023_las_vegas_R.csv,99.425
RIC,3,AlphaTauri,49.0,0 days 00:01:38.389000,2.0,HARD,32.0,0 days 01:40:44.350000,1,True,18.0,17.6,48.0,939.9,False,1.6,224,laps_2023_las_vegas_R.csv,98.389
SAR,2,Williams,49.0,0 days 00:01:38.631000,2.0,HARD,34.0,0 days 01:40:45.537000,1,True,18.0,17.6,48.0,939.9,False,1.6,224,laps_2023_las_vegas_R.csv,98.631
BOT,77,Alfa Romeo,49.0,0 days 00:01:37.562000,3.0,MEDIUM,25.0,0 days 01:41:20.062000,1,True,18.0,17.6,48.0,939.9,False,1.6,224,laps_2023_las_vegas_R.csv,97.562
VER,1,Red Bull,50.0,0 days 00:01:37.637000,3.0,HARD,24.0,0 days 01:41:33.654000,1,True,18.0,17.6,48.0,939.9,False,1.6,224,laps_2023_las_vegas_R.csv,97.637
PER,11,Red Bull,50.0,0 days 00:01:36.394000,3.0,HARD,24.0,0 days 01:41:37.086000,1,True,18.0,17.6,48.0,939.9,False,2.5,238,laps_2023_las_vegas_R.csv,96.394
LEC,16,Ferrari,50.0,0 days 00:01:35.669000,2.0,HARD,29.0,0 days 01:41:37.737000,1,True,18.0,17.6,48.0,939.9,False,2.5,238,laps_2023_las_vegas_R.csv,95.669
OCO,31,Alpine,50.0,0 days 00:01:37.567000,2.0,HARD,30.0,0 days 01:41:52.404000,1,True,18.0,17.6,48.0,939.9,False,2.5,238,laps_2023_las_vegas_R.csv,97.567
RUS,63,Mercedes,50.0,0 days 00:01:36.178000,3.0,HARD,24.0,0 days 01:41:53.243000,1,True,18.0,17.6,48.0,939.9,False,2.5,238,laps_2023_las_vegas_R.csv,96.178
STR,18,Aston Martin,50.0,0 days 00:01:36.642000,3.0,HARD,24.0,0 days 01:41:54.720000,1,True,18.0,17.6,48.0,939.9,False,2.5,238,laps_2023_las_vegas_R.csv,96.642
SAI,55,Ferrari,50.0,0 days 00:01:36.507000,3.0,HARD,24.0,0 days 01:41:55.586000,1,True,18.0,17.6,48.0,939.9,False,2.5,238,laps_2023_las_vegas_R.csv,96.507
HAM,44,Mercedes,50.0,0 days 00:01:35.933000,3.0,HARD,24.0,0 days 01:41:57.142000,1,True,18.0,17.6,48.0,939.9,False,2.5,238,laps_2023_las_vegas_R.csv,95.933
ALO,14,Aston Martin,50.0,0 days 00:01:36.966000,3.0,HARD,24.0,0 days 01:42:00.292000,1,True,18.0,17.6,48.0,939.9,False,2.5,238,laps_2023_las_vegas_R.csv,96.966
PIA,81,McLaren,50.0,0 days 00:01:36.128000,3.0,MEDIUM,8.0,0 days 01:42:04.721000,1,True,18.0,17.6,48.0,939.9,False,2.5,238,laps_2023_las_vegas_R.csv,96.128
GAS,10,Alpine,50.0,0 days 00:01:38.316000,2.0,HARD,33.0,0 days 01:42:07.287000,1,True,18.0,17.6,48.0,939.9,False,2.5,238,laps_2023_las_vegas_R.csv,98.316
ALB,23,Williams,50.0,0 days 00:01:37.357000,2.0,HARD,34.0,0 days 01:42:17.327000,1,True,18.0,17.6,48.0,939.9,False,2.5,238,laps_2023_las_vegas_R.csv,97.357
MAG,20,Haas F1 Team,50.0,0 days 00:01:37.455000,3.0,HARD,24.0,0 days 01:42:18.700000,1,True,18.0,17.6,48.0,939.9,False,2.5,238,laps_2023_las_vegas_R.csv,97.455
RIC,3,AlphaTauri,50.0,0 days 00:01:37.108000,2.0,HARD,33.0,0 days 01:42:22.739000,1,True,18.0,17.6,48.0,939.9,False,2.5,238,laps_2023_las_vegas_R.csv,97.108
ZHO,24,Alfa Romeo,50.0,0 days 00:01:38.315000,2.0,MEDIUM,24.0,0 days 01:42:23.205000,1,True,18.0,17.6,48.0,939.9,False,2.5,238,laps_2023_las_vegas_R.csv,98.315
SAR,2,Williams,50.0,0 days 00:01:38.086000,2.0,HARD,35.0,0 days 01:42:24.168000,1,True,18.0,17.6,48.0,939.9,False,2.5,238,laps_2023_las_vegas_R.csv,98.086
BOT,77,Alfa Romeo,50.0,0 days 00:01:39.068000,3.0,MEDIUM,26.0,0 days 01:42:57.624000,1,True,18.0,17.5,48.0,939.9,False,2.7,229,laps_2023_las_vegas_R.csv,99.068
SAI,55,Ferrari,2.0,0 days 00:01:41.383000,1.0,MEDIUM,2.0,0 days 01:04:27.700000,12,True,29.8,36.7,72.0,1008.7,False,1.0,180,laps_2023_singapore_R.csv,101.383
LEC,16,Ferrari,2.0,0 days 00:01:41.338000,1.0,SOFT,5.0,0 days 01:04:28.935000,12,True,29.8,36.7,72.0,1008.7,False,1.0,180,laps_2023_singapore_R.csv,101.338
HAM,44,Mercedes,2.0,0 days 00:01:42.587000,1.0,MEDIUM,2.0,0 days 01:04:29.414000,12,True,29.8,36.7,72.0,1008.7,False,1.0,180,laps_2023_singapore_R.csv,102.587
RUS,63,Mercedes,2.0,0 days 00:01:41.103000,1.0,MEDIUM,2.0,0 days 01:04:30.163000,12,True,29.8,36.7,72.0,1008.7,False,1.0,180,laps_2023_singapore_R.csv,101.103
NOR,4,McLaren,2.0,0 days 00:01:41.826000,1.0,MEDIUM,2.0,0 days 01:04:30.806000,12,True,29.8,36.7,72.0,1008.7,False,1.0,180,laps_2023_singapore_R.csv,101.826
ALO,14,Aston Martin,2.0,0 days 00:01:42.255000,1.0,MEDIUM,2.0,0 days 01:04:31.768000,12,True,29.8,36.7,72.0,1008.7,False,1.0,180,laps_2023_singapore_R.csv,102.255
OCO,31,Alpine,2.0,0 days 00:01:42.401000,1.0,MEDIUM,2.0,0 days 01:04:32.186000,12,True,29.8,36.7,72.0,1008.7,False,1.0,180,laps_2023_singapore_R.csv,102.401
MAG,20,Haas F1 Team,2.0,0 days 00:01:42.668000,1.0,MEDIUM,2.0,0 days 01:04:32.736000,12,True,29.8,36.7,72.0,1008.7,False,1.0,180,laps_2023_singapore_R.csv,102.668
HUL,27,Haas F1 Team,2.0,0 days 00:01:42.849000,1.0,MEDIUM,2.0,0 days 01:04:33.582000,12,True,29.8,36.7,72.0,1008.7,False,1.0,180,laps_2023_singapore_R.csv,102.849
VER,1,Red Bull,2.0,0 days 00:01:41.596000,1.0,HARD,2.0,0 days 01:04:34.218000,12,True,29.8,36.7,72.0,1008.7,False,1.0,180,laps_2023_singapore_R.csv,101.596
GAS,10,Alpine,2.0,0 days 00:01:42.353000,1.0,MEDIUM,2.0,0 days 01:04:34.506000,12,True,29.8,36.7,72.0,1008.7,False,1.0,180,laps_2023_singapore_R.csv,102.353
LAW,40,AlphaTauri,2.0,0 days 00:01:42.139000,1.0,MEDIUM,2.0,0 days 01:04:35.325000,12,True,29.8,36.7,72.0,1008.7,False,1.0,180,laps_2023_singapore_R.csv,102.139
PER,11,Red Bull,2.0,0 days 00:01:42.009000,1.0,HARD,2.0,0 days 01:04:35.980000,12,True,29.8,36.7,72.0,1008.7,False,1.0,180,laps_2023_singapore_R.csv,102.009
PIA,81,McLaren,2.0,0 days 00:01:42.060000,1.0,MEDIUM,2.0,0 days 01:04:36.318000,12,True,29.8,36.7,72.0,1008.7,False,1.0,180,laps_2023_singapore_R.csv,102.06
ALB,23,Williams,2.0,0 days 00:01:41.902000,1.0,MEDIUM,2.0,0 days 01:04:37.468000,12,True,29.8,36.7,72.0,1008.7,False,1.0,180,laps_2023_singapore_R.csv,101.902
SAR,2,Williams,2.0,0 days 00:01:41.983000,1.0,MEDIUM,2.0,0 days 01:04:38.451000,21,True,29.8,36.7,72.0,1008.7,False,1.0,180,laps_2023_singapore_R.csv,101.983
BOT,77,Alfa Romeo,2.0,0 days 00:01:42.182000,1.0,HARD,2.0,0 days 01:04:39.105000,21,True,29.8,36.7,72.0,1008.7,False,1.0,180,laps_2023_singapore_R.csv,102.182
SAI,55,Ferrari,3.0,0 days 00:01:40.962000,1.0,MEDIUM,3.0,0 days 01:06:09.083000,1,True,29.9,37.3,71.0,1008.7,False,1.0,168,laps_2023_singapore_R.csv,100.962
LEC,16,Ferrari,3.0,0 days 00:01:40.752000,1.0,SOFT,6.0,0 days 01:06:10.273000,1,True,29.9,37.3,71.0,1008.7,False,1.0,168,laps_2023_singapore_R.csv,100.752
RUS,63,Mercedes,3.0,0 days 00:01:40.944000,1.0,MEDIUM,3.0,0 days 01:06:11.266000,1,True,29.9,37.3,71.0,1008.7,False,1.0,168,laps_2023_singapore_R.csv,100.944
HAM,44,Mercedes,3.0,0 days 00:01:41.088000,1.0,MEDIUM,3.0,0 days 01:06:12.001000,1,True,29.9,37.3,71.0,1008.7,False,1.0,168,laps_2023_singapore_R.csv,101.088
NOR,4,McLaren,3.0,0 days 00:01:41.124000,1.0,MEDIUM,3.0,0 days 01:06:12.632000,1,True,29.9,37.3,71.0,1008.7,False,1.0,168,laps_2023_singapore_R.csv,101.124
ALO,14,Aston Martin,3.0,0 days 00:01:41.349000,1.0,MEDIUM,3.0,0 days 01:06:14.023000,1,True,29.9,37.3,71.0,1008.7,False,1.0,168,laps_2023_singapore_R.csv,101.349
OCO,31,Alpine,3.0,0 days 00:01:41.196000,1.0,MEDIUM,3.0,0 days 01:06:14.587000,1,True,29.9,37.3,71.0,1008.7,False,1.0,168,laps_2023_singapore_R.csv,101.196
MAG,20,Haas F1 Team,3.0,0 days 00:01:41.539000,1.0,MEDIUM,3.0,0 days 01:06:15.404000,1,True,29.9,37.3,71.0,1008.7,False,1.0,168,laps_2023_singapore_R.csv,101.539
VER,1,Red Bull,3.0,0 days 00:01:41.510000,1.0,HARD,3.0,0 days 01:06:15.814000,1,True,29.9,37.3,71.0,1008.7,False,1.0,168,laps_2023_singapore_R.csv,101.51
HUL,27,Haas F1 Team,3.0,0 days 00:01:41.400000,1.0,MEDIUM,3.0,0 days 01:06:16.431000,1,True,29.9,37.3,71.0,1008.7,False,1.0,168,laps_2023_singapore_R.csv,101.4
GAS,10,Alpine,3.0,0 days 00:01:41.442000,1.0,MEDIUM,3.0,0 days 01:06:16.859000,1,True,29.9,37.3,71.0,1008.7,False,1.0,168,laps_2023_singapore_R.csv,101.442
LAW,40,AlphaTauri,3.0,0 days 00:01:41.514000,1.0,MEDIUM,3.0,0 days 01:06:17.464000,1,True,29.9,37.3,71.0,1008.7,False,1.0,168,laps_2023_singapore_R.csv,101.514
PER,11,Red Bull,3.0,0 days 00:01:41.622000,1.0,HARD,3.0,0 days 01:06:17.989000,1,True,29.9,37.3,71.0,1008.7,False,1.0,168,laps_2023_singapore_R.csv,101.622
PIA,81,McLaren,3.0,0 days 00:01:41.909000,1.0,MEDIUM,3.0,0 days 01:06:18.378000,1,True,29.9,37.3,71.0,1008.7,False,1.0,168,laps_2023_singapore_R.csv,101.909
ALB,23,Williams,3.0,0 days 00:01:41.783000,1.0,MEDIUM,3.0,0 days 01:06:19.370000,1,True,29.9,37.3,71.0,1008.7,False,1.0,168,laps_2023_singapore_R.csv,101.783
SAR,2,Williams,3.0,0 days 00:01:41.700000,1.0,MEDIUM,3.0,0 days 01:06:20.434000,1,True,29.9,37.3,71.0,1008.7,False,1.0,168,laps_2023_singapore_R.csv,101.7
BOT,77,Alfa Romeo,3.0,0 days 00:01:43.036000,1.0,HARD,3.0,0 days 01:06:21.287000,1,True,29.9,37.3,71.0,1008.7,False,1.0,168,laps_2023_singapore_R.csv,103.036
SAI,55,Ferrari,4.0,0 days 00:01:40.580000,1.0,MEDIUM,4.0,0 days 01:07:50.045000,1,True,29.9,37.3,72.0,1008.7,False,2.0,171,laps_2023_singapore_R.csv,100.58
LEC,16,Ferrari,4.0,0 days 00:01:40.661000,1.0,SOFT,7.0,0 days 01:07:51.025000,1,True,29.9,37.3,72.0,1008.7,False,2.0,171,laps_2023_singapore_R.csv,100.661
RUS,63,Mercedes,4.0,0 days 00:01:41.086000,1.0,MEDIUM,4.0,0 days 01:07:52.210000,1,True,29.9,37.3,72.0,1008.7,False,2.0,171,laps_2023_singapore_R.csv,101.086
HAM,44,Mercedes,4.0,0 days 00:01:42.861000,1.0,MEDIUM,4.0,0 days 01:07:53.089000,1,True,29.9,37.3,72.0,1008.7,False,2.0,171,laps_2023_singapore_R.csv,102.861
NOR,4,McLaren,4.0,0 days 00:01:41.678000,1.0,MEDIUM,4.0,0 days 01:07:53.756000,1,True,29.9,37.3,72.0,1008.7,False,2.0,171,laps_2023_singapore_R.csv,101.678
ALO,14,Aston Martin,4.0,0 days 00:01:41.356000,1.0,MEDIUM,4.0,0 days 01:07:55.372000,1,True,29.9,37.2,71.0,1008.7,False,1.2,183,laps_2023_singapore_R.csv,101.356
OCO,31,Alpine,4.0,0 days 00:01:41.375000,1.0,MEDIUM,4.0,0 days 01:07:55.783000,1,True,29.9,37.2,71.0,1008.7,False,1.2,183,laps_2023_singapore_R.csv,101.375
MAG,20,Haas F1 Team,4.0,0 days 00:01:41.004000,1.0,MEDIUM,4.0,0 days 01:07:56.943000,1,True,29.9,37.2,71.0,1008.7,False,1.2,183,laps_2023_singapore_R.csv,101.004
VER,1,Red Bull,4.0,0 days 00:01:41.143000,1.0,HARD,4.0,0 days 01:07:57.324000,1,True,29.9,37.2,71.0,1008.7,False,1.2,183,laps_2023_singapore_R.csv,101.143
HUL,27,Haas F1 Team,4.0,0 days 00:01:41.256000,1.0,MEDIUM,4.0,0 days 01:07:57.831000,1,True,29.9,37.2,71.0,1008.7,False,1.2,183,laps_2023_singapore_R.csv,101.256
GAS,10,Alpine,4.0,0 days 00:01:41.334000,1.0,MEDIUM,4.0,0 days 01:07:58.301000,1,True,29.9,37.2,71.0,1008.7,False,1.2,183,laps_2023_singapore_R.csv,101.334
LAW,40,AlphaTauri,4.0,0 days 00:01:41.359000,1.0,MEDIUM,4.0,0 days 01:07:58.978000,1,True,29.9,37.2,71.0,1008.7,False,1.2,183,laps_2023_singapore_R.csv,101.359
PER,11,Red Bull,4.0,0 days 00:01:41.354000,1.0,HARD,4.0,0 days 01:07:59.611000,1,True,29.9,37.2,71.0,1008.7,False,1.2,183,laps_2023_singapore_R.csv,101.354
PIA,81,McLaren,4.0,0 days 00:01:41.370000,1.0,MEDIUM,4.0,0 days 01:08:00.287000,1,True,29.9,37.2,71.0,1008.7,False,1.2,183,laps_2023_singapore_R.csv,101.37
ALB,23,Williams,4.0,0 days 00:01:41.473000,1.0,MEDIUM,4.0,0 days 01:08:01.153000,1,True,29.9,37.2,71.0,1008.7,False,1.2,183,laps_2023_singapore_R.csv,101.473
SAR,2,Williams,4.0,0 days 00:01:41.875000,1.0,MEDIUM,4.0,0 days 01:08:02.134000,1,True,29.9,37.2,71.0,1008.7,False,1.2,183,laps_2023_singapore_R.csv,101.875
BOT,77,Alfa Romeo,4.0,0 days 00:01:41.766000,1.0,HARD,4.0,0 days 01:08:04.323000,1,True,29.9,37.2,71.0,1008.7,False,1.2,183,laps_2023_singapore_R.csv,101.766
ZHO,24,Alfa Romeo,4.0,0 days 00:01:39.869000,2.0,HARD,2.0,0 days 01:08:32.133000,1,True,29.9,37.2,71.0,1008.7,False,1.2,183,laps_2023_singapore_R.csv,99.869
SAI,55,Ferrari,5.0,0 days 00:01:40.551000,1.0,MEDIUM,5.0,0 days 01:09:30.625000,1,True,29.9,37.2,71.0,1008.7,False,1.7,196,laps_2023_singapore_R.csv,100.551
LEC,16,Ferrari,5.0,0 days 00:01:40.328000,1.0,SOFT,8.0,0 days 01:09:31.686000,1,True,29.9,37.2,71.0,1008.7,False,1.7,196,laps_2023_singapore_R.csv,100.328
RUS,63,Mercedes,5.0,0 days 00:01:40.464000,1.0,MEDIUM,5.0,0 days 01:09:33.296000,1,True,29.9,37.2,71.0,1008.7,False,1.7,196,laps_2023_singapore_R.csv,100.464
NOR,4,McLaren,5.0,0 days 00:01:40.285000,1.0,MEDIUM,5.0,0 days 01:09:35.434000,1,True,29.9,37.2,71.0,1008.7,False,1.7,196,laps_2023_singapore_R.csv,100.285
HAM,44,Mercedes,5.0,0 days 00:01:40.978000,1.0,MEDIUM,5.0,0 days 01:09:35.950000,1,True,29.9,37.2,71.0,1008.7,False,1.7,196,laps_2023_singapore_R.csv,100.978
ALO,14,Aston Martin,5.0,0 days 00:01:41.194000,1.0,MEDIUM,5.0,0 days 01:09:36.728000,1,True,29.9,37.2,71.0,1008.7,False,1.7,196,laps_2023_singapore_R.csv,101.194
OCO,31,Alpine,5.0,0 days 00:01:41.329000,1.0,MEDIUM,5.0,0 days 01:09:37.158000,1,True,29.9,37.2,71.0,1008.7,False,1.7,196,laps_2023_singapore_R.csv,101.329
MAG,20,Haas F1 Team,5.0,0 days 00:01:41.469000,1.0,MEDIUM,5.0,0 days 01:09:37.947000,1,True,29.9,37.2,71.0,1008.7,False,1.7,196,laps_2023_singapore_R.csv,101.469
VER,1,Red Bull,5.0,0 days 00:01:41.308000,1.0,HARD,5.0,0 days 01:09:38.467000,1,True,29.9,37.2,71.0,1008.7,False,1.7,196,laps_2023_singapore_R.csv,101.308
HUL,27,Haas F1 Team,5.0,0 days 00:01:41.350000,1.0,MEDIUM,5.0,0 days 01:09:39.087000,1,True,29.9,37.2,71.0,1008.7,False,1.7,196,laps_2023_singapore_R.csv,101.35
GAS,10,Alpine,5.0,0 days 00:01:41.292000,1.0,MEDIUM,5.0,0 days 01:09:39.635000,1,True,29.9,37.2,71.0,1008.7,False,1.7,196,laps_2023_singapore_R.csv,101.292
LAW,40,AlphaTauri,5.0,0 days 00:01:41.351000,1.0,MEDIUM,5.0,0 days 01:09:40.337000,1,True,29.9,37.2,71.0,1008.7,False,1.7,196,laps_2023_singapore_R.csv,101.351
PER,11,Red Bull,5.0,0 days 00:01:41.331000,1.0,HARD,5.0,0 days 01:09:40.965000,1,True,29.9,37.2,71.0,1008.7,False,1.7,196,laps_2023_singapore_R.csv,101.331
PIA,81,McLaren,5.0,0 days 00:01:41.241000,1.0,MEDIUM,5.0,0 days 01:09:41.657000,1,True,29.9,37.2,71.0,1008.7,False,1.7,196,laps_2023_singapore_R.csv,101.241
ALB,23,Williams,5.0,0 days 00:01:41.361000,1.0,MEDIUM,5.0,0 days 01:09:42.626000,1,True,29.9,37.2,71.0,1008.7,False,1.7,196,laps_2023_singapore_R.csv,101.361
SAR,2,Williams,5.0,0 days 00:01:41.264000,1.0,MEDIUM,5.0,0 days 01:09:44.009000,1,True,29.9,37.2,71.0,1008.7,False,1.7,196,laps_2023_singapore_R.csv,101.264
BOT,77,Alfa Romeo,5.0,0 days 00:01:41.757000,1.0,HARD,5.0,0 days 01:09:46.089000,1,True,29.9,37.2,71.0,1008.7,False,1.7,196,laps_2023_singapore_R.csv,101.757
ZHO,24,Alfa Romeo,5.0,0 days 00:01:40.371000,2.0,HARD,3.0,0 days 01:10:12.002000,1,True,29.9,37.0,71.0,1008.7,False,1.2,163,laps_2023_singapore_R.csv,100.371
SAI,55,Ferrari,6.0,0 days 00:01:40.113000,1.0,MEDIUM,6.0,0 days 01:11:11.176000,1,True,30.0,36.7,71.0,1008.9,False,1.7,172,laps_2023_singapore_R.csv,100.113
LEC,16,Ferrari,6.0,0 days 00:01:40.165000,1.0,SOFT,9.0,0 days 01:11:12.014000,1,True,30.0,36.7,71.0,1008.9,False,1.7,172,laps_2023_singapore_R.csv,100.165
RUS,63,Mercedes,6.0,0 days 00:01:40.221000,1.0,MEDIUM,6.0,0 days 01:11:13.760000,1,True,30.0,36.7,71.0,1008.9,False,1.7,172,laps_2023_singapore_R.csv,100.221
NOR,4,McLaren,6.0,0 days 00:01:39.992000,1.0,MEDIUM,6.0,0 days 01:11:15.719000,1,True,30.0,36.7,71.0,1008.9,False,1.7,172,laps_2023_singapore_R.csv,99.992
HAM,44,Mercedes,6.0,0 days 00:01:40.126000,1.0,MEDIUM,6.0,0 days 01:11:16.928000,1,True,30.0,36.7,71.0,1008.9,False,1.7,172,laps_2023_singapore_R.csv,100.126
ALO,14,Aston Martin,6.0,0 days 00:01:40.686000,1.0,MEDIUM,6.0,0 days 01:11:17.922000,1,True,30.0,36.7,71.0,1008.9,False,1.7,172,laps_2023_singapore_R.csv,100.686
OCO,31,Alpine,6.0,0 days 00:01:40.908000,1.0,MEDIUM,6.0,0 days 01:11:18.487000,1,True,30.0,36.7,71.0,1008.9,False,1.7,172,laps_2023_singapore_R.csv,100.908
MAG,20,Haas F1 Team,6.0,0 days 00:01:42.626000,1.0,MEDIUM,6.0,0 days 01:11:19.416000,1,True,30.0,36.7,71.0,1008.9,False,1.7,172,laps_2023_singapore_R.csv,102.626
VER,1,Red Bull,6.0,0 days 00:01:41.313000,1.0,HARD,6.0,0 days 01:11:19.775000,1,True,30.0,36.7,71.0,1008.9,False,1.7,172,laps_2023_singapore_R.csv,101.313
HUL,27,Haas F1 Team,6.0,0 days 00:01:41.949000,1.0,MEDIUM,6.0,0 days 01:11:20.437000,1,True,30.0,36.7,71.0,1008.9,False,1.7,172,laps_2023_singapore_R.csv,101.949
GAS,10,Alpine,6.0,0 days 00:01:41.829000,1.0,MEDIUM,6.0,0 days 01:11:20.927000,1,True,30.0,36.7,71.0,1008.9,False,1.7,172,laps_2023_singapore_R.csv,101.829
LAW,40,AlphaTauri,6.0,0 days 00:01:41.933000,1.0,MEDIUM,6.0,0 days 01:11:21.688000,1,True,30.0,36.7,71.0,1008.9,False,1.7,172,laps_2023_singapore_R.csv,101.933
PER,11,Red Bull,6.0,0 days 00:01:43.147000,1.0,HARD,6.0,0 days 01:11:22.296000,1,True,30.0,36.7,71.0,1008.9,False,1.7,172,laps_2023_singapore_R.csv,103.147
PIA,81,McLaren,6.0,0 days 00:01:42.673000,1.0,MEDIUM,6.0,0 days 01:11:22.898000,1,True,30.0,36.7,71.0,1008.9,False,1.7,172,laps_2023_singapore_R.csv,102.673
ALB,23,Williams,6.0,0 days 00:01:42.001000,1.0,MEDIUM,6.0,0 days 01:11:23.987000,1,True,30.0,36.7,71.0,1008.9,False,1.7,172,laps_2023_singapore_R.csv,102.001
SAR,2,Williams,6.0,0 days 00:01:41.636000,1.0,MEDIUM,6.0,0 days 01:11:25.273000,1,True,30.0,36.7,71.0,1008.9,False,1.7,172,laps_2023_singapore_R.csv,101.636
BOT,77,Alfa Romeo,6.0,0 days 00:01:41.270000,1.0,HARD,6.0,0 days 01:11:27.846000,1,True,30.0,36.7,71.0,1008.9,False,1.7,172,laps_2023_singapore_R.csv,101.27
ZHO,24,Alfa Romeo,6.0,0 days 00:01:40.471000,2.0,HARD,4.0,0 days 01:11:52.373000,1,True,30.0,36.7,71.0,1008.9,False,1.7,172,laps_2023_singapore_R.csv,100.471
SAI,55,Ferrari,7.0,0 days 00:01:40.178000,1.0,MEDIUM,7.0,0 days 01:12:51.289000,1,True,30.0,36.8,72.0,1008.9,False,1.5,162,laps_2023_singapore_R.csv,100.178
LEC,16,Ferrari,7.0,0 days 00:01:40.279000,1.0,SOFT,10.0,0 days 01:12:52.179000,1,True,30.0,36.8,72.0,1008.9,False,1.5,162,laps_2023_singapore_R.csv,100.279
RUS,63,Mercedes,7.0,0 days 00:01:40.271000,1.0,MEDIUM,7.0,0 days 01:12:53.981000,1,True,30.0,36.8,72.0,1008.9,False,1.2,163,laps_2023_singapore_R.csv,100.271
NOR,4,McLaren,7.0,0 days 00:01:39.972000,1.0,MEDIUM,7.0,0 days 01:12:55.711000,1,True,30.0,36.8,72.0,1008.9,False,1.2,163,laps_2023_singapore_R.csv,99.972
HAM,44,Mercedes,7.0,0 days 00:01:39.918000,1.0,MEDIUM,7.0,0 days 01:12:57.054000,1,True,30.0,36.8,72.0,1008.9,False,1.2,163,laps_2023_singapore_R.csv,99.918
ALO,14,Aston Martin,7.0,0 days 00:01:40.774000,1.0,MEDIUM,7.0,0 days 01:12:58.608000,1,True,30.0,36.8,72.0,1008.9,False,1.2,163,laps_2023_singapore_R.csv,100.774
OCO,31,Alpine,7.0,0 days 00:01:40.732000,1.0,MEDIUM,7.0,0 days 01:12:59.395000,1,True,30.0,36.8,72.0,1008.9,False,1.2,163,laps_2023_singapore_R.csv,100.732
VER,1,Red Bull,7.0,0 days 00:01:40.423000,1.0,HARD,7.0,0 days 01:13:01.088000,1,True,30.0,36.8,72.0,1008.9,False,1.2,163,laps_2023_singapore_R.csv,100.423
MAG,20,Haas F1 Team,7.0,0 days 00:01:40.834000,1.0,MEDIUM,7.0,0 days 01:13:02.042000,1,True,30.0,36.8,72.0,1008.9,False,1.2,163,laps_2023_singapore_R.csv,100.834
HUL,27,Haas F1 Team,7.0,0 days 00:01:41.117000,1.0,MEDIUM,7.0,0 days 01:13:02.386000,1,True,30.0,36.8,72.0,1008.9,False,1.2,163,laps_2023_singapore_R.csv,101.117
GAS,10,Alpine,7.0,0 days 00:01:41.399000,1.0,MEDIUM,7.0,0 days 01:13:02.756000,1,True,30.0,36.8,72.0,1008.9,False,1.2,163,laps_2023_singapore_R.csv,101.399
LAW,40,AlphaTauri,7.0,0 days 00:01:41.468000,1.0,MEDIUM,7.0,0 days 01:13:03.621000,1,True,30.0,36.8,72.0,1008.9,False,1.2,163,laps_2023_singapore_R.csv,101.468
PER,11,Red Bull,7.0,0 days 00:01:41.353000,1.0,HARD,7.0,0 days 01:13:05.443000,1,True,30.0,36.8,72.0,1008.9,False,1.2,163,laps_2023_singapore_R.csv,101.353
PIA,81,McLaren,7.0,0 days 00:01:42.309000,1.0,MEDIUM,7.0,0 days 01:13:05.571000,1,True,30.0,36.8,72.0,1008.9,False,1.2,163,laps_2023_singapore_R.csv,102.309
ALB,23,Williams,7.0,0 days 00:01:43.107000,1.0,MEDIUM,7.0,0 days 01:13:05.988000,1,True,30.0,36.8,72.0,1008.9,False,1.2,163,laps_2023_singapore_R.csv,103.107
SAR,2,Williams,7.0,0 days 00:01:42.886000,1.0,MEDIUM,7.0,0 days 01:13:06.909000,1,True,30.0,36.8,72.0,1008.9,False,1.2,163,laps_2023_singapore_R.csv,102.886
BOT,77,Alfa Romeo,7.0,0 days 00:01:42.397000,1.0,HARD,7.0,0 days 01:13:09.116000,1,True,30.0,36.8,72.0,1008.9,False,1.2,163,laps_2023_singapore_R.csv,102.397
ZHO,24,Alfa Romeo,7.0,0 days 00:01:40.588000,2.0,HARD,5.0,0 days 01:13:32.844000,1,True,30.0,36.8,72.0,1008.9,False,1.2,163,laps_2023_singapore_R.csv,100.588
SAI,55,Ferrari,8.0,0 days 00:01:40.503000,1.0,MEDIUM,8.0,0 days 01:14:31.467000,1,True,30.0,36.8,71.0,1008.9,False,1.6,163,laps_2023_singapore_R.csv,100.503
LEC,16,Ferrari,8.0,0 days 00:01:40.396000,1.0,SOFT,11.0,0 days 01:14:32.458000,1,True,30.0,36.8,71.0,1008.9,False,1.6,163,laps_2023_singapore_R.csv,100.396
RUS,63,Mercedes,8.0,0 days 00:01:40.464000,1.0,MEDIUM,8.0,0 days 01:14:34.252000,1,True,30.0,36.8,71.0,1008.9,False,1.6,163,laps_2023_singapore_R.csv,100.464
NOR,4,McLaren,8.0,0 days 00:01:40.301000,1.0,MEDIUM,8.0,0 days 01:14:35.683000,1,True,30.0,36.8,71.0,1008.9,False,1.6,163,laps_2023_singapore_R.csv,100.301
HAM,44,Mercedes,8.0,0 days 00:01:40.166000,1.0,MEDIUM,8.0,0 days 01:14:36.972000,1,True,30.0,36.8,71.0,1008.9,False,1.6,163,laps_2023_singapore_R.csv,100.166
ALO,14,Aston Martin,8.0,0 days 00:01:40.210000,1.0,MEDIUM,8.0,0 days 01:14:39.382000,1,True,30.0,36.8,71.0,1008.9,False,1.6,163,laps_2023_singapore_R.csv,100.21
OCO,31,Alpine,8.0,0 days 00:01:40.339000,1.0,MEDIUM,8.0,0 days 01:14:40.127000,1,True,30.0,36.8,71.0,1008.9,False,1.6,163,laps_2023_singapore_R.csv,100.339
VER,1,Red Bull,8.0,0 days 00:01:40.177000,1.0,HARD,8.0,0 days 01:14:41.511000,1,True,30.0,36.8,71.0,1008.9,False,1.6,163,laps_2023_singapore_R.csv,100.177
MAG,20,Haas F1 Team,8.0,0 days 00:01:40.630000,1.0,MEDIUM,8.0,0 days 01:14:42.876000,1,True,30.0,36.8,71.0,1008.9,False,1.6,163,laps_2023_singapore_R.csv,100.63
HUL,27,Haas F1 Team,8.0,0 days 00:01:40.734000,1.0,MEDIUM,8.0,0 days 01:14:43.503000,1,True,30.0,36.8,71.0,1008.9,False,1.6,163,laps_2023_singapore_R.csv,100.734
GAS,10,Alpine,8.0,0 days 00:01:40.677000,1.0,MEDIUM,8.0,0 days 01:14:44.155000,1,True,30.0,36.8,71.0,1008.9,False,1.6,163,laps_2023_singapore_R.csv,100.677
LAW,40,AlphaTauri,8.0,0 days 00:01:40.893000,1.0,MEDIUM,8.0,0 days 01:14:45.089000,1,True,30.0,36.8,71.0,1008.9,False,1.6,163,laps_2023_singapore_R.csv,100.893
PER,11,Red Bull,8.0,0 days 00:01:40.556000,1.0,HARD,8.0,0 days 01:14:46.796000,1,True,30.0,36.8,71.0,1008.9,False,1.6,163,laps_2023_singapore_R.csv,100.556
PIA,81,McLaren,8.0,0 days 00:01:41.091000,1.0,MEDIUM,8.0,0 days 01:14:47.880000,1,True,30.0,36.8,71.0,1008.9,False,1.6,163,laps_2023_singapore_R.csv,101.091
ALB,23,Williams,8.0,0 days 00:01:41.318000,1.0,MEDIUM,8.0,0 days 01:14:49.095000,1,True,30.0,36.8,71.0,1008.9,False,1.6,163,laps_2023_singapore_R.csv,101.318
SAR,2,Williams,8.0,0 days 00:01:41.683000,1.0,MEDIUM,8.0,0 days 01:14:49.795000,1,True,30.0,36.8,71.0,1008.9,False,1.6,163,laps_2023_singapore_R.csv,101.683
BOT,77,Alfa Romeo,8.0,0 days 00:01:42.153000,1.0,HARD,8.0,0 days 01:14:51.513000,1,True,30.0,36.8,71.0,1008.9,False,1.6,163,laps_2023_singapore_R.csv,102.153
ZHO,24,Alfa Romeo,8.0,0 days 00:01:41.240000,2.0,HARD,6.0,0 days 01:15:13.432000,1,True,30.0,36.5,72.0,1008.9,False,1.7,161,laps_2023_singapore_R.csv,101.24
SAI,55,Ferrari,9.0,0 days 00:01:39.626000,1.0,MEDIUM,9.0,0 days 01:16:11.970000,1,True,30.0,36.3,72.0,1009.0,False,1.7,163,laps_2023_singapore_R.csv,99.626
LEC,16,Ferrari,9.0,0 days 00:01:39.646000,1.0,SOFT,12.0,0 days 01:16:12.854000,1,True,30.0,36.3,72.0,1009.0,False,1.7,163,laps_2023_singapore_R.csv,99.646
RUS,63,Mercedes,9.0,0 days 00:01:40.039000,1.0,MEDIUM,9.0,0 days 01:16:14.716000,1,True,30.0,36.3,72.0,1009.0,False,1.7,163,laps_2023_singapore_R.csv,100.039
NOR,4,McLaren,9.0,0 days 00:01:40.130000,1.0,MEDIUM,9.0,0 days 01:16:15.984000,1,True,30.0,36.3,72.0,1009.0,False,1.7,163,laps_2023_singapore_R.csv,100.13
HAM,44,Mercedes,9.0,0 days 00:01:40.312000,1.0,MEDIUM,9.0,0 days 01:16:17.138000,1,True,30.0,36.3,72.0,1009.0,False,1.7,163,laps_2023_singapore_R.csv,100.312
ALO,14,Aston Martin,9.0,0 days 00:01:40.422000,1.0,MEDIUM,9.0,0 days 01:16:19.592000,1,True,30.0,36.3,72.0,1009.0,False,1.7,163,laps_2023_singapore_R.csv,100.422
OCO,31,Alpine,9.0,0 days 00:01:40.343000,1.0,MEDIUM,9.0,0 days 01:16:20.466000,1,True,30.0,36.3,72.0,1009.0,False,1.7,163,laps_2023_singapore_R.csv,100.343
VER,1,Red Bull,9.0,0 days 00:01:40.264000,1.0,HARD,9.0,0 days 01:16:21.688000,1,True,30.0,36.3,72.0,1009.0,False,1.7,163,laps_2023_singapore_R.csv,100.264
MAG,20,Haas F1 Team,9.0,0 days 00:01:40.995000,1.0,MEDIUM,9.0,0 days 01:16:23.506000,1,True,30.0,36.3,72.0,1009.0,False,1.7,163,laps_2023_singapore_R.csv,100.995
HUL,27,Haas F1 Team,9.0,0 days 00:01:40.978000,1.0,MEDIUM,9.0,0 days 01:16:24.237000,1,True,30.0,36.3,72.0,1009.0,False,1.7,163,laps_2023_singapore_R.csv,100.978
GAS,10,Alpine,9.0,0 days 00:01:41.063000,1.0,MEDIUM,9.0,0 days 01:16:24.832000,1,True,30.0,36.3,72.0,1009.0,False,1.7,163,laps_2023_singapore_R.csv,101.063
LAW,40,AlphaTauri,9.0,0 days 00:01:40.886000,1.0,MEDIUM,9.0,0 days 01:16:25.982000,1,True,30.0,36.3,72.0,1009.0,False,1.7,163,laps_2023_singapore_R.csv,100.886
PER,11,Red Bull,9.0,0 days 00:01:40.694000,1.0,HARD,9.0,0 days 01:16:27.352000,1,True,30.0,36.3,72.0,1009.0,False,1.7,163,laps_2023_singapore_R.csv,100.694
PIA,81,McLaren,9.0,0 days 00:01:40.474000,1.0,MEDIUM,9.0,0 days 01:16:28.971000,1,True,30.0,36.3,72.0,1009.0,False,1.7,163,laps_2023_singapore_R.csv,100.474
ALB,23,Williams,9.0,0 days 00:01:40.869000,1.0,MEDIUM,9.0,0 days 01:16:30.413000,1,True,30.0,36.3,72.0,1009.0,False,1.7,163,laps_2023_singapore_R.csv,100.869
SAR,2,Williams,9.0,0 days 00:01:41.228000,1.0,MEDIUM,9.0,0 days 01:16:31.478000,1,True,30.0,36.3,72.0,1009.0,False,1.7,163,laps_2023_singapore_R.csv,101.228
BOT,77,Alfa Romeo,9.0,0 days 00:01:41.303000,1.0,HARD,9.0,0 days 01:16:33.666000,1,True,30.0,36.3,72.0,1009.0,False,1.7,163,laps_2023_singapore_R.csv,101.303
ZHO,24,Alfa Romeo,9.0,0 days 00:01:40.555000,2.0,HARD,7.0,0 days 01:16:54.672000,1,True,30.0,36.6,73.0,1009.0,False,1.7,168,laps_2023_singapore_R.csv,100.555
SAI,55,Ferrari,10.0,0 days 00:01:40.369000,1.0,MEDIUM,10.0,0 days 01:17:51.596000,1,True,30.0,36.6,73.0,1009.0,False,1.7,168,laps_2023_singapore_R.csv,100.369
LEC,16,Ferrari,10.0,0 days 00:01:40.790000,1.0,SOFT,13.0,0 days 01:17:52.500000,1,True,30.0,36.6,73.0,1009.0,False,1.7,168,laps_2023_singapore_R.csv,100.79
RUS,63,Mercedes,10.0,0 days 00:01:40.093000,1.0,MEDIUM,10.0,0 days 01:17:54.755000,1,True,30.0,36.2,73.0,1009.0,False,1.2,175,laps_2023_singapore_R.csv,100.093
NOR,4,McLaren,10.0,0 days 00:01:39.974000,1.0,MEDIUM,10.0,0 days 01:17:56.114000,1,True,30.0,36.2,73.0,1009.0,False,1.2,175,laps_2023_singapore_R.csv,99.974
HAM,44,Mercedes,10.0,0 days 00:01:40.144000,1.0,MEDIUM,10.0,0 days 01:17:57.450000,1,True,30.0,36.2,73.0,1009.0,False,1.2,175,laps_2023_singapore_R.csv,100.144
ALO,14,Aston Martin,10.0,0 days 00:01:40.555000,1.0,MEDIUM,10.0,0 days 01:18:00.014000,1,True,30.0,36.2,73.0,1009.0,False,1.2,175,laps_2023_singapore_R.csv,100.555
OCO,31,Alpine,10.0,0 days 00:01:40.689000,1.0,MEDIUM,10.0,0 days 01:18:00.809000,1,True,30.0,36.2,73.0,1009.0,False,1.2,175,laps_2023_singapore_R.csv,100.689
VER,1,Red Bull,10.0,0 days 00:01:40.408000,1.0,HARD,10.0,0 days 01:18:01.952000,1,True,30.0,36.2,73.0,1009.0,False,1.2,175,laps_2023_singapore_R.csv,100.408
MAG,20,Haas F1 Team,10.0,0 days 00:01:40.504000,1.0,MEDIUM,10.0,0 days 01:18:04.501000,1,True,30.0,36.2,73.0,1009.0,False,1.2,175,laps_2023_singapore_R.csv,100.504
HUL,27,Haas F1 Team,10.0,0 days 00:01:40.633000,1.0,MEDIUM,10.0,0 days 01:18:05.215000,1,True,30.0,36.2,73.0,1009.0,False,1.2,175,laps_2023_singapore_R.csv,100.633
GAS,10,Alpine,10.0,0 days 00:01:40.378000,1.0,MEDIUM,10.0,0 days 01:18:05.895000,1,True,30.0,36.2,73.0,1009.0,False,1.2,175,laps_2023_singapore_R.csv,100.378
LAW,40,AlphaTauri,10.0,0 days 00:01:40.598000,1.0,MEDIUM,10.0,0 days 01:18:06.868000,1,True,30.0,36.2,73.0,1009.0,False,1.2,175,laps_2023_singapore_R.csv,100.598
PER,11,Red Bull,10.0,0 days 00:01:40.643000,1.0,HARD,10.0,0 days 01:18:08.046000,1,True,30.0,36.2,73.0,1009.0,False,1.2,175,laps_2023_singapore_R.csv,100.643
PIA,81,McLaren,10.0,0 days 00:01:40.528000,1.0,MEDIUM,10.0,0 days 01:18:09.445000,1,True,30.0,36.2,73.0,1009.0,False,1.2,175,laps_2023_singapore_R.csv,100.528
ALB,23,Williams,10.0,0 days 00:01:40.625000,1.0,MEDIUM,10.0,0 days 01:18:11.282000,1,True,30.0,36.2,73.0,1009.0,False,1.2,175,laps_2023_singapore_R.csv,100.625
SAR,2,Williams,10.0,0 days 00:01:40.739000,1.0,MEDIUM,10.0,0 days 01:18:12.706000,1,True,30.0,36.2,73.0,1009.0,False,1.2,175,laps_2023_singapore_R.csv,100.739
BOT,77,Alfa Romeo,10.0,0 days 00:01:41.230000,1.0,HARD,10.0,0 days 01:18:14.969000,1,True,30.0,36.2,73.0,1009.0,False,1.2,175,laps_2023_singapore_R.csv,101.23
ZHO,24,Alfa Romeo,10.0,0 days 00:01:40.566000,2.0,HARD,8.0,0 days 01:18:35.227000,1,True,30.0,36.2,73.0,1009.0,False,1.2,175,laps_2023_singapore_R.csv,100.566
SAI,55,Ferrari,11.0,0 days 00:01:40.297000,1.0,MEDIUM,11.0,0 days 01:19:31.965000,1,True,30.0,36.8,73.0,1009.0,False,1.6,160,laps_2023_singapore_R.csv,100.297
LEC,16,Ferrari,11.0,0 days 00:01:40.403000,1.0,SOFT,14.0,0 days 01:19:33.290000,1,True,30.0,36.8,73.0,1009.0,False,1.6,160,laps_2023_singapore_R.csv,100.403
RUS,63,Mercedes,11.0,0 days 00:01:40.595000,1.0,MEDIUM,11.0,0 days 01:19:34.848000,1,True,30.0,36.8,73.0,1009.0,False,1.6,160,laps_2023_singapore_R.csv,100.595
NOR,4,McLaren,11.0,0 days 00:01:40.355000,1.0,MEDIUM,11.0,0 days 01:19:36.088000,1,True,30.0,36.8,73.0,1009.0,False,1.6,160,laps_2023_singapore_R.csv,100.355
HAM,44,Mercedes,11.0,0 days 00:01:40.241000,1.0,MEDIUM,11.0,0 days 01:19:37.594000,1,True,30.0,36.8,73.0,1009.0,False,1.6,160,laps_2023_singapore_R.csv,100.241
ALO,14,Aston Martin,11.0,0 days 00:01:40.147000,1.0,MEDIUM,11.0,0 days 01:19:40.569000,1,True,30.0,36.8,73.0,1009.0,False,1.6,160,laps_2023_singapore_R.csv,100.147
OCO,31,Alpine,11.0,0 days 00:01:40.085000,1.0,MEDIUM,11.0,0 days 01:19:41.498000,1,True,30.0,36.8,73.0,1009.0,False,1.6,160,laps_2023_singapore_R.csv,100.085
VER,1,Red Bull,11.0,0 days 00:01:40.423000,1.0,HARD,11.0,0 days 01:19:42.360000,1,True,30.0,36.8,73.0,1009.0,False,1.6,160,laps_2023_singapore_R.csv,100.423
MAG,20,Haas F1 Team,11.0,0 days 00:01:40.415000,1.0,MEDIUM,11.0,0 days 01:19:45.005000,1,True,30.0,36.8,73.0,1009.0,False,1.6,160,laps_2023_singapore_R.csv,100.415
HUL,27,Haas F1 Team,11.0,0 days 00:01:40.559000,1.0,MEDIUM,11.0,0 days 01:19:45.848000,1,True,30.0,36.8,73.0,1009.0,False,1.6,160,laps_2023_singapore_R.csv,100.559
GAS,10,Alpine,11.0,0 days 00:01:40.728000,1.0,MEDIUM,11.0,0 days 01:19:46.273000,1,True,30.0,36.8,73.0,1009.0,False,1.6,160,laps_2023_singapore_R.csv,100.728
LAW,40,AlphaTauri,11.0,0 days 00:01:40.824000,1.0,MEDIUM,11.0,0 days 01:19:47.466000,1,True,30.0,36.8,73.0,1009.0,False,1.6,160,laps_2023_singapore_R.csv,100.824
PER,11,Red Bull,11.0,0 days 00:01:40.693000,1.0,HARD,11.0,0 days 01:19:48.689000,1,True,30.0,36.8,73.0,1009.0,False,1.6,160,laps_2023_singapore_R.csv,100.693
PIA,81,McLaren,11.0,0 days 00:01:40.678000,1.0,MEDIUM,11.0,0 days 01:19:49.973000,1,True,30.0,36.8,73.0,1009.0,False,1.6,160,laps_2023_singapore_R.csv,100.678
ALB,23,Williams,11.0,0 days 00:01:40.363000,1.0,MEDIUM,11.0,0 days 01:19:51.907000,1,True,30.0,36.8,73.0,1009.0,False,1.6,160,laps_2023_singapore_R.csv,100.363
SAR,2,Williams,11.0,0 days 00:01:40.711000,1.0,MEDIUM,11.0,0 days 01:19:53.445000,1,True,30.0,36.8,73.0,1009.0,False,1.6,160,laps_2023_singapore_R.csv,100.711
BOT,77,Alfa Romeo,11.0,0 days 00:01:41.376000,1.0,HARD,11.0,0 days 01:19:56.199000,1,True,30.0,36.8,72.0,1009.0,False,1.1,145,laps_2023_singapore_R.csv,101.376
ZHO,24,Alfa Romeo,11.0,0 days 00:01:40.534000,2.0,HARD,9.0,0 days 01:20:15.793000,1,True,30.0,36.8,72.0,1009.0,False,1.1,145,laps_2023_singapore_R.csv,100.534
SAI,55,Ferrari,12.0,0 days 00:01:40.530000,1.0,MEDIUM,12.0,0 days 01:21:12.262000,1,True,30.1,36.8,72.0,1009.0,False,2.0,138,laps_2023_singapore_R.csv,100.53
LEC,16,Ferrari,12.0,0 days 00:01:40.392000,1.0,SOFT,15.0,0 days 01:21:13.693000,1,True,30.1,36.8,72.0,1009.0,False,2.0,138,laps_2023_singapore_R.csv,100.392
RUS,63,Mercedes,12.0,0 days 00:01:40.463000,1.0,MEDIUM,12.0,0 days 01:21:15.443000,1,True,30.1,36.8,72.0,1009.0,False,2.0,138,laps_2023_singapore_R.csv,100.463
NOR,4,McLaren,12.0,0 days 00:01:40.466000,1.0,MEDIUM,12.0,0 days 01:21:16.443000,1,True,30.1,36.8,72.0,1009.0,False,2.0,138,laps_2023_singapore_R.csv,100.466
HAM,44,Mercedes,12.0,0 days 00:01:40.218000,1.0,MEDIUM,12.0,0 days 01:21:17.835000,1,True,30.1,36.8,72.0,1009.0,False,2.0,138,laps_2023_singapore_R.csv,100.218
ALO,14,Aston Martin,12.0,0 days 00:01:40.383000,1.0,MEDIUM,12.0,0 days 01:21:20.716000,1,True,30.1,36.8,72.0,1009.0,False,2.0,138,laps_2023_singapore_R.csv,100.383
OCO,31,Alpine,12.0,0 days 00:01:40.388000,1.0,MEDIUM,12.0,0 days 01:21:21.583000,1,True,30.1,36.8,72.0,1009.0,False,2.0,138,laps_2023_singapore_R.csv,100.388
VER,1,Red Bull,12.0,0 days 00:01:40.602000,1.0,HARD,12.0,0 days 01:21:22.783000,1,True,30.1,36.8,72.0,1009.0,False,2.0,138,laps_2023_singapore_R.csv,100.602
MAG,20,Haas F1 Team,12.0,0 days 00:01:40.705000,1.0,MEDIUM,12.0,0 days 01:21:25.420000,1,True,30.1,36.8,72.0,1009.0,False,2.0,138,laps_2023_singapore_R.csv,100.705
HUL,27,Haas F1 Team,12.0,0 days 00:01:40.479000,1.0,MEDIUM,12.0,0 days 01:21:26.407000,1,True,30.1,36.8,72.0,1009.0,False,2.0,138,laps_2023_singapore_R.csv,100.479
GAS,10,Alpine,12.0,0 days 00:01:40.439000,1.0,MEDIUM,12.0,0 days 01:21:27.001000,1,True,30.1,36.8,72.0,1009.0,False,2.0,138,laps_2023_singapore_R.csv,100.439
LAW,40,AlphaTauri,12.0,0 days 00:01:40.454000,1.0,MEDIUM,12.0,0 days 01:21:28.290000,1,True,30.1,36.8,72.0,1009.0,False,2.0,138,laps_2023_singapore_R.csv,100.454
PER,11,Red Bull,12.0,0 days 00:01:40.715000,1.0,HARD,12.0,0 days 01:21:29.382000,1,True,30.1,36.8,72.0,1009.0,False,2.0,138,laps_2023_singapore_R.csv,100.715
PIA,81,McLaren,12.0,0 days 00:01:40.563000,1.0,MEDIUM,12.0,0 days 01:21:30.651000,1,True,30.1,36.8,72.0,1009.0,False,2.0,138,laps_2023_singapore_R.csv,100.563
ALB,23,Williams,12.0,0 days 00:01:40.458000,1.0,MEDIUM,12.0,0 days 01:21:32.270000,1,True,30.1,36.8,72.0,1009.0,False,2.0,138,laps_2023_singapore_R.csv,100.458
SAR,2,Williams,12.0,0 days 00:01:40.554000,1.0,MEDIUM,12.0,0 days 01:21:34.156000,1,True,30.1,36.8,72.0,1009.0,False,2.0,138,laps_2023_singapore_R.csv,100.554
BOT,77,Alfa Romeo,12.0,0 days 00:01:41.063000,1.0,HARD,12.0,0 days 01:21:37.575000,1,True,30.1,36.8,72.0,1009.0,False,2.0,138,laps_2023_singapore_R.csv,101.063
ZHO,24,Alfa Romeo,12.0,0 days 00:01:40.316000,2.0,HARD,10.0,0 days 01:21:56.327000,1,True,30.0,36.8,72.0,1009.0,False,1.5,181,laps_2023_singapore_R.csv,100.316
SAI,55,Ferrari,13.0,0 days 00:01:40.356000,1.0,MEDIUM,13.0,0 days 01:22:52.792000,1,True,30.0,36.8,72.0,1009.0,False,1.5,181,laps_2023_singapore_R.csv,100.356
LEC,16,Ferrari,13.0,0 days 00:01:40.154000,1.0,SOFT,16.0,0 days 01:22:54.085000,1,True,30.1,36.6,72.0,1009.0,False,1.5,158,laps_2023_singapore_R.csv,100.154
RUS,63,Mercedes,13.0,0 days 00:01:40.344000,1.0,MEDIUM,13.0,0 days 01:22:55.906000,1,True,30.1,36.6,72.0,1009.0,False,1.5,158,laps_2023_singapore_R.csv,100.344
NOR,4,McLaren,13.0,0 days 00:01:40.372000,1.0,MEDIUM,13.0,0 days 01:22:56.909000,1,True,30.1,36.6,72.0,1009.0,False,1.5,158,laps_2023_singapore_R.csv,100.372
HAM,44,Mercedes,13.0,0 days 00:01:40.081000,1.0,MEDIUM,13.0,0 days 01:22:58.053000,1,True,30.1,36.6,72.0,1009.0,False,1.5,158,laps_2023_singapore_R.csv,100.081
ALO,14,Aston Martin,13.0,0 days 00:01:40.554000,1.0,MEDIUM,13.0,0 days 01:23:01.099000,1,True,30.1,36.6,72.0,1009.0,False,1.5,158,laps_2023_singapore_R.csv,100.554
OCO,31,Alpine,13.0,0 days 00:01:40.562000,1.0,MEDIUM,13.0,0 days 01:23:01.971000,1,True,30.1,36.6,72.0,1009.0,False,1.5,158,laps_2023_singapore_R.csv,100.562
VER,1,Red Bull,13.0,0 days 00:01:40.693000,1.0,HARD,13.0,0 days 01:23:03.385000,1,True,30.1,36.6,72.0,1009.0,False,1.5,158,laps_2023_singapore_R.csv,100.693
MAG,20,Haas F1 Team,13.0,0 days 00:01:40.828000,1.0,MEDIUM,13.0,0 days 01:23:06.125000,1,True,30.1,36.6,72.0,1009.0,False,1.5,158,laps_2023_singapore_R.csv,100.828
HUL,27,Haas F1 Team,13.0,0 days 00:01:40.783000,1.0,MEDIUM,13.0,0 days 01:23:06.886000,1,True,30.1,36.6,72.0,1009.0,False,1.5,158,laps_2023_singapore_R.csv,100.783
GAS,10,Alpine,13.0,0 days 00:01:40.829000,1.0,MEDIUM,13.0,0 days 01:23:07.440000,1,True,30.1,36.6,72.0,1009.0,False,1.5,158,laps_2023_singapore_R.csv,100.829
LAW,40,AlphaTauri,13.0,0 days 00:01:40.642000,1.0,MEDIUM,13.0,0 days 01:23:08.744000,1,True,30.1,36.6,72.0,1009.0,False,1.5,158,laps_2023_singapore_R.csv,100.642
PER,11,Red Bull,13.0,0 days 00:01:40.843000,1.0,HARD,13.0,0 days 01:23:10.097000,1,True,30.1,36.6,72.0,1009.0,False,1.5,158,laps_2023_singapore_R.csv,100.843
PIA,81,McLaren,13.0,0 days 00:01:41.119000,1.0,MEDIUM,13.0,0 days 01:23:11.214000,1,True,30.1,36.6,72.0,1009.0,False,1.5,158,laps_2023_singapore_R.csv,101.119
ALB,23,Williams,13.0,0 days 00:01:40.755000,1.0,MEDIUM,13.0,0 days 01:23:12.728000,1,True,30.1,36.6,72.0,1009.0,False,1.5,158,laps_2023_singapore_R.csv,100.755
SAR,2,Williams,13.0,0 days 00:01:40.797000,1.0,MEDIUM,13.0,0 days 01:23:14.710000,1,True,30.1,36.6,72.0,1009.0,False,1.5,158,laps_2023_singapore_R.csv,100.797
BOT,77,Alfa Romeo,13.0,0 days 00:01:41.194000,1.0,HARD,13.0,0 days 01:23:18.638000,1,True,30.1,36.6,72.0,1009.0,False,1.5,158,laps_2023_singapore_R.csv,101.194
ZHO,24,Alfa Romeo,13.0,0 days 00:01:40.397000,2.0,HARD,11.0,0 days 01:23:36.643000,1,True,30.1,36.6,72.0,1009.0,False,1.5,158,laps_2023_singapore_R.csv,100.397
SAI,55,Ferrari,14.0,0 days 00:01:40.398000,1.0,MEDIUM,14.0,0 days 01:24:33.148000,1,True,30.1,36.6,72.0,1009.0,False,1.5,175,laps_2023_singapore_R.csv,100.398
LEC,16,Ferrari,14.0,0 days 00:01:41.622000,1.0,SOFT,17.0,0 days 01:24:34.239000,1,True,30.1,36.6,72.0,1009.0,False,1.5,175,laps_2023_singapore_R.csv,101.622
RUS,63,Mercedes,14.0,0 days 00:01:40.758000,1.0,MEDIUM,14.0,0 days 01:24:36.250000,1,True,30.1,36.6,72.0,1009.0,False,1.5,175,laps_2023_singapore_R.csv,100.758
NOR,4,McLaren,14.0,0 days 00:01:40.421000,1.0,MEDIUM,14.0,0 days 01:24:37.281000,1,True,30.1,36.6,72.0,1009.0,False,1.5,175,laps_2023_singapore_R.csv,100.421
HAM,44,Mercedes,14.0,0 days 00:01:40.273000,1.0,MEDIUM,14.0,0 days 01:24:38.134000,1,True,30.1,36.6,72.0,1009.0,False,1.5,175,laps_2023_singapore_R.csv,100.273
ALO,14,Aston Martin,14.0,0 days 00:01:40.180000,1.0,MEDIUM,14.0,0 days 01:24:41.653000,1,True,30.1,36.6,72.0,1009.0,False,1.5,175,laps_2023_singapore_R.csv,100.18
OCO,31,Alpine,14.0,0 days 00:01:40.247000,1.0,MEDIUM,14.0,0 days 01:24:42.533000,1,True,30.1,36.6,72.0,1009.0,False,1.5,175,laps_2023_singapore_R.csv,100.247
VER,1,Red Bull,14.0,0 days 00:01:40.633000,1.0,HARD,14.0,0 days 01:24:44.078000,1,True,30.1,36.6,72.0,1009.0,False,1.5,175,laps_2023_singapore_R.csv,100.633
MAG,20,Haas F1 Team,14.0,0 days 00:01:40.515000,1.0,MEDIUM,14.0,0 days 01:24:46.953000,1,True,30.1,36.6,72.0,1009.0,False,1.5,175,laps_2023_singapore_R.csv,100.515
HUL,27,Haas F1 Team,14.0,0 days 00:01:40.641000,1.0,MEDIUM,14.0,0 days 01:24:47.669000,1,True,30.1,36.6,72.0,1009.0,False,1.5,175,laps_2023_singapore_R.csv,100.641
GAS,10,Alpine,14.0,0 days 00:01:40.627000,1.0,MEDIUM,14.0,0 days 01:24:48.269000,1,True,30.1,36.6,72.0,1009.0,False,1.5,175,laps_2023_singapore_R.csv,100.627
LAW,40,AlphaTauri,14.0,0 days 00:01:40.676000,1.0,MEDIUM,14.0,0 days 01:24:49.386000,1,True,30.1,36.6,72.0,1009.0,False,1.5,175,laps_2023_singapore_R.csv,100.676
PER,11,Red Bull,14.0,0 days 00:01:40.314000,1.0,HARD,14.0,0 days 01:24:50.940000,1,True,30.1,36.6,72.0,1009.0,False,1.5,175,laps_2023_singapore_R.csv,100.314
PIA,81,McLaren,14.0,0 days 00:01:40.307000,1.0,MEDIUM,14.0,0 days 01:24:52.333000,1,True,30.1,36.6,72.0,1009.0,False,1.5,175,laps_2023_singapore_R.csv,100.307
ALB,23,Williams,14.0,0 days 00:01:40.775000,1.0,MEDIUM,14.0,0 days 01:24:53.483000,1,True,30.1,36.6,72.0,1009.0,False,1.5,175,laps_2023_singapore_R.csv,100.775
SAR,2,Williams,14.0,0 days 00:01:40.983000,1.0,MEDIUM,14.0,0 days 01:24:55.507000,1,True,30.1,36.4,72.0,1009.0,False,1.2,156,laps_2023_singapore_R.csv,100.983
BOT,77,Alfa Romeo,14.0,0 days 00:01:40.955000,1.0,HARD,14.0,0 days 01:24:59.832000,1,True,30.1,36.4,72.0,1009.0,False,1.2,156,laps_2023_singapore_R.csv,100.955
ZHO,24,Alfa Romeo,14.0,0 days 00:01:40.833000,2.0,HARD,12.0,0 days 01:25:17.040000,1,True,30.1,36.4,72.0,1009.0,False,1.2,156,laps_2023_singapore_R.csv,100.833
SAI,55,Ferrari,15.0,0 days 00:01:39.937000,1.0,MEDIUM,15.0,0 days 01:26:13.546000,1,True,30.1,36.4,72.0,1009.0,False,1.6,169,laps_2023_singapore_R.csv,99.937
LEC,16,Ferrari,15.0,0 days 00:01:39.613000,1.0,SOFT,18.0,0 days 01:26:15.861000,1,True,30.1,36.4,72.0,1009.0,False,1.6,169,laps_2023_singapore_R.csv,99.613
RUS,63,Mercedes,15.0,0 days 00:01:39.965000,1.0,MEDIUM,15.0,0 days 01:26:17.008000,1,True,30.1,36.4,72.0,1009.0,False,1.6,169,laps_2023_singapore_R.csv,99.965
NOR,4,McLaren,15.0,0 days 00:01:40.247000,1.0,MEDIUM,15.0,0 days 01:26:17.702000,1,True,30.1,36.4,72.0,1009.0,False,1.6,169,laps_2023_singapore_R.csv,100.247
HAM,44,Mercedes,15.0,0 days 00:01:40.394000,1.0,MEDIUM,15.0,0 days 01:26:18.407000,1,True,30.1,36.4,72.0,1009.0,False,1.6,169,laps_2023_singapore_R.csv,100.394
ALO,14,Aston Martin,15.0,0 days 00:01:40.095000,1.0,MEDIUM,15.0,0 days 01:26:21.833000,1,True,30.1,36.4,72.0,1009.0,False,1.6,169,laps_2023_singapore_R.csv,100.095
OCO,31,Alpine,15.0,0 days 00:01:40.353000,1.0,MEDIUM,15.0,0 days 01:26:22.780000,1,True,30.1,36.4,72.0,1009.0,False,1.6,169,laps_2023_singapore_R.csv,100.353
VER,1,Red Bull,15.0,0 days 00:01:40.206000,1.0,HARD,15.0,0 days 01:26:24.711000,1,True,30.1,36.4,72.0,1009.0,False,1.6,169,laps_2023_singapore_R.csv,100.206
MAG,20,Haas F1 Team,15.0,0 days 00:01:40.598000,1.0,MEDIUM,15.0,0 days 01:26:27.468000,1,True,30.1,36.4,72.0,1009.0,False,1.6,169,laps_2023_singapore_R.csv,100.598
HUL,27,Haas F1 Team,15.0,0 days 00:01:40.693000,1.0,MEDIUM,15.0,0 days 01:26:28.310000,1,True,30.1,36.4,72.0,1009.0,False,1.6,169,laps_2023_singapore_R.csv,100.693
GAS,10,Alpine,15.0,0 days 00:01:40.602000,1.0,MEDIUM,15.0,0 days 01:26:28.896000,1,True,30.1,36.4,72.0,1009.0,False,1.6,169,laps_2023_singapore_R.csv,100.602
LAW,40,AlphaTauri,15.0,0 days 00:01:40.728000,1.0,MEDIUM,15.0,0 days 01:26:30.062000,1,True,30.1,36.4,72.0,1009.0,False,1.6,169,laps_2023_singapore_R.csv,100.728
PER,11,Red Bull,15.0,0 days 00:01:40.538000,1.0,HARD,15.0,0 days 01:26:31.254000,1,True,30.1,36.4,72.0,1009.0,False,1.6,169,laps_2023_singapore_R.csv,100.538
PIA,81,McLaren,15.0,0 days 00:01:40.709000,1.0,MEDIUM,15.0,0 days 01:26:32.640000,1,True,30.1,36.4,72.0,1009.0,False,1.6,169,laps_2023_singapore_R.csv,100.709
ALB,23,Williams,15.0,0 days 00:01:40.638000,1.0,MEDIUM,15.0,0 days 01:26:34.258000,1,True,30.1,36.4,72.0,1009.0,False,1.6,169,laps_2023_singapore_R.csv,100.638
SAR,2,Williams,15.0,0 days 00:01:40.838000,1.0,MEDIUM,15.0,0 days 01:26:36.490000,1,True,30.1,36.4,72.0,1009.0,False,1.6,169,laps_2023_singapore_R.csv,100.838
BOT,77,Alfa Romeo,15.0,0 days 00:01:40.793000,1.0,HARD,15.0,0 days 01:26:40.787000,1,True,30.1,36.4,72.0,1009.0,False,1.6,169,laps_2023_singapore_R.csv,100.793
ZHO,24,Alfa Romeo,15.0,0 days 00:01:40.463000,2.0,HARD,13.0,0 days 01:26:57.873000,1,True,30.1,36.4,72.0,1009.0,False,1.6,160,laps_2023_singapore_R.csv,100.463
SAI,55,Ferrari,16.0,0 days 00:01:39.398000,1.0,MEDIUM,16.0,0 days 01:27:53.483000,1,True,30.1,36.4,72.0,1009.0,False,1.6,160,laps_2023_singapore_R.csv,99.398
LEC,16,Ferrari,16.0,0 days 00:01:39.625000,1.0,SOFT,19.0,0 days 01:27:55.474000,1,True,30.1,36.4,72.0,1009.0,False,1.6,173,laps_2023_singapore_R.csv,99.625
RUS,63,Mercedes,16.0,0 days 00:01:40.062000,1.0,MEDIUM,16.0,0 days 01:27:56.973000,1,True,30.1,36.4,72.0,1009.0,False,1.6,173,laps_2023_singapore_R.csv,100.062
NOR,4,McLaren,16.0,0 days 00:01:40.342000,1.0,MEDIUM,16.0,0 days 01:27:57.949000,1,True,30.1,36.4,72.0,1009.0,False,1.6,173,laps_2023_singapore_R.csv,100.342
HAM,44,Mercedes,16.0,0 days 00:01:40.785000,1.0,MEDIUM,16.0,0 days 01:27:58.801000,1,True,30.1,36.4,72.0,1009.0,False,1.6,173,laps_2023_singapore_R.csv,100.785
ALO,14,Aston Martin,16.0,0 days 00:01:40.238000,1.0,MEDIUM,16.0,0 days 01:28:01.928000,1,True,30.1,36.4,72.0,1009.0,False,1.6,173,laps_2023_singapore_R.csv,100.238
OCO,31,Alpine,16.0,0 days 00:01:40.387000,1.0,MEDIUM,16.0,0 days 01:28:03.133000,1,True,30.1,36.4,72.0,1009.0,False,1.6,173,laps_2023_singapore_R.csv,100.387
VER,1,Red Bull,16.0,0 days 00:01:40.390000,1.0,HARD,16.0,0 days 01:28:04.917000,1,True,30.1,36.4,72.0,1009.0,False,1.6,173,laps_2023_singapore_R.csv,100.39
MAG,20,Haas F1 Team,16.0,0 days 00:01:40.671000,1.0,MEDIUM,16.0,0 days 01:28:08.066000,1,True,30.1,36.4,72.0,1009.0,False,1.6,173,laps_2023_singapore_R.csv,100.671
HUL,27,Haas F1 Team,16.0,0 days 00:01:40.789000,1.0,MEDIUM,16.0,0 days 01:28:09.003000,1,True,30.1,36.4,72.0,1009.0,False,1.6,173,laps_2023_singapore_R.csv,100.789
GAS,10,Alpine,16.0,0 days 00:01:40.929000,1.0,MEDIUM,16.0,0 days 01:28:09.498000,1,True,30.1,36.4,72.0,1009.0,False,1.6,173,laps_2023_singapore_R.csv,100.929
LAW,40,AlphaTauri,16.0,0 days 00:01:40.941000,1.0,MEDIUM,16.0,0 days 01:28:10.790000,1,True,30.1,36.4,72.0,1009.0,False,1.6,173,laps_2023_singapore_R.csv,100.941
PER,11,Red Bull,16.0,0 days 00:01:40.688000,1.0,HARD,16.0,0 days 01:28:11.792000,1,True,30.1,36.4,72.0,1009.0,False,1.6,173,laps_2023_singapore_R.csv,100.688
PIA,81,McLaren,16.0,0 days 00:01:40.600000,1.0,MEDIUM,16.0,0 days 01:28:13.349000,1,True,30.1,36.4,72.0,1009.0,False,1.6,173,laps_2023_singapore_R.csv,100.6
ALB,23,Williams,16.0,0 days 00:01:40.815000,1.0,MEDIUM,16.0,0 days 01:28:14.896000,1,True,30.1,36.4,72.0,1009.0,False,1.6,173,laps_2023_singapore_R.csv,100.815
SAR,2,Williams,16.0,0 days 00:01:40.965000,1.0,MEDIUM,16.0,0 days 01:28:17.328000,1,True,30.1,36.4,72.0,1009.0,False,1.6,173,laps_2023_singapore_R.csv,100.965
BOT,77,Alfa Romeo,16.0,0 days 00:01:40.925000,1.0,HARD,16.0,0 days 01:28:21.580000,1,True,30.1,36.4,72.0,1009.0,False,1.6,173,laps_2023_singapore_R.csv,100.925
ZHO,24,Alfa Romeo,16.0,0 days 00:01:40.425000,2.0,HARD,14.0,0 days 01:28:38.336000,1,True,30.1,36.4,72.0,1009.0,False,1.6,173,laps_2023_singapore_R.csv,100.425
SAI,55,Ferrari,17.0,0 days 00:01:39.448000,1.0,MEDIUM,17.0,0 days 01:29:32.881000,1,True,30.1,36.5,72.0,1009.0,False,1.5,186,laps_2023_singapore_R.csv,99.448
LEC,16,Ferrari,17.0,0 days 00:01:39.800000,1.0,SOFT,20.0,0 days 01:29:35.099000,1,True,30.1,36.5,72.0,1009.0,False,1.5,186,laps_2023_singapore_R.csv,99.8
RUS,63,Mercedes,17.0,0 days 00:01:40.029000,1.0,MEDIUM,17.0,0 days 01:29:37.035000,1,True,30.1,36.5,72.0,1009.0,False,1.5,186,laps_2023_singapore_R.csv,100.029
NOR,4,McLaren,17.0,0 days 00:01:40.024000,1.0,MEDIUM,17.0,0 days 01:29:38.291000,1,True,30.1,36.5,72.0,1009.0,False,1.5,186,laps_2023_singapore_R.csv,100.024
HAM,44,Mercedes,17.0,0 days 00:01:40.380000,1.0,MEDIUM,17.0,0 days 01:29:39.586000,1,True,30.1,36.5,72.0,1009.0,False,1.5,186,laps_2023_singapore_R.csv,100.38
ALO,14,Aston Martin,17.0,0 days 00:01:40.499000,1.0,MEDIUM,17.0,0 days 01:29:42.166000,1,True,30.1,36.5,72.0,1009.0,False,1.5,186,laps_2023_singapore_R.csv,100.499
OCO,31,Alpine,17.0,0 days 00:01:40.575000,1.0,MEDIUM,17.0,0 days 01:29:43.520000,1,True,30.1,36.5,72.0,1009.0,False,1.5,186,laps_2023_singapore_R.csv,100.575
VER,1,Red Bull,17.0,0 days 00:01:40.481000,1.0,HARD,17.0,0 days 01:29:45.307000,1,True,30.1,36.5,72.0,1009.0,False,1.5,186,laps_2023_singapore_R.csv,100.481
MAG,20,Haas F1 Team,17.0,0 days 00:01:40.859000,1.0,MEDIUM,17.0,0 days 01:29:48.737000,1,True,30.1,36.5,72.0,1009.0,False,1.5,186,laps_2023_singapore_R.csv,100.859
HUL,27,Haas F1 Team,17.0,0 days 00:01:40.753000,1.0,MEDIUM,17.0,0 days 01:29:49.792000,1,True,30.1,36.5,72.0,1009.0,False,1.5,186,laps_2023_singapore_R.csv,100.753
GAS,10,Alpine,17.0,0 days 00:01:40.673000,1.0,MEDIUM,17.0,0 days 01:29:50.427000,1,True,30.1,36.5,72.0,1009.0,False,1.5,186,laps_2023_singapore_R.csv,100.673
LAW,40,AlphaTauri,17.0,0 days 00:01:40.940000,1.0,MEDIUM,17.0,0 days 01:29:51.731000,1,True,30.1,36.5,72.0,1009.0,False,1.5,186,laps_2023_singapore_R.csv,100.94
PER,11,Red Bull,17.0,0 days 00:01:40.987000,1.0,HARD,17.0,0 days 01:29:52.480000,1,True,30.1,36.5,72.0,1009.0,False,1.5,186,laps_2023_singapore_R.csv,100.987
PIA,81,McLaren,17.0,0 days 00:01:40.846000,1.0,MEDIUM,17.0,0 days 01:29:53.949000,1,True,30.1,36.5,73.0,1009.0,False,1.2,189,laps_2023_singapore_R.csv,100.846
ALB,23,Williams,17.0,0 days 00:01:40.689000,1.0,MEDIUM,17.0,0 days 01:29:55.711000,1,True,30.1,36.5,73.0,1009.0,False,1.2,189,laps_2023_singapore_R.csv,100.689
SAR,2,Williams,17.0,0 days 00:01:41.113000,1.0,MEDIUM,17.0,0 days 01:29:58.293000,1,True,30.1,36.5,73.0,1009.0,False,1.2,189,laps_2023_singapore_R.csv,101.113
BOT,77,Alfa Romeo,17.0,0 days 00:01:40.809000,1.0,HARD,17.0,0 days 01:30:02.505000,1,True,30.1,36.5,73.0,1009.0,False,1.2,189,laps_2023_singapore_R.csv,100.809
ZHO,24,Alfa Romeo,17.0,0 days 00:01:40.424000,2.0,HARD,15.0,0 days 01:30:18.761000,1,True,30.1,36.5,73.0,1009.0,False,1.2,189,laps_2023_singapore_R.csv,100.424
SAI,55,Ferrari,18.0,0 days 00:01:38.992000,1.0,MEDIUM,18.0,0 days 01:31:12.329000,1,True,30.0,36.5,73.0,1009.0,False,1.0,181,laps_2023_singapore_R.csv,98.992
LEC,16,Ferrari,18.0,0 days 00:01:39.613000,1.0,SOFT,21.0,0 days 01:31:14.899000,1,True,30.0,36.5,73.0,1009.0,False,1.0,181,laps_2023_singapore_R.csv,99.613
RUS,63,Mercedes,18.0,0 days 00:01:39.686000,1.0,MEDIUM,18.0,0 days 01:31:17.064000,1,True,30.0,36.5,73.0,1009.0,False,1.0,181,laps_2023_singapore_R.csv,99.686
NOR,4,McLaren,18.0,0 days 00:01:39.693000,1.0,MEDIUM,18.0,0 days 01:31:18.315000,1,True,30.0,36.5,73.0,1009.0,False,1.0,181,laps_2023_singapore_R.csv,99.693
HAM,44,Mercedes,18.0,0 days 00:01:40.364000,1.0,MEDIUM,18.0,0 days 01:31:19.966000,1,True,30.0,36.5,73.0,1009.0,False,1.0,181,laps_2023_singapore_R.csv,100.364
ALO,14,Aston Martin,18.0,0 days 00:01:40.316000,1.0,MEDIUM,18.0,0 days 01:31:22.665000,1,True,30.0,36.5,73.0,1009.0,False,1.0,181,laps_2023_singapore_R.csv,100.316
OCO,31,Alpine,18.0,0 days 00:01:40.423000,1.0,MEDIUM,18.0,0 days 01:31:24.095000,1,True,30.0,36.5,73.0,1009.0,False,1.0,181,laps_2023_singapore_R.csv,100.423
VER,1,Red Bull,18.0,0 days 00:01:40.464000,1.0,HARD,18.0,0 days 01:31:25.788000,1,True,30.0,36.5,73.0,1009.0,False,1.0,181,laps_2023_singapore_R.csv,100.464
MAG,20,Haas F1 Team,18.0,0 days 00:01:40.993000,1.0,MEDIUM,18.0,0 days 01:31:29.596000,1,True,30.0,36.5,73.0,1009.0,False,1.0,181,laps_2023_singapore_R.csv,100.993
HUL,27,Haas F1 Team,18.0,0 days 00:01:40.877000,1.0,MEDIUM,18.0,0 days 01:31:30.545000,1,True,30.0,36.5,73.0,1009.0,False,1.0,181,laps_2023_singapore_R.csv,100.877
GAS,10,Alpine,18.0,0 days 00:01:40.866000,1.0,MEDIUM,18.0,0 days 01:31:31.100000,1,True,30.0,36.5,73.0,1009.0,False,1.0,181,laps_2023_singapore_R.csv,100.866
LAW,40,AlphaTauri,18.0,0 days 00:01:41.119000,1.0,MEDIUM,18.0,0 days 01:31:32.671000,1,True,30.0,36.5,73.0,1009.0,False,1.0,181,laps_2023_singapore_R.csv,101.119
PER,11,Red Bull,18.0,0 days 00:01:41.077000,1.0,HARD,18.0,0 days 01:31:33.467000,1,True,30.0,36.5,73.0,1009.0,False,1.0,181,laps_2023_singapore_R.csv,101.077
PIA,81,McLaren,18.0,0 days 00:01:40.895000,1.0,MEDIUM,18.0,0 days 01:31:34.795000,1,True,30.0,36.5,73.0,1009.0,False,1.0,181,laps_2023_singapore_R.csv,100.895
ALB,23,Williams,18.0,0 days 00:01:40.949000,1.0,MEDIUM,18.0,0 days 01:31:36.400000,1,True,30.0,36.5,73.0,1009.0,False,1.0,181,laps_2023_singapore_R.csv,100.949
SAR,2,Williams,18.0,0 days 00:01:41.570000,1.0,MEDIUM,18.0,0 days 01:31:39.406000,1,True,30.0,36.5,73.0,1009.0,False,1.0,181,laps_2023_singapore_R.csv,101.57
BOT,77,Alfa Romeo,18.0,0 days 00:01:40.904000,1.0,HARD,18.0,0 days 01:31:43.314000,1,True,30.0,36.5,73.0,1009.0,False,1.0,181,laps_2023_singapore_R.csv,100.904
ZHO,24,Alfa Romeo,18.0,0 days 00:01:40.582000,2.0,HARD,16.0,0 days 01:31:59.185000,1,True,30.0,36.4,73.0,1009.0,False,1.3,185,laps_2023_singapore_R.csv,100.582
SAI,55,Ferrari,19.0,0 days 00:01:39.029000,1.0,MEDIUM,19.0,0 days 01:32:51.321000,12,True,30.0,36.4,73.0,1009.0,False,1.3,185,laps_2023_singapore_R.csv,99.029
LEC,16,Ferrari,19.0,0 days 00:01:40.236000,1.0,SOFT,22.0,0 days 01:32:54.512000,12,True,30.0,36.3,73.0,1009.0,False,1.1,187,laps_2023_singapore_R.csv,100.236
RUS,63,Mercedes,19.0,0 days 00:01:39.996000,1.0,MEDIUM,19.0,0 days 01:32:56.750000,12,True,30.0,36.3,73.0,1009.0,False,1.1,187,laps_2023_singapore_R.csv,99.996
NOR,4,McLaren,19.0,0 days 00:01:39.880000,1.0,MEDIUM,19.0,0 days 01:32:58.008000,12,True,30.0,36.3,73.0,1009.0,False,1.1,187,laps_2023_singapore_R.csv,99.88
HAM,44,Mercedes,19.0,0 days 00:01:39.394000,1.0,MEDIUM,19.0,0 days 01:33:00.330000,12,True,30.0,36.3,73.0,1009.0,False,1.1,187,laps_2023_singapore_R.csv,99.394
ALO,14,Aston Martin,19.0,0 days 00:01:40.346000,1.0,MEDIUM,19.0,0 days 01:33:02.981000,12,True,30.0,36.3,73.0,1009.0,False,1.1,187,laps_2023_singapore_R.csv,100.346
OCO,31,Alpine,19.0,0 days 00:01:40.490000,1.0,MEDIUM,19.0,0 days 01:33:04.518000,12,True,30.0,36.3,73.0,1009.0,False,1.1,187,laps_2023_singapore_R.csv,100.49
VER,1,Red Bull,19.0,0 days 00:01:40.746000,1.0,HARD,19.0,0 days 01:33:06.252000,12,True,30.0,36.3,73.0,1009.0,False,1.1,187,laps_2023_singapore_R.csv,100.746
MAG,20,Haas F1 Team,19.0,0 days 00:01:41.007000,1.0,MEDIUM,19.0,0 days 01:33:10.589000,12,True,30.0,36.3,73.0,1009.0,False,1.1,187,laps_2023_singapore_R.csv,101.007
HUL,27,Haas F1 Team,19.0,0 days 00:01:41.096000,1.0,MEDIUM,19.0,0 days 01:33:11.422000,12,True,30.0,36.3,73.0,1009.0,False,1.1,187,laps_2023_singapore_R.csv,101.096
GAS,10,Alpine,19.0,0 days 00:01:41.061000,1.0,MEDIUM,19.0,0 days 01:33:11.966000,12,True,30.0,36.3,73.0,1009.0,False,1.1,187,laps_2023_singapore_R.csv,101.061
LAW,40,AlphaTauri,19.0,0 days 00:01:41.286000,1.0,MEDIUM,19.0,0 days 01:33:13.790000,12,True,30.0,36.3,73.0,1009.0,False,1.1,187,laps_2023_singapore_R.csv,101.286
PER,11,Red Bull,19.0,0 days 00:01:41.404000,1.0,HARD,19.0,0 days 01:33:14.544000,12,True,30.0,36.3,73.0,1009.0,False,1.1,187,laps_2023_singapore_R.csv,101.404
PIA,81,McLaren,19.0,0 days 00:01:41.322000,1.0,MEDIUM,19.0,0 days 01:33:15.690000,12,True,30.0,36.3,73.0,1009.0,False,1.1,187,laps_2023_singapore_R.csv,101.322
ALB,23,Williams,19.0,0 days 00:01:41.174000,1.0,MEDIUM,19.0,0 days 01:33:17.349000,12,True,30.0,36.3,73.0,1009.0,False,1.1,187,laps_2023_singapore_R.csv,101.174
BOT,77,Alfa Romeo,19.0,0 days 00:01:41.786000,1.0,HARD,19.0,0 days 01:33:24.218000,12,True,30.0,36.3,73.0,1009.0,False,1.1,187,laps_2023_singapore_R.csv,101.786
ZHO,24,Alfa Romeo,19.0,0 days 00:01:41.684000,2.0,HARD,17.0,0 days 01:33:39.767000,12,True,30.0,36.3,73.0,1009.0,False,1.1,187,laps_2023_singapore_R.csv,101.684
SAI,55,Ferrari,23.0,0 days 00:01:42.423000,2.0,HARD,3.0,0 days 01:42:06.558000,1,True,30.0,36.0,72.0,1009.2,False,1.6,160,laps_2023_singapore_R.csv,102.423
VER,1,Red Bull,23.0,0 days 00:01:43.346000,1.0,HARD,23.0,0 days 01:42:07.341000,1,True,30.0,36.0,72.0,1009.2,False,1.6,160,laps_2023_singapore_R.csv,103.346
RUS,63,Mercedes,23.0,0 days 00:01:42.341000,2.0,HARD,3.0,0 days 01:42:07.705000,1,True,30.0,36.0,72.0,1009.2,False,1.6,160,laps_2023_singapore_R.csv,102.341
PER,11,Red Bull,23.0,0 days 00:01:44.195000,1.0,HARD,23.0,0 days 01:42:08.217000,1,True,30.0,36.0,72.0,1009.2,False,1.6,160,laps_2023_singapore_R.csv,104.195
NOR,4,McLaren,23.0,0 days 00:01:42.789000,2.0,HARD,3.0,0 days 01:42:08.593000,1,True,30.0,36.0,72.0,1009.2,False,1.6,160,laps_2023_singapore_R.csv,102.789
LEC,16,Ferrari,23.0,0 days 00:01:43.955000,2.0,HARD,3.0,0 days 01:42:09.058000,1,True,30.0,36.0,72.0,1009.2,False,1.6,160,laps_2023_singapore_R.csv,103.955
HAM,44,Mercedes,23.0,0 days 00:01:43.080000,2.0,HARD,3.0,0 days 01:42:09.571000,1,True,30.0,36.0,72.0,1009.2,False,1.6,160,laps_2023_singapore_R.csv,103.08
ALO,14,Aston Martin,23.0,0 days 00:01:43.291000,2.0,HARD,3.0,0 days 01:42:10.034000,1,True,30.0,36.0,72.0,1009.2,False,1.6,160,laps_2023_singapore_R.csv,103.291
OCO,31,Alpine,23.0,0 days 00:01:43.254000,2.0,HARD,3.0,0 days 01:42:10.478000,1,True,30.0,36.0,72.0,1009.2,False,1.6,160,laps_2023_singapore_R.csv,103.254
BOT,77,Alfa Romeo,23.0,0 days 00:01:45.486000,1.0,HARD,23.0,0 days 01:42:11.245000,1,True,30.0,36.0,72.0,1009.2,False,1.6,160,laps_2023_singapore_R.csv,105.486
MAG,20,Haas F1 Team,23.0,0 days 00:01:43.438000,2.0,HARD,3.0,0 days 01:42:11.654000,1,True,30.0,36.0,72.0,1009.2,False,1.6,160,laps_2023_singapore_R.csv,103.438
GAS,10,Alpine,23.0,0 days 00:01:43.344000,2.0,HARD,3.0,0 days 01:42:12.153000,1,True,30.0,36.0,72.0,1009.2,False,1.6,160,laps_2023_singapore_R.csv,103.344
PIA,81,McLaren,23.0,0 days 00:01:43.549000,2.0,HARD,3.0,0 days 01:42:12.570000,1,True,30.0,36.0,72.0,1009.2,False,1.6,160,laps_2023_singapore_R.csv,103.549
LAW,40,AlphaTauri,23.0,0 days 00:01:43.523000,2.0,HARD,3.0,0 days 01:42:13.236000,1,True,30.0,36.0,72.0,1009.2,False,1.6,160,laps_2023_singapore_R.csv,103.523
HUL,27,Haas F1 Team,23.0,0 days 00:01:43.093000,2.0,HARD,3.0,0 days 01:42:13.877000,1,True,30.0,36.0,72.0,1009.2,False,1.6,160,laps_2023_singapore_R.csv,103.093
ALB,23,Williams,23.0,0 days 00:01:43.117000,2.0,HARD,3.0,0 days 01:42:14.548000,1,True,30.0,36.0,72.0,1009.2,False,1.6,160,laps_2023_singapore_R.csv,103.117
ZHO,24,Alfa Romeo,23.0,0 days 00:01:42.749000,3.0,MEDIUM,3.0,0 days 01:42:15.139000,1,True,30.0,36.0,72.0,1009.2,False,1.6,160,laps_2023_singapore_R.csv,102.749
SAR,2,Williams,23.0,0 days 00:01:39.856000,2.0,HARD,4.0,0 days 01:42:56.980000,1,True,29.9,36.1,72.0,1009.2,False,1.5,152,laps_2023_singapore_R.csv,99.856
SAI,55,Ferrari,24.0,0 days 00:01:39.792000,2.0,HARD,4.0,0 days 01:43:48.981000,1,True,29.9,36.1,72.0,1009.2,False,1.5,152,laps_2023_singapore_R.csv,99.792
RUS,63,Mercedes,24.0,0 days 00:01:39.501000,2.0,HARD,4.0,0 days 01:43:50.046000,1,True,29.9,36.1,72.0,1009.2,False,1.5,152,laps_2023_singapore_R.csv,99.501
VER,1,Red Bull,24.0,0 days 00:01:41.971000,1.0,HARD,24.0,0 days 01:43:50.687000,1,True,29.9,36.1,72.0,1009.2,False,1.5,152,laps_2023_singapore_R.csv,101.971
NOR,4,McLaren,24.0,0 days 00:01:40.320000,2.0,HARD,4.0,0 days 01:43:51.382000,1,True,29.9,36.1,72.0,1009.2,False,1.5,152,laps_2023_singapore_R.csv,100.32
PER,11,Red Bull,24.0,0 days 00:01:42.735000,1.0,HARD,24.0,0 days 01:43:52.412000,1,True,29.9,36.1,72.0,1009.2,False,1.5,152,laps_2023_singapore_R.csv,102.735
HAM,44,Mercedes,24.0,0 days 00:01:40.957000,2.0,HARD,4.0,0 days 01:43:52.651000,1,True,29.9,36.1,72.0,1009.2,False,1.5,152,laps_2023_singapore_R.csv,100.957
LEC,16,Ferrari,24.0,0 days 00:01:42.668000,2.0,HARD,4.0,0 days 01:43:53.013000,1,True,29.9,36.1,72.0,1009.2,False,1.5,152,laps_2023_singapore_R.csv,102.668
ALO,14,Aston Martin,24.0,0 days 00:01:43.137000,2.0,HARD,4.0,0 days 01:43:53.325000,1,True,29.9,36.1,72.0,1009.2,False,1.5,152,laps_2023_singapore_R.csv,103.137
OCO,31,Alpine,24.0,0 days 00:01:43.091000,2.0,HARD,4.0,0 days 01:43:53.732000,1,True,29.9,36.1,72.0,1009.2,False,1.5,152,laps_2023_singapore_R.csv,103.091
MAG,20,Haas F1 Team,24.0,0 days 00:01:42.343000,2.0,HARD,4.0,0 days 01:43:55.092000,1,True,29.9,36.1,73.0,1009.2,False,1.5,166,laps_2023_singapore_R.csv,102.343
GAS,10,Alpine,24.0,0 days 00:01:42.407000,2.0,HARD,4.0,0 days 01:43:55.497000,1,True,29.9,36.1,73.0,1009.2,False,1.5,166,laps_2023_singapore_R.csv,102.407
PIA,81,McLaren,24.0,0 days 00:01:42.238000,2.0,HARD,4.0,0 days 01:43:56.119000,1,True,29.9,36.1,73.0,1009.2,False,1.5,166,laps_2023_singapore_R.csv,102.238
BOT,77,Alfa Romeo,24.0,0 days 00:01:46.415000,1.0,HARD,24.0,0 days 01:43:56.731000,1,True,29.9,36.1,73.0,1009.2,False,1.5,166,laps_2023_singapore_R.csv,106.415
LAW,40,AlphaTauri,24.0,0 days 00:01:42.294000,2.0,HARD,4.0,0 days 01:43:56.759000,1,True,29.9,36.1,73.0,1009.2,False,1.5,166,laps_2023_singapore_R.csv,102.294
HUL,27,Haas F1 Team,24.0,0 days 00:01:43.044000,2.0,HARD,4.0,0 days 01:43:56.970000,1,True,29.9,36.1,73.0,1009.2,False,1.5,166,laps_2023_singapore_R.csv,103.044
ALB,23,Williams,24.0,0 days 00:01:43.087000,2.0,HARD,4.0,0 days 01:43:57.665000,1,True,29.9,36.1,73.0,1009.2,False,1.5,166,laps_2023_singapore_R.csv,103.087
ZHO,24,Alfa Romeo,24.0,0 days 00:01:43.949000,3.0,MEDIUM,4.0,0 days 01:43:57.888000,1,True,29.9,36.1,73.0,1009.2,False,1.5,166,laps_2023_singapore_R.csv,103.949
SAR,2,Williams,24.0,0 days 00:01:40.390000,2.0,HARD,5.0,0 days 01:44:36.836000,1,True,29.9,36.1,73.0,1009.2,False,1.5,166,laps_2023_singapore_R.csv,100.39
SAI,55,Ferrari,25.0,0 days 00:01:39.726000,2.0,HARD,5.0,0 days 01:45:28.773000,1,True,29.9,35.9,72.0,1009.2,False,1.8,183,laps_2023_singapore_R.csv,99.726
RUS,63,Mercedes,25.0,0 days 00:01:39.560000,2.0,HARD,5.0,0 days 01:45:29.547000,1,True,29.9,35.9,72.0,1009.2,False,1.8,183,laps_2023_singapore_R.csv,99.56
NOR,4,McLaren,25.0,0 days 00:01:40.240000,2.0,HARD,5.0,0 days 01:45:31.702000,1,True,29.9,35.9,72.0,1009.2,False,1.8,183,laps_2023_singapore_R.csv,100.24
VER,1,Red Bull,25.0,0 days 00:01:40.700000,1.0,HARD,25.0,0 days 01:45:32.658000,1,True,29.9,35.9,72.0,1009.2,False,1.8,183,laps_2023_singapore_R.csv,100.7
HAM,44,Mercedes,25.0,0 days 00:01:40.442000,2.0,HARD,5.0,0 days 01:45:33.608000,1,True,29.9,35.9,72.0,1009.2,False,1.8,183,laps_2023_singapore_R.csv,100.442
PER,11,Red Bull,25.0,0 days 00:01:41.532000,1.0,HARD,25.0,0 days 01:45:35.147000,1,True,29.9,35.9,72.0,1009.2,False,1.8,183,laps_2023_singapore_R.csv,101.532
LEC,16,Ferrari,25.0,0 days 00:01:39.748000,2.0,HARD,5.0,0 days 01:45:35.681000,1,True,29.9,35.9,72.0,1009.2,False,1.8,183,laps_2023_singapore_R.csv,99.748
ALO,14,Aston Martin,25.0,0 days 00:01:40.689000,2.0,HARD,5.0,0 days 01:45:36.462000,1,True,29.9,35.9,72.0,1009.2,False,1.8,183,laps_2023_singapore_R.csv,100.689
OCO,31,Alpine,25.0,0 days 00:01:40.895000,2.0,HARD,5.0,0 days 01:45:36.823000,1,True,29.9,35.9,72.0,1009.2,False,1.8,183,laps_2023_singapore_R.csv,100.895
MAG,20,Haas F1 Team,25.0,0 days 00:01:41.109000,2.0,HARD,5.0,0 days 01:45:37.435000,1,True,29.9,35.9,72.0,1009.2,False,1.8,183,laps_2023_singapore_R.csv,101.109
GAS,10,Alpine,25.0,0 days 00:01:41.048000,2.0,HARD,5.0,0 days 01:45:37.904000,1,True,29.9,35.9,72.0,1009.2,False,1.8,183,laps_2023_singapore_R.csv,101.048
PIA,81,McLaren,25.0,0 days 00:01:41.272000,2.0,HARD,5.0,0 days 01:45:38.357000,1,True,29.9,35.9,72.0,1009.2,False,1.8,183,laps_2023_singapore_R.csv,101.272
LAW,40,AlphaTauri,25.0,0 days 00:01:41.399000,2.0,HARD,5.0,0 days 01:45:39.053000,1,True,29.9,35.9,72.0,1009.2,False,1.8,183,laps_2023_singapore_R.csv,101.399
HUL,27,Haas F1 Team,25.0,0 days 00:01:41.165000,2.0,HARD,5.0,0 days 01:45:40.014000,1,True,29.9,35.9,72.0,1009.2,False,1.8,183,laps_2023_singapore_R.csv,101.165
ALB,23,Williams,25.0,0 days 00:01:40.961000,2.0,HARD,5.0,0 days 01:45:40.752000,1,True,29.9,35.9,72.0,1009.2,False,1.8,183,laps_2023_singapore_R.csv,100.961
ZHO,24,Alfa Romeo,25.0,0 days 00:01:41.346000,3.0,MEDIUM,5.0,0 days 01:45:41.837000,1,True,29.9,35.9,72.0,1009.2,False,1.8,183,laps_2023_singapore_R.csv,101.346
BOT,77,Alfa Romeo,25.0,0 days 00:01:41.759000,1.0,HARD,25.0,0 days 01:45:43.146000,1,True,29.9,35.9,72.0,1009.2,False,1.8,183,laps_2023_singapore_R.csv,101.759
SAR,2,Williams,25.0,0 days 00:01:40.300000,2.0,HARD,6.0,0 days 01:46:17.226000,1,True,29.9,36.0,72.0,1009.2,False,1.7,171,laps_2023_singapore_R.csv,100.3
SAI,55,Ferrari,26.0,0 days 00:01:39.185000,2.0,HARD,6.0,0 days 01:47:08.499000,1,True,29.8,36.0,72.0,1009.2,False,1.2,161,laps_2023_singapore_R.csv,99.185
RUS,63,Mercedes,26.0,0 days 00:01:39.173000,2.0,HARD,6.0,0 days 01:47:09.107000,1,True,29.8,36.0,72.0,1009.2,False,1.2,161,laps_2023_singapore_R.csv,99.173
NOR,4,McLaren,26.0,0 days 00:01:39.484000,2.0,HARD,6.0,0 days 01:47:11.942000,1,True,29.8,36.0,72.0,1009.2,False,1.2,161,laps_2023_singapore_R.csv,99.484
VER,1,Red Bull,26.0,0 days 00:01:40.244000,1.0,HARD,26.0,0 days 01:47:13.358000,1,True,29.8,36.0,72.0,1009.2,False,1.2,161,laps_2023_singapore_R.csv,100.244
HAM,44,Mercedes,26.0,0 days 00:01:39.954000,2.0,HARD,6.0,0 days 01:47:14.050000,1,True,29.8,36.0,72.0,1009.2,False,1.2,161,laps_2023_singapore_R.csv,99.954
LEC,16,Ferrari,26.0,0 days 00:01:39.892000,2.0,HARD,6.0,0 days 01:47:15.429000,1,True,29.8,36.0,72.0,1009.2,False,1.2,161,laps_2023_singapore_R.csv,99.892
PER,11,Red Bull,26.0,0 days 00:01:40.595000,1.0,HARD,26.0,0 days 01:47:16.679000,1,True,29.8,36.0,72.0,1009.2,False,1.2,161,laps_2023_singapore_R.csv,100.595
ALO,14,Aston Martin,26.0,0 days 00:01:40.896000,2.0,HARD,6.0,0 days 01:47:17.151000,1,True,29.8,36.0,72.0,1009.2,False,1.2,161,laps_2023_singapore_R.csv,100.896
OCO,31,Alpine,26.0,0 days 00:01:40.885000,2.0,HARD,6.0,0 days 01:47:17.718000,1,True,29.8,36.0,72.0,1009.2,False,1.2,161,laps_2023_singapore_R.csv,100.885
MAG,20,Haas F1 Team,26.0,0 days 00:01:40.851000,2.0,HARD,6.0,0 days 01:47:18.544000,1,True,29.8,36.0,72.0,1009.2,False,1.2,161,laps_2023_singapore_R.csv,100.851
GAS,10,Alpine,26.0,0 days 00:01:40.920000,2.0,HARD,6.0,0 days 01:47:18.952000,1,True,29.8,36.0,72.0,1009.2,False,1.2,161,laps_2023_singapore_R.csv,100.92
PIA,81,McLaren,26.0,0 days 00:01:40.802000,2.0,HARD,6.0,0 days 01:47:19.629000,1,True,29.8,36.0,72.0,1009.2,False,1.2,161,laps_2023_singapore_R.csv,100.802
LAW,40,AlphaTauri,26.0,0 days 00:01:40.971000,2.0,HARD,6.0,0 days 01:47:20.452000,1,True,29.8,36.0,72.0,1009.2,False,1.2,161,laps_2023_singapore_R.csv,100.971
HUL,27,Haas F1 Team,26.0,0 days 00:01:40.930000,2.0,HARD,6.0,0 days 01:47:21.179000,1,True,29.8,36.0,72.0,1009.2,False,1.2,161,laps_2023_singapore_R.csv,100.93
ALB,23,Williams,26.0,0 days 00:01:40.927000,2.0,HARD,6.0,0 days 01:47:21.713000,1,True,29.8,36.0,72.0,1009.2,False,1.2,161,laps_2023_singapore_R.csv,100.927
ZHO,24,Alfa Romeo,26.0,0 days 00:01:40.973000,3.0,MEDIUM,6.0,0 days 01:47:23.183000,1,True,29.8,36.0,72.0,1009.2,False,1.2,161,laps_2023_singapore_R.csv,100.973
BOT,77,Alfa Romeo,26.0,0 days 00:01:41.366000,1.0,HARD,26.0,0 days 01:47:24.905000,1,True,29.8,36.0,72.0,1009.2,False,1.2,161,laps_2023_singapore_R.csv,101.366
SAR,2,Williams,26.0,0 days 00:01:40.338000,2.0,HARD,7.0,0 days 01:47:57.526000,1,True,29.9,36.2,72.0,1009.2,False,1.7,168,laps_2023_singapore_R.csv,100.338
SAI,55,Ferrari,27.0,0 days 00:01:39.835000,2.0,HARD,7.0,0 days 01:48:47.684000,1,True,29.9,36.2,72.0,1009.2,False,1.7,168,laps_2023_singapore_R.csv,99.835
RUS,63,Mercedes,27.0,0 days 00:01:40.205000,2.0,HARD,7.0,0 days 01:48:48.280000,1,True,29.9,36.2,72.0,1009.2,False,1.7,168,laps_2023_singapore_R.csv,100.205
NOR,4,McLaren,27.0,0 days 00:01:39.406000,2.0,HARD,7.0,0 days 01:48:51.426000,1,True,29.9,36.2,72.0,1009.2,False,1.7,168,laps_2023_singapore_R.csv,99.406
VER,1,Red Bull,27.0,0 days 00:01:41.180000,1.0,HARD,27.0,0 days 01:48:53.602000,1,True,29.9,36.2,72.0,1009.2,False,1.7,168,laps_2023_singapore_R.csv,101.18
HAM,44,Mercedes,27.0,0 days 00:01:39.226000,2.0,HARD,7.0,0 days 01:48:54.004000,1,True,29.9,36.1,72.0,1009.2,False,1.7,167,laps_2023_singapore_R.csv,99.226
LEC,16,Ferrari,27.0,0 days 00:01:39.899000,2.0,HARD,7.0,0 days 01:48:55.321000,1,True,29.9,36.1,72.0,1009.2,False,1.7,167,laps_2023_singapore_R.csv,99.899
PER,11,Red Bull,27.0,0 days 00:01:40.500000,1.0,HARD,27.0,0 days 01:48:57.274000,1,True,29.9,36.1,72.0,1009.2,False,1.7,167,laps_2023_singapore_R.csv,100.5
ALO,14,Aston Martin,27.0,0 days 00:01:40.185000,2.0,HARD,7.0,0 days 01:48:58.047000,1,True,29.9,36.1,72.0,1009.2,False,1.7,167,laps_2023_singapore_R.csv,100.185
OCO,31,Alpine,27.0,0 days 00:01:40.376000,2.0,HARD,7.0,0 days 01:48:58.603000,1,True,29.9,36.1,72.0,1009.2,False,1.7,167,laps_2023_singapore_R.csv,100.376
MAG,20,Haas F1 Team,27.0,0 days 00:01:40.481000,2.0,HARD,7.0,0 days 01:48:59.395000,1,True,29.9,36.1,72.0,1009.2,False,1.7,167,laps_2023_singapore_R.csv,100.481
GAS,10,Alpine,27.0,0 days 00:01:40.396000,2.0,HARD,7.0,0 days 01:48:59.872000,1,True,29.9,36.1,72.0,1009.2,False,1.7,167,laps_2023_singapore_R.csv,100.396
PIA,81,McLaren,27.0,0 days 00:01:40.529000,2.0,HARD,7.0,0 days 01:49:00.431000,1,True,29.9,36.1,72.0,1009.2,False,1.7,167,laps_2023_singapore_R.csv,100.529
LAW,40,AlphaTauri,27.0,0 days 00:01:40.231000,2.0,HARD,7.0,0 days 01:49:01.423000,1,True,29.9,36.1,72.0,1009.2,False,1.7,167,laps_2023_singapore_R.csv,100.231
HUL,27,Haas F1 Team,27.0,0 days 00:01:40.425000,2.0,HARD,7.0,0 days 01:49:02.109000,1,True,29.9,36.1,72.0,1009.2,False,1.7,167,laps_2023_singapore_R.csv,100.425
ALB,23,Williams,27.0,0 days 00:01:41.309000,2.0,HARD,7.0,0 days 01:49:02.640000,1,True,29.9,36.1,72.0,1009.2,False,1.7,167,laps_2023_singapore_R.csv,101.309
ZHO,24,Alfa Romeo,27.0,0 days 00:01:40.570000,3.0,MEDIUM,7.0,0 days 01:49:04.156000,1,True,29.9,36.1,72.0,1009.2,False,1.7,167,laps_2023_singapore_R.csv,100.57
BOT,77,Alfa Romeo,27.0,0 days 00:01:41.288000,1.0,HARD,27.0,0 days 01:49:06.271000,1,True,29.9,36.1,72.0,1009.2,False,1.7,167,laps_2023_singapore_R.csv,101.288
SAR,2,Williams,27.0,0 days 00:01:39.889000,2.0,HARD,8.0,0 days 01:49:37.864000,1,True,29.9,36.1,72.0,1009.2,False,1.7,167,laps_2023_singapore_R.csv,99.889
SAI,55,Ferrari,28.0,0 days 00:01:41.230000,2.0,HARD,8.0,0 days 01:50:27.519000,1,True,30.0,36.1,72.0,1009.2,False,1.5,176,laps_2023_singapore_R.csv,101.23
RUS,63,Mercedes,28.0,0 days 00:01:41.181000,2.0,HARD,8.0,0 days 01:50:28.485000,1,True,30.0,36.1,72.0,1009.2,False,1.5,176,laps_2023_singapore_R.csv,101.181
NOR,4,McLaren,28.0,0 days 00:01:40.267000,2.0,HARD,8.0,0 days 01:50:30.832000,1,True,30.0,36.1,72.0,1009.2,False,1.5,176,laps_2023_singapore_R.csv,100.267
HAM,44,Mercedes,28.0,0 days 00:01:39.679000,2.0,HARD,8.0,0 days 01:50:33.230000,1,True,30.0,36.1,72.0,1009.2,False,1.5,176,laps_2023_singapore_R.csv,99.679
VER,1,Red Bull,28.0,0 days 00:01:41.431000,1.0,HARD,28.0,0 days 01:50:34.782000,1,True,30.0,36.1,72.0,1009.2,False,1.5,176,laps_2023_singapore_R.csv,101.431
LEC,16,Ferrari,28.0,0 days 00:01:39.562000,2.0,HARD,8.0,0 days 01:50:35.220000,1,True,30.0,36.1,72.0,1009.2,False,1.5,176,laps_2023_singapore_R.csv,99.562
PER,11,Red Bull,28.0,0 days 00:01:41.833000,1.0,HARD,28.0,0 days 01:50:37.774000,1,True,30.0,36.1,72.0,1009.2,False,1.5,176,laps_2023_singapore_R.csv,101.833
ALO,14,Aston Martin,28.0,0 days 00:01:41.931000,2.0,HARD,8.0,0 days 01:50:38.232000,1,True,30.0,36.1,72.0,1009.2,False,1.5,176,laps_2023_singapore_R.csv,101.931
OCO,31,Alpine,28.0,0 days 00:01:41.755000,2.0,HARD,8.0,0 days 01:50:38.979000,1,True,30.0,36.1,72.0,1009.2,False,1.5,176,laps_2023_singapore_R.csv,101.755
MAG,20,Haas F1 Team,28.0,0 days 00:01:41.579000,2.0,HARD,8.0,0 days 01:50:39.876000,1,True,30.0,36.1,72.0,1009.2,False,1.5,176,laps_2023_singapore_R.csv,101.579
GAS,10,Alpine,28.0,0 days 00:01:41.536000,2.0,HARD,8.0,0 days 01:50:40.268000,1,True,30.0,36.1,72.0,1009.2,False,1.5,176,laps_2023_singapore_R.csv,101.536
PIA,81,McLaren,28.0,0 days 00:01:41.470000,2.0,HARD,8.0,0 days 01:50:40.960000,1,True,30.0,36.1,72.0,1009.2,False,1.5,176,laps_2023_singapore_R.csv,101.47
LAW,40,AlphaTauri,28.0,0 days 00:01:41.500000,2.0,HARD,8.0,0 days 01:50:41.654000,1,True,30.0,36.1,72.0,1009.2,False,1.5,176,laps_2023_singapore_R.csv,101.5
HUL,27,Haas F1 Team,28.0,0 days 00:01:41.780000,2.0,HARD,8.0,0 days 01:50:42.534000,1,True,30.0,36.1,72.0,1009.2,False,1.5,176,laps_2023_singapore_R.csv,101.78
ALB,23,Williams,28.0,0 days 00:01:41.442000,2.0,HARD,8.0,0 days 01:50:43.949000,1,True,30.0,36.1,72.0,1009.2,False,1.5,176,laps_2023_singapore_R.csv,101.442
ZHO,24,Alfa Romeo,28.0,0 days 00:01:41.310000,3.0,MEDIUM,8.0,0 days 01:50:44.726000,1,True,30.0,36.1,72.0,1009.2,False,1.5,176,laps_2023_singapore_R.csv,101.31
BOT,77,Alfa Romeo,28.0,0 days 00:01:41.288000,1.0,HARD,28.0,0 days 01:50:47.559000,1,True,30.0,36.1,72.0,1009.2,False,1.5,176,laps_2023_singapore_R.csv,101.288
SAR,2,Williams,28.0,0 days 00:01:39.972000,2.0,HARD,9.0,0 days 01:51:17.753000,1,True,30.0,35.7,73.0,1009.2,False,1.3,165,laps_2023_singapore_R.csv,99.972
SAI,55,Ferrari,29.0,0 days 00:01:40.225000,2.0,HARD,9.0,0 days 01:52:08.749000,1,True,30.0,35.7,73.0,1009.4,False,1.6,189,laps_2023_singapore_R.csv,100.225
RUS,63,Mercedes,29.0,0 days 00:01:40.413000,2.0,HARD,9.0,0 days 01:52:09.666000,1,True,30.0,35.7,73.0,1009.4,False,1.6,189,laps_2023_singapore_R.csv,100.413
NOR,4,McLaren,29.0,0 days 00:01:40.097000,2.0,HARD,9.0,0 days 01:52:11.099000,1,True,30.0,35.7,73.0,1009.4,False,1.6,189,laps_2023_singapore_R.csv,100.097
HAM,44,Mercedes,29.0,0 days 00:01:39.520000,2.0,HARD,9.0,0 days 01:52:12.909000,1,True,30.0,35.7,73.0,1009.4,False,1.6,189,laps_2023_singapore_R.csv,99.52
LEC,16,Ferrari,29.0,0 days 00:01:39.683000,2.0,HARD,9.0,0 days 01:52:14.782000,1,True,30.0,35.7,73.0,1009.4,False,1.6,189,laps_2023_singapore_R.csv,99.683
VER,1,Red Bull,29.0,0 days 00:01:40.437000,1.0,HARD,29.0,0 days 01:52:16.213000,1,True,30.0,35.7,73.0,1009.4,False,1.6,189,laps_2023_singapore_R.csv,100.437
PER,11,Red Bull,29.0,0 days 00:01:40.290000,1.0,HARD,29.0,0 days 01:52:19.607000,1,True,30.0,35.7,73.0,1009.4,False,1.6,189,laps_2023_singapore_R.csv,100.29
ALO,14,Aston Martin,29.0,0 days 00:01:41.292000,2.0,HARD,9.0,0 days 01:52:20.163000,1,True,30.0,35.7,73.0,1009.4,False,1.6,189,laps_2023_singapore_R.csv,101.292
OCO,31,Alpine,29.0,0 days 00:01:41.534000,2.0,HARD,9.0,0 days 01:52:20.734000,1,True,30.0,35.7,73.0,1009.4,False,1.6,189,laps_2023_singapore_R.csv,101.534
MAG,20,Haas F1 Team,29.0,0 days 00:01:41.565000,2.0,HARD,9.0,0 days 01:52:21.455000,1,True,30.0,35.7,73.0,1009.4,False,1.6,189,laps_2023_singapore_R.csv,101.565
GAS,10,Alpine,29.0,0 days 00:01:41.706000,2.0,HARD,9.0,0 days 01:52:21.804000,1,True,30.0,35.7,73.0,1009.4,False,1.6,189,laps_2023_singapore_R.csv,101.706
PIA,81,McLaren,29.0,0 days 00:01:41.749000,2.0,HARD,9.0,0 days 01:52:22.430000,1,True,30.0,35.7,73.0,1009.4,False,1.6,189,laps_2023_singapore_R.csv,101.749
LAW,40,AlphaTauri,29.0,0 days 00:01:41.515000,2.0,HARD,9.0,0 days 01:52:23.154000,1,True,30.0,35.7,73.0,1009.4,False,1.6,189,laps_2023_singapore_R.csv,101.515
HUL,27,Haas F1 Team,29.0,0 days 00:01:41.570000,2.0,HARD,9.0,0 days 01:52:24.314000,1,True,30.0,35.7,73.0,1009.4,False,1.6,189,laps_2023_singapore_R.csv,101.57
ALB,23,Williams,29.0,0 days 00:01:41.455000,2.0,HARD,9.0,0 days 01:52:25.391000,1,True,30.0,35.7,73.0,1009.4,False,1.6,189,laps_2023_singapore_R.csv,101.455
ZHO,24,Alfa Romeo,29.0,0 days 00:01:41.476000,3.0,MEDIUM,9.0,0 days 01:52:26.036000,1,True,30.0,35.7,73.0,1009.4,False,1.6,189,laps_2023_singapore_R.csv,101.476
BOT,77,Alfa Romeo,29.0,0 days 00:01:41.478000,1.0,HARD,29.0,0 days 01:52:28.847000,1,True,30.0,35.7,73.0,1009.4,False,1.6,189,laps_2023_singapore_R.csv,101.478
SAR,2,Williams,29.0,0 days 00:01:39.748000,2.0,HARD,10.0,0 days 01:52:57.725000,1,True,30.0,35.9,74.0,1009.4,False,1.0,179,laps_2023_singapore_R.csv,99.748
SAI,55,Ferrari,30.0,0 days 00:01:40.217000,2.0,HARD,10.0,0 days 01:53:48.974000,1,True,30.0,35.9,74.0,1009.4,False,1.0,179,laps_2023_singapore_R.csv,100.217
RUS,63,Mercedes,30.0,0 days 00:01:40.067000,2.0,HARD,10.0,0 days 01:53:50.079000,1,True,30.0,35.9,74.0,1009.4,False,1.0,179,laps_2023_singapore_R.csv,100.067
NOR,4,McLaren,30.0,0 days 00:01:39.736000,2.0,HARD,10.0,0 days 01:53:51.196000,1,True,30.0,35.9,74.0,1009.4,False,1.0,179,laps_2023_singapore_R.csv,99.736
HAM,44,Mercedes,30.0,0 days 00:01:39.142000,2.0,HARD,10.0,0 days 01:53:52.429000,1,True,30.0,35.9,74.0,1009.4,False,1.0,179,laps_2023_singapore_R.csv,99.142
LEC,16,Ferrari,30.0,0 days 00:01:39.208000,2.0,HARD,10.0,0 days 01:53:54.465000,1,True,30.0,35.9,74.0,1009.2,False,1.0,181,laps_2023_singapore_R.csv,99.208
VER,1,Red Bull,30.0,0 days 00:01:40.326000,1.0,HARD,30.0,0 days 01:53:56.650000,1,True,30.0,35.9,74.0,1009.2,False,1.0,181,laps_2023_singapore_R.csv,100.326
PER,11,Red Bull,30.0,0 days 00:01:40.319000,1.0,HARD,30.0,0 days 01:53:59.897000,1,True,30.0,35.9,74.0,1009.2,False,1.0,181,laps_2023_singapore_R.csv,100.319
ALO,14,Aston Martin,30.0,0 days 00:01:40.128000,2.0,HARD,10.0,0 days 01:54:01.455000,1,True,30.0,35.9,74.0,1009.2,False,1.0,181,laps_2023_singapore_R.csv,100.128
OCO,31,Alpine,30.0,0 days 00:01:40.040000,2.0,HARD,10.0,0 days 01:54:02.268000,1,True,30.0,35.9,74.0,1009.2,False,1.0,181,laps_2023_singapore_R.csv,100.04
MAG,20,Haas F1 Team,30.0,0 days 00:01:40.224000,2.0,HARD,10.0,0 days 01:54:03.020000,1,True,30.0,35.9,74.0,1009.2,False,1.0,181,laps_2023_singapore_R.csv,100.224
GAS,10,Alpine,30.0,0 days 00:01:40.280000,2.0,HARD,10.0,0 days 01:54:03.510000,1,True,30.0,35.9,74.0,1009.2,False,1.0,181,laps_2023_singapore_R.csv,100.28
PIA,81,McLaren,30.0,0 days 00:01:40.553000,2.0,HARD,10.0,0 days 01:54:04.179000,1,True,30.0,35.9,74.0,1009.2,False,1.0,181,laps_2023_singapore_R.csv,100.553
LAW,40,AlphaTauri,30.0,0 days 00:01:40.999000,2.0,HARD,10.0,0 days 01:54:04.669000,1,True,30.0,35.9,74.0,1009.2,False,1.0,181,laps_2023_singapore_R.csv,100.999
HUL,27,Haas F1 Team,30.0,0 days 00:01:40.692000,2.0,HARD,10.0,0 days 01:54:05.884000,1,True,30.0,35.9,74.0,1009.2,False,1.0,181,laps_2023_singapore_R.csv,100.692
ALB,23,Williams,30.0,0 days 00:01:40.469000,2.0,HARD,10.0,0 days 01:54:06.846000,1,True,30.0,35.9,74.0,1009.2,False,1.0,181,laps_2023_singapore_R.csv,100.469
ZHO,24,Alfa Romeo,30.0,0 days 00:01:40.866000,3.0,MEDIUM,10.0,0 days 01:54:07.512000,1,True,30.0,35.9,74.0,1009.2,False,1.0,181,laps_2023_singapore_R.csv,100.866
BOT,77,Alfa Romeo,30.0,0 days 00:01:41.369000,1.0,HARD,30.0,0 days 01:54:10.325000,1,True,30.0,35.9,74.0,1009.2,False,1.0,181,laps_2023_singapore_R.csv,101.369
SAR,2,Williams,30.0,0 days 00:01:39.904000,2.0,HARD,11.0,0 days 01:54:37.473000,1,True,30.0,35.9,74.0,1009.2,False,1.0,181,laps_2023_singapore_R.csv,99.904
SAI,55,Ferrari,31.0,0 days 00:01:39.633000,2.0,HARD,11.0,0 days 01:55:29.191000,1,True,30.0,35.9,74.0,1009.5,False,0.8,188,laps_2023_singapore_R.csv,99.633
RUS,63,Mercedes,31.0,0 days 00:01:39.458000,2.0,HARD,11.0,0 days 01:55:30.146000,1,True,30.0,35.9,74.0,1009.5,False,0.8,188,laps_2023_singapore_R.csv,99.458
NOR,4,McLaren,31.0,0 days 00:01:39.367000,2.0,HARD,11.0,0 days 01:55:30.932000,1,True,30.0,35.9,74.0,1009.5,False,0.8,188,laps_2023_singapore_R.csv,99.367
HAM,44,Mercedes,31.0,0 days 00:01:39.320000,2.0,HARD,11.0,0 days 01:55:31.571000,1,True,30.0,35.9,74.0,1009.5,False,0.8,188,laps_2023_singapore_R.csv,99.32
LEC,16,Ferrari,31.0,0 days 00:01:39.433000,2.0,HARD,11.0,0 days 01:55:33.673000,1,True,30.0,35.9,74.0,1009.5,False,0.8,188,laps_2023_singapore_R.csv,99.433
VER,1,Red Bull,31.0,0 days 00:01:40.247000,1.0,HARD,31.0,0 days 01:55:36.976000,1,True,30.0,35.9,74.0,1009.5,False,0.8,188,laps_2023_singapore_R.csv,100.247
PER,11,Red Bull,31.0,0 days 00:01:40.205000,1.0,HARD,31.0,0 days 01:55:40.216000,1,True,30.0,35.9,74.0,1009.5,False,0.8,188,laps_2023_singapore_R.csv,100.205
ALO,14,Aston Martin,31.0,0 days 00:01:40.049000,2.0,HARD,11.0,0 days 01:55:41.583000,1,True,30.0,35.9,74.0,1009.5,False,0.8,188,laps_2023_singapore_R.csv,100.049
OCO,31,Alpine,31.0,0 days 00:01:40.043000,2.0,HARD,11.0,0 days 01:55:42.308000,1,True,30.0,35.9,74.0,1009.5,False,0.8,188,laps_2023_singapore_R.csv,100.043
MAG,20,Haas F1 Team,31.0,0 days 00:01:40.030000,2.0,HARD,11.0,0 days 01:55:43.244000,1,True,30.0,35.9,74.0,1009.5,False,0.8,188,laps_2023_singapore_R.csv,100.03
GAS,10,Alpine,31.0,0 days 00:01:39.974000,2.0,HARD,11.0,0 days 01:55:43.790000,1,True,30.0,35.9,74.0,1009.5,False,0.8,188,laps_2023_singapore_R.csv,99.974
PIA,81,McLaren,31.0,0 days 00:01:40.033000,2.0,HARD,11.0,0 days 01:55:44.732000,1,True,30.0,35.9,74.0,1009.5,False,0.8,188,laps_2023_singapore_R.csv,100.033
LAW,40,AlphaTauri,31.0,0 days 00:01:40.440000,2.0,HARD,11.0,0 days 01:55:45.668000,1,True,30.0,35.9,74.0,1009.5,False,0.8,188,laps_2023_singapore_R.csv,100.44
HUL,27,Haas F1 Team,31.0,0 days 00:01:40.076000,2.0,HARD,11.0,0 days 01:55:46.576000,1,True,30.0,35.9,74.0,1009.5,False,0.8,188,laps_2023_singapore_R.csv,100.076
ALB,23,Williams,31.0,0 days 00:01:40.981000,2.0,HARD,11.0,0 days 01:55:47.315000,1,True,30.0,35.9,74.0,1009.5,False,0.8,188,laps_2023_singapore_R.csv,100.981
ZHO,24,Alfa Romeo,31.0,0 days 00:01:40.778000,3.0,MEDIUM,11.0,0 days 01:55:48.378000,1,True,30.0,35.9,74.0,1009.5,False,0.8,188,laps_2023_singapore_R.csv,100.778
BOT,77,Alfa Romeo,31.0,0 days 00:01:40.907000,1.0,HARD,31.0,0 days 01:55:51.694000,1,True,30.0,35.9,74.0,1009.5,False,0.8,188,laps_2023_singapore_R.csv,100.907
SAR,2,Williams,31.0,0 days 00:01:39.690000,2.0,HARD,12.0,0 days 01:56:17.377000,1,True,30.0,35.9,74.0,1009.5,False,0.8,188,laps_2023_singapore_R.csv,99.69
SAI,55,Ferrari,32.0,0 days 00:01:39.184000,2.0,HARD,12.0,0 days 01:57:08.824000,1,True,30.0,35.9,73.0,1009.5,False,1.2,185,laps_2023_singapore_R.csv,99.184
RUS,63,Mercedes,32.0,0 days 00:01:39.319000,2.0,HARD,12.0,0 days 01:57:09.604000,1,True,30.0,35.9,73.0,1009.5,False,1.2,185,laps_2023_singapore_R.csv,99.319
NOR,4,McLaren,32.0,0 days 00:01:39.291000,2.0,HARD,12.0,0 days 01:57:10.299000,1,True,30.0,35.9,73.0,1009.5,False,1.2,185,laps_2023_singapore_R.csv,99.291
HAM,44,Mercedes,32.0,0 days 00:01:39.186000,2.0,HARD,12.0,0 days 01:57:10.891000,1,True,30.0,35.9,73.0,1009.5,False,1.2,185,laps_2023_singapore_R.csv,99.186
LEC,16,Ferrari,32.0,0 days 00:01:39.391000,2.0,HARD,12.0,0 days 01:57:13.106000,1,True,30.0,35.9,73.0,1009.5,False,1.2,185,laps_2023_singapore_R.csv,99.391
VER,1,Red Bull,32.0,0 days 00:01:40.033000,1.0,HARD,32.0,0 days 01:57:17.223000,1,True,30.0,35.9,73.0,1009.5,False,1.2,185,laps_2023_singapore_R.csv,100.033
PER,11,Red Bull,32.0,0 days 00:01:40.254000,1.0,HARD,32.0,0 days 01:57:20.421000,1,True,30.0,35.9,73.0,1009.5,False,1.2,185,laps_2023_singapore_R.csv,100.254
ALO,14,Aston Martin,32.0,0 days 00:01:40.390000,2.0,HARD,12.0,0 days 01:57:21.632000,1,True,30.0,35.9,73.0,1009.5,False,1.2,185,laps_2023_singapore_R.csv,100.39
OCO,31,Alpine,32.0,0 days 00:01:40.362000,2.0,HARD,12.0,0 days 01:57:22.351000,1,True,30.0,35.9,73.0,1009.5,False,1.2,185,laps_2023_singapore_R.csv,100.362
MAG,20,Haas F1 Team,32.0,0 days 00:01:40.464000,2.0,HARD,12.0,0 days 01:57:23.274000,1,True,30.0,35.9,73.0,1009.5,False,1.2,185,laps_2023_singapore_R.csv,100.464
GAS,10,Alpine,32.0,0 days 00:01:40.406000,2.0,HARD,12.0,0 days 01:57:23.764000,1,True,30.0,35.9,73.0,1009.5,False,1.2,185,laps_2023_singapore_R.csv,100.406
PIA,81,McLaren,32.0,0 days 00:01:40.104000,2.0,HARD,12.0,0 days 01:57:24.765000,1,True,30.0,35.9,73.0,1009.5,False,1.2,185,laps_2023_singapore_R.csv,100.104
LAW,40,AlphaTauri,32.0,0 days 00:01:40.055000,2.0,HARD,12.0,0 days 01:57:26.108000,1,True,30.0,35.9,73.0,1009.5,False,1.2,185,laps_2023_singapore_R.csv,100.055
HUL,27,Haas F1 Team,32.0,0 days 00:01:41.038000,2.0,HARD,12.0,0 days 01:57:26.652000,1,True,30.0,35.9,73.0,1009.5,False,1.2,185,laps_2023_singapore_R.csv,101.038
ALB,23,Williams,32.0,0 days 00:01:40.542000,2.0,HARD,12.0,0 days 01:57:28.296000,1,True,30.0,35.9,73.0,1009.5,False,1.2,185,laps_2023_singapore_R.csv,100.542
ZHO,24,Alfa Romeo,32.0,0 days 00:01:40.576000,3.0,MEDIUM,12.0,0 days 01:57:29.156000,1,True,30.0,35.9,73.0,1009.5,False,1.2,185,laps_2023_singapore_R.csv,100.576
BOT,77,Alfa Romeo,32.0,0 days 00:01:41.162000,1.0,HARD,32.0,0 days 01:57:32.601000,1,True,30.0,35.9,73.0,1009.5,False,1.2,185,laps_2023_singapore_R.csv,101.162
SAR,2,Williams,32.0,0 days 00:01:39.807000,2.0,HARD,13.0,0 days 01:57:57.067000,1,True,30.0,35.9,74.0,1009.4,False,0.8,163,laps_2023_singapore_R.csv,99.807
SAI,55,Ferrari,33.0,0 days 00:01:39.235000,2.0,HARD,13.0,0 days 01:58:48.008000,1,True,30.0,35.9,74.0,1009.4,False,0.8,163,laps_2023_singapore_R.csv,99.235
RUS,63,Mercedes,33.0,0 days 00:01:39.348000,2.0,HARD,13.0,0 days 01:58:48.923000,1,True,30.0,35.9,74.0,1009.4,False,0.8,163,laps_2023_singapore_R.csv,99.348
NOR,4,McLaren,33.0,0 days 00:01:39.663000,2.0,HARD,13.0,0 days 01:58:49.590000,1,True,30.0,35.9,74.0,1009.4,False,0.8,163,laps_2023_singapore_R.csv,99.663
HAM,44,Mercedes,33.0,0 days 00:01:40.620000,2.0,HARD,13.0,0 days 01:58:50.077000,1,True,30.0,35.9,74.0,1009.4,False,0.8,163,laps_2023_singapore_R.csv,100.62
LEC,16,Ferrari,33.0,0 days 00:01:39.485000,2.0,HARD,13.0,0 days 01:58:52.497000,1,True,30.0,35.9,74.0,1009.4,False,0.8,163,laps_2023_singapore_R.csv,99.485
VER,1,Red Bull,33.0,0 days 00:01:40.087000,1.0,HARD,33.0,0 days 01:58:57.256000,1,True,30.0,35.9,74.0,1009.5,False,1.5,168,laps_2023_singapore_R.csv,100.087
PER,11,Red Bull,33.0,0 days 00:01:40.355000,1.0,HARD,33.0,0 days 01:59:00.675000,1,True,30.0,35.9,74.0,1009.5,False,1.5,168,laps_2023_singapore_R.csv,100.355
ALO,14,Aston Martin,33.0,0 days 00:01:39.636000,2.0,HARD,13.0,0 days 01:59:02.022000,1,True,30.0,35.9,74.0,1009.5,False,1.5,168,laps_2023_singapore_R.csv,99.636
OCO,31,Alpine,33.0,0 days 00:01:39.930000,2.0,HARD,13.0,0 days 01:59:02.713000,1,True,30.0,35.9,74.0,1009.5,False,1.5,168,laps_2023_singapore_R.csv,99.93
MAG,20,Haas F1 Team,33.0,0 days 00:01:40.096000,2.0,HARD,13.0,0 days 01:59:03.738000,1,True,30.0,35.9,74.0,1009.5,False,1.5,168,laps_2023_singapore_R.csv,100.096
GAS,10,Alpine,33.0,0 days 00:01:40.154000,2.0,HARD,13.0,0 days 01:59:04.170000,1,True,30.0,35.9,74.0,1009.5,False,1.5,168,laps_2023_singapore_R.csv,100.154
PIA,81,McLaren,33.0,0 days 00:01:40.237000,2.0,HARD,13.0,0 days 01:59:04.869000,1,True,30.0,35.9,74.0,1009.5,False,1.5,168,laps_2023_singapore_R.csv,100.237
LAW,40,AlphaTauri,33.0,0 days 00:01:40.334000,2.0,HARD,13.0,0 days 01:59:06.163000,1,True,30.0,35.9,74.0,1009.5,False,1.5,168,laps_2023_singapore_R.csv,100.334
HUL,27,Haas F1 Team,33.0,0 days 00:01:40.694000,2.0,HARD,13.0,0 days 01:59:07.690000,1,True,30.0,35.9,74.0,1009.5,False,1.5,168,laps_2023_singapore_R.csv,100.694
ALB,23,Williams,33.0,0 days 00:01:40.772000,2.0,HARD,13.0,0 days 01:59:08.838000,1,True,30.0,35.9,74.0,1009.5,False,1.5,168,laps_2023_singapore_R.csv,100.772
ZHO,24,Alfa Romeo,33.0,0 days 00:01:40.708000,3.0,MEDIUM,13.0,0 days 01:59:09.732000,1,True,30.0,35.9,74.0,1009.5,False,1.5,168,laps_2023_singapore_R.csv,100.708
BOT,77,Alfa Romeo,33.0,0 days 00:01:41.060000,1.0,HARD,33.0,0 days 01:59:13.763000,1,True,30.0,35.9,74.0,1009.5,False,1.5,168,laps_2023_singapore_R.csv,101.06
SAR,2,Williams,33.0,0 days 00:01:39.763000,2.0,HARD,14.0,0 days 01:59:36.874000,1,True,30.0,35.9,74.0,1009.5,False,1.5,168,laps_2023_singapore_R.csv,99.763
SAI,55,Ferrari,34.0,0 days 00:01:40.025000,2.0,HARD,14.0,0 days 02:00:27.243000,1,True,30.0,35.9,74.0,1009.4,False,1.3,178,laps_2023_singapore_R.csv,100.025
RUS,63,Mercedes,34.0,0 days 00:01:39.961000,2.0,HARD,14.0,0 days 02:00:28.271000,1,True,30.0,35.9,74.0,1009.4,False,1.3,178,laps_2023_singapore_R.csv,99.961
NOR,4,McLaren,34.0,0 days 00:01:40.060000,2.0,HARD,14.0,0 days 02:00:29.253000,1,True,30.0,35.9,74.0,1009.4,False,1.3,178,laps_2023_singapore_R.csv,100.06
HAM,44,Mercedes,34.0,0 days 00:01:39.545000,2.0,HARD,14.0,0 days 02:00:30.697000,1,True,30.0,35.9,74.0,1009.4,False,1.3,178,laps_2023_singapore_R.csv,99.545
LEC,16,Ferrari,34.0,0 days 00:01:39.518000,2.0,HARD,14.0,0 days 02:00:31.982000,1,True,30.0,35.9,74.0,1009.4,False,1.3,178,laps_2023_singapore_R.csv,99.518
VER,1,Red Bull,34.0,0 days 00:01:40.378000,1.0,HARD,34.0,0 days 02:00:37.343000,1,True,30.0,35.9,74.0,1009.4,False,1.3,178,laps_2023_singapore_R.csv,100.378
PER,11,Red Bull,34.0,0 days 00:01:40.822000,1.0,HARD,34.0,0 days 02:00:41.030000,1,True,30.0,35.9,74.0,1009.4,False,1.3,178,laps_2023_singapore_R.csv,100.822
ALO,14,Aston Martin,34.0,0 days 00:01:40.578000,2.0,HARD,14.0,0 days 02:00:41.658000,1,True,30.0,35.9,74.0,1009.4,False,1.3,178,laps_2023_singapore_R.csv,100.578
OCO,31,Alpine,34.0,0 days 00:01:40.303000,2.0,HARD,14.0,0 days 02:00:42.643000,1,True,30.0,35.9,74.0,1009.4,False,1.3,178,laps_2023_singapore_R.csv,100.303
MAG,20,Haas F1 Team,34.0,0 days 00:01:41.291000,2.0,HARD,14.0,0 days 02:00:43.834000,1,True,30.0,35.9,74.0,1009.4,False,1.3,178,laps_2023_singapore_R.csv,101.291
GAS,10,Alpine,34.0,0 days 00:01:41.321000,2.0,HARD,14.0,0 days 02:00:44.324000,1,True,30.0,35.9,74.0,1009.4,False,1.3,178,laps_2023_singapore_R.csv,101.321
PIA,81,McLaren,34.0,0 days 00:01:41.598000,2.0,HARD,14.0,0 days 02:00:45.106000,1,True,30.0,35.9,74.0,1009.4,False,1.3,178,laps_2023_singapore_R.csv,101.598
LAW,40,AlphaTauri,34.0,0 days 00:01:40.953000,2.0,HARD,14.0,0 days 02:00:46.497000,1,True,30.0,35.9,74.0,1009.4,False,1.3,178,laps_2023_singapore_R.csv,100.953
HUL,27,Haas F1 Team,34.0,0 days 00:01:40.644000,2.0,HARD,14.0,0 days 02:00:48.384000,1,True,30.0,35.9,74.0,1009.4,False,1.3,178,laps_2023_singapore_R.csv,100.644
ALB,23,Williams,34.0,0 days 00:01:40.550000,2.0,HARD,14.0,0 days 02:00:49.610000,1,True,30.0,35.9,74.0,1009.4,False,1.3,178,laps_2023_singapore_R.csv,100.55
ZHO,24,Alfa Romeo,34.0,0 days 00:01:40.499000,3.0,MEDIUM,14.0,0 days 02:00:50.440000,1,True,30.0,35.9,74.0,1009.4,False,1.3,178,laps_2023_singapore_R.csv,100.499
BOT,77,Alfa Romeo,34.0,0 days 00:01:41.088000,1.0,HARD,34.0,0 days 02:00:54.823000,1,True,30.0,35.9,74.0,1009.5,False,1.5,153,laps_2023_singapore_R.csv,101.088
SAR,2,Williams,34.0,0 days 00:01:39.799000,2.0,HARD,15.0,0 days 02:01:16.637000,1,True,30.0,35.9,74.0,1009.5,False,1.5,153,laps_2023_singapore_R.csv,99.799
SAI,55,Ferrari,35.0,0 days 00:01:39.970000,2.0,HARD,15.0,0 days 02:02:07.268000,1,True,30.0,35.9,74.0,1009.5,False,1.5,166,laps_2023_singapore_R.csv,99.97
RUS,63,Mercedes,35.0,0 days 00:01:39.986000,2.0,HARD,15.0,0 days 02:02:08.232000,1,True,30.0,35.9,74.0,1009.5,False,1.5,166,laps_2023_singapore_R.csv,99.986
NOR,4,McLaren,35.0,0 days 00:01:39.701000,2.0,HARD,15.0,0 days 02:02:09.313000,1,True,30.0,35.9,74.0,1009.5,False,1.5,166,laps_2023_singapore_R.csv,99.701
HAM,44,Mercedes,35.0,0 days 00:01:39.510000,2.0,HARD,15.0,0 days 02:02:10.242000,1,True,30.0,35.9,74.0,1009.5,False,1.5,166,laps_2023_singapore_R.csv,99.51
LEC,16,Ferrari,35.0,0 days 00:01:39.747000,2.0,HARD,15.0,0 days 02:02:11.500000,1,True,30.0,35.9,74.0,1009.5,False,1.5,166,laps_2023_singapore_R.csv,99.747
VER,1,Red Bull,35.0,0 days 00:01:40.266000,1.0,HARD,35.0,0 days 02:02:17.721000,1,True,30.0,35.9,74.0,1009.5,False,1.5,166,laps_2023_singapore_R.csv,100.266
PER,11,Red Bull,35.0,0 days 00:01:40.326000,1.0,HARD,35.0,0 days 02:02:21.852000,1,True,30.0,35.9,74.0,1009.5,False,1.5,166,laps_2023_singapore_R.csv,100.326
ALO,14,Aston Martin,35.0,0 days 00:01:40.626000,2.0,HARD,15.0,0 days 02:02:22.236000,1,True,30.0,35.9,74.0,1009.5,False,1.5,166,laps_2023_singapore_R.csv,100.626
OCO,31,Alpine,35.0,0 days 00:01:40.541000,2.0,HARD,15.0,0 days 02:02:22.946000,1,True,30.0,35.9,74.0,1009.5,False,1.5,166,laps_2023_singapore_R.csv,100.541
MAG,20,Haas F1 Team,35.0,0 days 00:01:42.612000,2.0,HARD,15.0,0 days 02:02:25.125000,1,True,30.0,35.9,74.0,1009.5,False,1.5,166,laps_2023_singapore_R.csv,102.612
GAS,10,Alpine,35.0,0 days 00:01:42.563000,2.0,HARD,15.0,0 days 02:02:25.645000,1,True,30.0,35.9,74.0,1009.5,False,1.5,166,laps_2023_singapore_R.csv,102.563
PIA,81,McLaren,35.0,0 days 00:01:42.204000,2.0,HARD,15.0,0 days 02:02:26.704000,1,True,30.0,35.9,74.0,1009.5,False,1.5,166,laps_2023_singapore_R.csv,102.204
LAW,40,AlphaTauri,35.0,0 days 00:01:42.148000,2.0,HARD,15.0,0 days 02:02:27.450000,1,True,30.0,35.9,74.0,1009.5,False,1.5,166,laps_2023_singapore_R.csv,102.148
HUL,27,Haas F1 Team,35.0,0 days 00:01:41.622000,2.0,HARD,15.0,0 days 02:02:29.028000,1,True,30.0,35.9,74.0,1009.5,False,1.5,166,laps_2023_singapore_R.csv,101.622
ALB,23,Williams,35.0,0 days 00:01:41.065000,2.0,HARD,15.0,0 days 02:02:30.160000,1,True,30.0,35.9,74.0,1009.5,False,1.5,166,laps_2023_singapore_R.csv,101.065
ZHO,24,Alfa Romeo,35.0,0 days 00:01:41.189000,3.0,MEDIUM,15.0,0 days 02:02:30.939000,1,True,30.0,35.9,74.0,1009.5,False,1.5,166,laps_2023_singapore_R.csv,101.189
BOT,77,Alfa Romeo,35.0,0 days 00:01:40.808000,1.0,HARD,35.0,0 days 02:02:35.911000,1,True,30.0,35.9,74.0,1009.5,False,1.5,166,laps_2023_singapore_R.csv,100.808
SAR,2,Williams,35.0,0 days 00:01:39.764000,2.0,HARD,16.0,0 days 02:02:56.436000,1,True,30.0,35.5,74.0,1009.5,False,1.7,158,laps_2023_singapore_R.csv,99.764
SAI,55,Ferrari,36.0,0 days 00:01:39.544000,2.0,HARD,16.0,0 days 02:03:47.238000,1,True,30.0,35.5,74.0,1009.5,False,1.7,158,laps_2023_singapore_R.csv,99.544
RUS,63,Mercedes,36.0,0 days 00:01:39.474000,2.0,HARD,16.0,0 days 02:03:48.218000,1,True,30.0,35.5,74.0,1009.5,False,1.7,158,laps_2023_singapore_R.csv,99.474
NOR,4,McLaren,36.0,0 days 00:01:39.462000,2.0,HARD,16.0,0 days 02:03:49.014000,1,True,30.0,35.5,74.0,1009.5,False,1.7,158,laps_2023_singapore_R.csv,99.462
HAM,44,Mercedes,36.0,0 days 00:01:39.362000,2.0,HARD,16.0,0 days 02:03:49.752000,1,True,30.0,35.5,74.0,1009.5,False,1.7,158,laps_2023_singapore_R.csv,99.362
LEC,16,Ferrari,36.0,0 days 00:01:39.443000,2.0,HARD,16.0,0 days 02:03:51.247000,1,True,30.0,35.5,74.0,1009.5,False,1.7,158,laps_2023_singapore_R.csv,99.443
VER,1,Red Bull,36.0,0 days 00:01:40.372000,1.0,HARD,36.0,0 days 02:03:57.987000,1,True,29.9,35.4,74.0,1009.5,False,1.7,180,laps_2023_singapore_R.csv,100.372
PER,11,Red Bull,36.0,0 days 00:01:41.489000,1.0,HARD,36.0,0 days 02:04:02.178000,1,True,29.9,35.4,74.0,1009.5,False,1.7,180,laps_2023_singapore_R.csv,101.489
ALO,14,Aston Martin,36.0,0 days 00:01:41.265000,2.0,HARD,16.0,0 days 02:04:02.862000,1,True,29.9,35.4,74.0,1009.5,False,1.7,180,laps_2023_singapore_R.csv,101.265
OCO,31,Alpine,36.0,0 days 00:01:41.211000,2.0,HARD,16.0,0 days 02:04:03.487000,1,True,29.9,35.4,74.0,1009.5,False,1.7,180,laps_2023_singapore_R.csv,101.211
MAG,20,Haas F1 Team,36.0,0 days 00:01:48.130000,2.0,HARD,16.0,0 days 02:04:07.737000,1,True,29.9,35.4,74.0,1009.5,False,1.7,180,laps_2023_singapore_R.csv,108.13
GAS,10,Alpine,36.0,0 days 00:01:39.965000,2.0,HARD,16.0,0 days 02:04:08.208000,1,True,29.9,35.4,74.0,1009.5,False,1.7,180,laps_2023_singapore_R.csv,99.965
PIA,81,McLaren,36.0,0 days 00:01:40.587000,2.0,HARD,16.0,0 days 02:04:08.908000,1,True,29.9,35.4,74.0,1009.5,False,1.7,180,laps_2023_singapore_R.csv,100.587
LAW,40,AlphaTauri,36.0,0 days 00:01:41.100000,2.0,HARD,16.0,0 days 02:04:09.598000,1,True,29.9,35.4,74.0,1009.5,False,1.7,180,laps_2023_singapore_R.csv,101.1
HUL,27,Haas F1 Team,36.0,0 days 00:01:41.128000,2.0,HARD,16.0,0 days 02:04:10.650000,1,True,29.9,35.4,74.0,1009.5,False,1.7,180,laps_2023_singapore_R.csv,101.128
ALB,23,Williams,36.0,0 days 00:01:41.940000,2.0,HARD,16.0,0 days 02:04:11.225000,1,True,29.9,35.4,74.0,1009.5,False,1.7,180,laps_2023_singapore_R.csv,101.94
ZHO,24,Alfa Romeo,36.0,0 days 00:01:42.747000,3.0,MEDIUM,16.0,0 days 02:04:12.128000,1,True,29.9,35.4,74.0,1009.5,False,1.7,180,laps_2023_singapore_R.csv,102.747
BOT,77,Alfa Romeo,36.0,0 days 00:01:41.628000,1.0,HARD,36.0,0 days 02:04:16.719000,1,True,29.9,35.4,74.0,1009.5,False,1.7,180,laps_2023_singapore_R.csv,101.628
SAR,2,Williams,36.0,0 days 00:01:39.878000,2.0,HARD,17.0,0 days 02:04:36.200000,1,True,29.9,35.4,74.0,1009.5,False,1.7,180,laps_2023_singapore_R.csv,99.878
SAI,55,Ferrari,37.0,0 days 00:01:39.884000,2.0,HARD,17.0,0 days 02:05:26.782000,1,True,29.9,35.5,74.0,1009.5,False,1.8,158,laps_2023_singapore_R.csv,99.884
RUS,63,Mercedes,37.0,0 days 00:01:39.776000,2.0,HARD,17.0,0 days 02:05:27.692000,1,True,29.9,35.5,74.0,1009.5,False,1.8,158,laps_2023_singapore_R.csv,99.776
NOR,4,McLaren,37.0,0 days 00:01:39.838000,2.0,HARD,17.0,0 days 02:05:28.476000,1,True,29.9,35.5,74.0,1009.5,False,1.8,158,laps_2023_singapore_R.csv,99.838
HAM,44,Mercedes,37.0,0 days 00:01:39.959000,2.0,HARD,17.0,0 days 02:05:29.114000,1,True,29.9,35.5,74.0,1009.5,False,1.8,158,laps_2023_singapore_R.csv,99.959
LEC,16,Ferrari,37.0,0 days 00:01:39.639000,2.0,HARD,17.0,0 days 02:05:30.690000,1,True,29.9,35.5,74.0,1009.5,False,1.8,158,laps_2023_singapore_R.csv,99.639
VER,1,Red Bull,37.0,0 days 00:01:40.224000,1.0,HARD,37.0,0 days 02:05:38.359000,1,True,29.9,35.5,74.0,1009.5,False,1.8,158,laps_2023_singapore_R.csv,100.224
PER,11,Red Bull,37.0,0 days 00:01:43.171000,1.0,HARD,37.0,0 days 02:05:43.667000,1,True,29.9,35.5,74.0,1009.5,False,1.8,158,laps_2023_singapore_R.csv,103.171
ALO,14,Aston Martin,37.0,0 days 00:01:44.094000,2.0,HARD,17.0,0 days 02:05:44.127000,1,True,29.9,35.5,74.0,1009.5,False,1.8,158,laps_2023_singapore_R.csv,104.094
OCO,31,Alpine,37.0,0 days 00:01:42.599000,2.0,HARD,17.0,0 days 02:05:44.698000,1,True,29.9,35.5,74.0,1009.5,False,1.8,158,laps_2023_singapore_R.csv,102.599
GAS,10,Alpine,37.0,0 days 00:01:40.508000,2.0,HARD,17.0,0 days 02:05:48.173000,1,True,29.9,35.5,74.0,1009.5,False,1.8,158,laps_2023_singapore_R.csv,100.508
PIA,81,McLaren,37.0,0 days 00:01:40.368000,2.0,HARD,17.0,0 days 02:05:49.495000,1,True,29.9,35.5,74.0,1009.5,False,1.8,158,laps_2023_singapore_R.csv,100.368
LAW,40,AlphaTauri,37.0,0 days 00:01:40.797000,2.0,HARD,17.0,0 days 02:05:50.698000,1,True,29.9,35.5,74.0,1009.5,False,1.8,158,laps_2023_singapore_R.csv,100.797
HUL,27,Haas F1 Team,37.0,0 days 00:01:40.482000,2.0,HARD,17.0,0 days 02:05:51.778000,1,True,29.9,35.5,74.0,1009.5,False,1.8,158,laps_2023_singapore_R.csv,100.482
ALB,23,Williams,37.0,0 days 00:01:41.028000,2.0,HARD,17.0,0 days 02:05:53.165000,1,True,29.9,35.5,74.0,1009.5,False,1.8,158,laps_2023_singapore_R.csv,101.028
ZHO,24,Alfa Romeo,37.0,0 days 00:01:41.148000,3.0,MEDIUM,17.0,0 days 02:05:54.875000,1,True,29.9,35.3,74.0,1009.7,False,1.7,165,laps_2023_singapore_R.csv,101.148
MAG,20,Haas F1 Team,37.0,0 days 00:01:42.352000,2.0,HARD,17.0,0 days 02:05:55.867000,1,True,29.9,35.3,74.0,1009.7,False,1.7,165,laps_2023_singapore_R.csv,102.352
BOT,77,Alfa Romeo,37.0,0 days 00:01:42.375000,1.0,HARD,37.0,0 days 02:05:58.347000,1,True,29.9,35.3,74.0,1009.7,False,1.7,165,laps_2023_singapore_R.csv,102.375
SAR,2,Williams,37.0,0 days 00:01:39.752000,2.0,HARD,18.0,0 days 02:06:16.078000,1,True,29.9,35.3,74.0,1009.7,False,1.7,165,laps_2023_singapore_R.csv,99.752
SAI,55,Ferrari,38.0,0 days 00:01:39.519000,2.0,HARD,18.0,0 days 02:07:06.666000,1,True,29.8,35.5,74.0,1009.7,False,1.8,183,laps_2023_singapore_R.csv,99.519
RUS,63,Mercedes,38.0,0 days 00:01:39.635000,2.0,HARD,18.0,0 days 02:07:07.468000,1,True,29.8,35.5,74.0,1009.7,False,1.8,183,laps_2023_singapore_R.csv,99.635
NOR,4,McLaren,38.0,0 days 00:01:39.720000,2.0,HARD,18.0,0 days 02:07:08.314000,1,True,29.8,35.5,74.0,1009.7,False,1.8,183,laps_2023_singapore_R.csv,99.72
HAM,44,Mercedes,38.0,0 days 00:01:39.860000,2.0,HARD,18.0,0 days 02:07:09.073000,1,True,29.8,35.5,74.0,1009.7,False,1.8,183,laps_2023_singapore_R.csv,99.86
LEC,16,Ferrari,38.0,0 days 00:01:39.946000,2.0,HARD,18.0,0 days 02:07:10.329000,1,True,29.8,35.5,74.0,1009.7,False,1.8,183,laps_2023_singapore_R.csv,99.946
VER,1,Red Bull,38.0,0 days 00:01:40.610000,1.0,HARD,38.0,0 days 02:07:18.583000,1,True,29.8,35.5,74.0,1009.7,False,1.8,183,laps_2023_singapore_R.csv,100.61
PER,11,Red Bull,38.0,0 days 00:01:41.321000,1.0,HARD,38.0,0 days 02:07:26.838000,1,True,29.8,35.5,74.0,1009.7,False,1.8,183,laps_2023_singapore_R.csv,101.321
OCO,31,Alpine,38.0,0 days 00:01:41.319000,2.0,HARD,18.0,0 days 02:07:27.297000,1,True,29.8,35.5,74.0,1009.7,False,1.8,183,laps_2023_singapore_R.csv,101.319
ALO,14,Aston Martin,38.0,0 days 00:01:41.208000,2.0,HARD,18.0,0 days 02:07:28.221000,1,True,29.8,35.5,74.0,1009.7,False,1.8,183,laps_2023_singapore_R.csv,101.208
GAS,10,Alpine,38.0,0 days 00:01:41.261000,2.0,HARD,18.0,0 days 02:07:28.681000,1,True,29.8,35.5,74.0,1009.7,False,1.8,183,laps_2023_singapore_R.csv,101.261
PIA,81,McLaren,38.0,0 days 00:01:40.858000,2.0,HARD,18.0,0 days 02:07:29.863000,1,True,29.8,35.5,74.0,1009.7,False,1.8,183,laps_2023_singapore_R.csv,100.858
LAW,40,AlphaTauri,38.0,0 days 00:01:41.106000,2.0,HARD,18.0,0 days 02:07:31.495000,1,True,29.8,35.5,74.0,1009.7,False,1.8,183,laps_2023_singapore_R.csv,101.106
HUL,27,Haas F1 Team,38.0,0 days 00:01:41.051000,2.0,HARD,18.0,0 days 02:07:32.260000,1,True,29.8,35.5,74.0,1009.7,False,1.8,183,laps_2023_singapore_R.csv,101.051
ALB,23,Williams,38.0,0 days 00:01:40.837000,2.0,HARD,18.0,0 days 02:07:34.193000,1,True,29.8,35.5,74.0,1009.7,False,1.8,183,laps_2023_singapore_R.csv,100.837
ZHO,24,Alfa Romeo,38.0,0 days 00:01:40.821000,3.0,MEDIUM,18.0,0 days 02:07:36.023000,1,True,29.8,35.5,74.0,1009.7,False,1.8,183,laps_2023_singapore_R.csv,100.821
MAG,20,Haas F1 Team,38.0,0 days 00:01:41.591000,2.0,HARD,18.0,0 days 02:07:38.219000,1,True,29.8,35.5,74.0,1009.7,False,1.8,183,laps_2023_singapore_R.csv,101.591
BOT,77,Alfa Romeo,38.0,0 days 00:01:42.282000,1.0,HARD,38.0,0 days 02:07:40.722000,1,True,29.8,35.5,74.0,1009.7,False,1.8,183,laps_2023_singapore_R.csv,102.282
SAR,2,Williams,38.0,0 days 00:01:39.877000,2.0,HARD,19.0,0 days 02:07:55.830000,1,True,29.8,35.5,74.0,1009.7,False,2.2,168,laps_2023_singapore_R.csv,99.877
SAI,55,Ferrari,39.0,0 days 00:01:39.253000,2.0,HARD,19.0,0 days 02:08:46.185000,1,True,29.8,35.5,74.0,1009.7,False,2.2,168,laps_2023_singapore_R.csv,99.253
RUS,63,Mercedes,39.0,0 days 00:01:39.169000,2.0,HARD,19.0,0 days 02:08:47.103000,1,True,29.8,35.5,74.0,1009.7,False,2.2,168,laps_2023_singapore_R.csv,99.169
NOR,4,McLaren,39.0,0 days 00:01:39.271000,2.0,HARD,19.0,0 days 02:08:48.034000,1,True,29.8,35.5,74.0,1009.7,False,2.2,168,laps_2023_singapore_R.csv,99.271
HAM,44,Mercedes,39.0,0 days 00:01:39.264000,2.0,HARD,19.0,0 days 02:08:48.933000,1,True,29.8,35.5,74.0,1009.7,False,2.2,168,laps_2023_singapore_R.csv,99.264
LEC,16,Ferrari,39.0,0 days 00:01:39.448000,2.0,HARD,19.0,0 days 02:08:50.275000,1,True,29.8,35.5,74.0,1009.7,False,2.2,168,laps_2023_singapore_R.csv,99.448
VER,1,Red Bull,39.0,0 days 00:01:41.173000,1.0,HARD,39.0,0 days 02:08:59.193000,1,True,29.8,35.5,74.0,1009.7,False,2.0,165,laps_2023_singapore_R.csv,101.173
OCO,31,Alpine,39.0,0 days 00:01:40.875000,2.0,HARD,19.0,0 days 02:09:08.616000,1,True,29.8,35.5,74.0,1009.7,False,2.0,165,laps_2023_singapore_R.csv,100.875
ALO,14,Aston Martin,39.0,0 days 00:01:42.062000,2.0,HARD,19.0,0 days 02:09:09.429000,1,True,29.8,35.5,74.0,1009.7,False,2.0,165,laps_2023_singapore_R.csv,102.062
GAS,10,Alpine,39.0,0 days 00:01:42.860000,2.0,HARD,19.0,0 days 02:09:09.942000,1,True,29.8,35.5,74.0,1009.7,False,2.0,165,laps_2023_singapore_R.csv,102.86
PIA,81,McLaren,39.0,0 days 00:01:42.986000,2.0,HARD,19.0,0 days 02:09:10.721000,1,True,29.8,35.5,74.0,1009.7,False,2.0,165,laps_2023_singapore_R.csv,102.986
LAW,40,AlphaTauri,39.0,0 days 00:01:41.845000,2.0,HARD,19.0,0 days 02:09:12.601000,1,True,29.8,35.5,74.0,1009.7,False,2.0,165,laps_2023_singapore_R.csv,101.845
HUL,27,Haas F1 Team,39.0,0 days 00:01:42.010000,2.0,HARD,19.0,0 days 02:09:13.311000,1,True,29.8,35.5,74.0,1009.7,False,2.0,165,laps_2023_singapore_R.csv,102.01
ALB,23,Williams,39.0,0 days 00:01:41.246000,2.0,HARD,19.0,0 days 02:09:15.030000,1,True,29.8,35.5,74.0,1009.7,False,2.0,165,laps_2023_singapore_R.csv,101.246
ZHO,24,Alfa Romeo,39.0,0 days 00:01:40.894000,3.0,MEDIUM,19.0,0 days 02:09:16.844000,1,True,29.8,35.5,74.0,1009.7,False,2.0,165,laps_2023_singapore_R.csv,100.894
MAG,20,Haas F1 Team,39.0,0 days 00:01:41.934000,2.0,HARD,19.0,0 days 02:09:19.810000,1,True,29.8,35.5,74.0,1009.7,False,2.0,165,laps_2023_singapore_R.csv,101.934
BOT,77,Alfa Romeo,39.0,0 days 00:01:42.059000,1.0,HARD,39.0,0 days 02:09:23.004000,1,True,29.8,35.5,74.0,1009.7,False,2.0,165,laps_2023_singapore_R.csv,102.059
SAR,2,Williams,39.0,0 days 00:01:40.134000,2.0,HARD,20.0,0 days 02:09:35.707000,1,True,29.8,35.5,74.0,1009.7,False,2.0,165,laps_2023_singapore_R.csv,100.134
SAI,55,Ferrari,40.0,0 days 00:01:39.393000,2.0,HARD,20.0,0 days 02:10:25.438000,1,True,29.7,35.5,75.0,1009.7,False,1.8,171,laps_2023_singapore_R.csv,99.393
RUS,63,Mercedes,40.0,0 days 00:01:39.322000,2.0,HARD,20.0,0 days 02:10:26.272000,1,True,29.7,35.5,75.0,1009.7,False,1.8,171,laps_2023_singapore_R.csv,99.322
NOR,4,McLaren,40.0,0 days 00:01:39.346000,2.0,HARD,20.0,0 days 02:10:27.305000,1,True,29.7,35.5,75.0,1009.7,False,1.8,171,laps_2023_singapore_R.csv,99.346
HAM,44,Mercedes,40.0,0 days 00:01:39.472000,2.0,HARD,20.0,0 days 02:10:28.197000,1,True,29.7,35.5,75.0,1009.7,False,1.8,171,laps_2023_singapore_R.csv,99.472
LEC,16,Ferrari,40.0,0 days 00:01:39.557000,2.0,HARD,20.0,0 days 02:10:29.723000,1,True,29.7,35.5,75.0,1009.7,False,1.8,171,laps_2023_singapore_R.csv,99.557
OCO,31,Alpine,40.0,0 days 00:01:39.931000,2.0,HARD,20.0,0 days 02:10:49.491000,1,True,29.7,35.5,75.0,1009.7,False,1.8,171,laps_2023_singapore_R.csv,99.931
ALO,14,Aston Martin,40.0,0 days 00:01:40.154000,2.0,HARD,20.0,0 days 02:10:51.491000,1,True,29.7,35.5,75.0,1009.7,False,1.8,171,laps_2023_singapore_R.csv,100.154
GAS,10,Alpine,40.0,0 days 00:01:39.885000,2.0,HARD,20.0,0 days 02:10:52.802000,1,True,29.7,35.5,75.0,1009.7,False,1.8,171,laps_2023_singapore_R.csv,99.885
PIA,81,McLaren,40.0,0 days 00:01:40.299000,2.0,HARD,20.0,0 days 02:10:53.707000,1,True,29.7,35.5,75.0,1009.7,False,1.8,171,laps_2023_singapore_R.csv,100.299
LAW,40,AlphaTauri,40.0,0 days 00:01:41.182000,2.0,HARD,20.0,0 days 02:10:54.446000,1,True,29.7,35.5,74.0,1009.7,False,1.7,189,laps_2023_singapore_R.csv,101.182
HUL,27,Haas F1 Team,40.0,0 days 00:01:41.257000,2.0,HARD,20.0,0 days 02:10:55.321000,1,True,29.7,35.5,74.0,1009.7,False,1.7,189,laps_2023_singapore_R.csv,101.257
ALB,23,Williams,40.0,0 days 00:01:40.935000,2.0,HARD,20.0,0 days 02:10:56.276000,1,True,29.7,35.5,74.0,1009.7,False,1.7,189,laps_2023_singapore_R.csv,100.935
ZHO,24,Alfa Romeo,40.0,0 days 00:01:40.806000,3.0,MEDIUM,20.0,0 days 02:10:57.738000,1,True,29.7,35.5,74.0,1009.7,False,1.7,189,laps_2023_singapore_R.csv,100.806
MAG,20,Haas F1 Team,40.0,0 days 00:01:41.757000,2.0,HARD,20.0,0 days 02:11:01.744000,1,True,29.7,35.5,74.0,1009.7,False,1.7,189,laps_2023_singapore_R.csv,101.757
SAR,2,Williams,40.0,0 days 00:01:40.280000,2.0,HARD,21.0,0 days 02:11:15.841000,1,True,29.7,35.5,74.0,1009.7,False,1.7,189,laps_2023_singapore_R.csv,100.28
SAI,55,Ferrari,41.0,0 days 00:01:39.798000,2.0,HARD,21.0,0 days 02:12:04.831000,1,True,29.8,35.5,75.0,1009.7,False,1.7,171,laps_2023_singapore_R.csv,99.798
RUS,63,Mercedes,41.0,0 days 00:01:39.803000,2.0,HARD,21.0,0 days 02:12:05.594000,1,True,29.8,35.5,75.0,1009.7,False,1.7,171,laps_2023_singapore_R.csv,99.803
NOR,4,McLaren,41.0,0 days 00:01:39.662000,2.0,HARD,21.0,0 days 02:12:06.651000,1,True,29.8,35.5,75.0,1009.7,False,1.7,171,laps_2023_singapore_R.csv,99.662
HAM,44,Mercedes,41.0,0 days 00:01:39.698000,2.0,HARD,21.0,0 days 02:12:07.669000,1,True,29.8,35.5,75.0,1009.7,False,1.7,171,laps_2023_singapore_R.csv,99.698
LEC,16,Ferrari,41.0,0 days 00:01:39.368000,2.0,HARD,21.0,0 days 02:12:09.280000,1,True,29.8,35.5,75.0,1009.7,False,1.7,171,laps_2023_singapore_R.csv,99.368
OCO,31,Alpine,41.0,0 days 00:01:40.064000,2.0,HARD,21.0,0 days 02:12:29.422000,1,True,29.8,35.5,75.0,1009.7,False,1.7,171,laps_2023_singapore_R.csv,100.064
ALO,14,Aston Martin,41.0,0 days 00:01:40.180000,2.0,HARD,21.0,0 days 02:12:31.645000,1,True,29.8,35.5,75.0,1009.7,False,1.7,171,laps_2023_singapore_R.csv,100.18
GAS,10,Alpine,41.0,0 days 00:01:39.934000,2.0,HARD,21.0,0 days 02:12:32.687000,1,True,29.8,35.5,75.0,1009.7,False,1.7,171,laps_2023_singapore_R.csv,99.934
PIA,81,McLaren,41.0,0 days 00:01:39.982000,2.0,HARD,21.0,0 days 02:12:34.006000,1,True,29.8,35.5,75.0,1009.7,False,1.7,171,laps_2023_singapore_R.csv,99.982
LAW,40,AlphaTauri,41.0,0 days 00:01:40.315000,2.0,HARD,21.0,0 days 02:12:35.628000,1,True,29.8,35.5,75.0,1009.7,False,1.7,171,laps_2023_singapore_R.csv,100.315
HUL,27,Haas F1 Team,41.0,0 days 00:01:40.687000,2.0,HARD,21.0,0 days 02:12:36.578000,1,True,29.8,35.5,75.0,1009.7,False,1.7,171,laps_2023_singapore_R.csv,100.687
ALB,23,Williams,41.0,0 days 00:01:40.579000,2.0,HARD,21.0,0 days 02:12:37.211000,1,True,29.8,35.5,75.0,1009.7,False,1.7,171,laps_2023_singapore_R.csv,100.579
ZHO,24,Alfa Romeo,41.0,0 days 00:01:40.853000,3.0,MEDIUM,21.0,0 days 02:12:38.544000,1,True,29.8,35.5,75.0,1009.7,False,1.7,171,laps_2023_singapore_R.csv,100.853
MAG,20,Haas F1 Team,41.0,0 days 00:01:41.307000,2.0,HARD,21.0,0 days 02:12:43.501000,1,True,29.8,35.5,75.0,1009.7,False,1.7,171,laps_2023_singapore_R.csv,101.307
SAR,2,Williams,41.0,0 days 00:01:40.297000,2.0,HARD,22.0,0 days 02:12:56.121000,1,True,29.8,35.5,75.0,1009.7,False,1.8,169,laps_2023_singapore_R.csv,100.297
PER,11,Red Bull,41.0,0 days 00:01:38.551000,2.0,MEDIUM,2.0,0 days 02:13:00.583000,1,True,29.8,35.5,75.0,1009.7,False,1.8,169,laps_2023_singapore_R.csv,98.551
SAI,55,Ferrari,42.0,0 days 00:01:39.939000,2.0,HARD,22.0,0 days 02:13:44.629000,1,True,29.8,35.5,75.0,1009.7,False,1.8,169,laps_2023_singapore_R.csv,99.939
RUS,63,Mercedes,42.0,0 days 00:01:39.845000,2.0,HARD,22.0,0 days 02:13:45.397000,1,True,29.8,35.5,75.0,1009.7,False,1.8,169,laps_2023_singapore_R.csv,99.845
NOR,4,McLaren,42.0,0 days 00:01:39.606000,2.0,HARD,22.0,0 days 02:13:46.313000,1,True,29.8,35.5,75.0,1009.7,False,1.8,169,laps_2023_singapore_R.csv,99.606
HAM,44,Mercedes,42.0,0 days 00:01:39.686000,2.0,HARD,22.0,0 days 02:13:47.367000,1,True,29.8,35.5,75.0,1009.7,False,1.8,169,laps_2023_singapore_R.csv,99.686
LEC,16,Ferrari,42.0,0 days 00:01:39.888000,2.0,HARD,22.0,0 days 02:13:48.648000,1,True,29.8,35.5,75.0,1009.7,False,1.8,169,laps_2023_singapore_R.csv,99.888
OCO,31,Alpine,42.0,0 days 00:01:39.995000,2.0,HARD,22.0,0 days 02:14:09.486000,1,True,29.8,35.5,74.0,1009.7,False,2.0,167,laps_2023_singapore_R.csv,99.995
ALO,14,Aston Martin,42.0,0 days 00:01:40.146000,2.0,HARD,22.0,0 days 02:14:11.825000,1,True,29.8,35.5,74.0,1009.7,False,2.0,167,laps_2023_singapore_R.csv,100.146
GAS,10,Alpine,42.0,0 days 00:01:39.835000,2.0,HARD,22.0,0 days 02:14:12.621000,1,True,29.8,35.5,74.0,1009.7,False,2.0,167,laps_2023_singapore_R.csv,99.835
PIA,81,McLaren,42.0,0 days 00:01:39.783000,2.0,HARD,22.0,0 days 02:14:13.988000,1,True,29.8,35.5,74.0,1009.7,False,2.0,167,laps_2023_singapore_R.csv,99.783
LAW,40,AlphaTauri,42.0,0 days 00:01:40.181000,2.0,HARD,22.0,0 days 02:14:15.943000,1,True,29.8,35.5,74.0,1009.7,False,2.0,167,laps_2023_singapore_R.csv,100.181
HUL,27,Haas F1 Team,42.0,0 days 00:01:40.523000,2.0,HARD,22.0,0 days 02:14:17.265000,1,True,29.8,35.5,74.0,1009.7,False,2.0,167,laps_2023_singapore_R.csv,100.523
ALB,23,Williams,42.0,0 days 00:01:40.637000,2.0,HARD,22.0,0 days 02:14:17.790000,1,True,29.8,35.5,74.0,1009.7,False,2.0,167,laps_2023_singapore_R.csv,100.637
ZHO,24,Alfa Romeo,42.0,0 days 00:01:40.425000,3.0,MEDIUM,22.0,0 days 02:14:19.397000,1,True,29.8,35.5,74.0,1009.7,False,2.0,167,laps_2023_singapore_R.csv,100.425
MAG,20,Haas F1 Team,42.0,0 days 00:01:40.956000,2.0,HARD,22.0,0 days 02:14:24.808000,1,True,29.8,35.5,74.0,1009.7,False,2.0,167,laps_2023_singapore_R.csv,100.956
VER,1,Red Bull,42.0,0 days 00:01:37.713000,2.0,MEDIUM,2.0,0 days 02:14:28.422000,1,True,29.8,35.5,74.0,1009.7,False,2.0,167,laps_2023_singapore_R.csv,97.713
SAR,2,Williams,42.0,0 days 00:01:40.602000,2.0,HARD,23.0,0 days 02:14:36.418000,12,True,29.8,35.5,74.0,1009.7,False,2.0,167,laps_2023_singapore_R.csv,100.602
PER,11,Red Bull,42.0,0 days 00:01:38.709000,2.0,MEDIUM,3.0,0 days 02:14:39.134000,12,True,29.8,35.5,74.0,1009.7,False,2.0,167,laps_2023_singapore_R.csv,98.709
BOT,77,Alfa Romeo,42.0,0 days 00:01:38.392000,2.0,MEDIUM,2.0,0 days 02:14:55.915000,12,True,29.8,35.3,74.0,1009.9,False,1.7,161,laps_2023_singapore_R.csv,98.392
SAI,55,Ferrari,43.0,0 days 00:01:39.248000,2.0,HARD,23.0,0 days 02:15:24.568000,12,True,29.8,35.3,74.0,1009.9,False,1.7,161,laps_2023_singapore_R.csv,99.248
RUS,63,Mercedes,43.0,0 days 00:01:39.482000,2.0,HARD,23.0,0 days 02:15:25.242000,12,True,29.8,35.3,74.0,1009.9,False,1.7,161,laps_2023_singapore_R.csv,99.482
NOR,4,McLaren,43.0,0 days 00:01:39.560000,2.0,HARD,23.0,0 days 02:15:25.919000,12,True,29.8,35.3,74.0,1009.9,False,1.7,161,laps_2023_singapore_R.csv,99.56
MAG,20,Haas F1 Team,45.0,0 days 00:01:39.787000,3.0,SOFT,5.0,0 days 02:20:48.904000,1,True,29.6,35.3,74.0,1009.9,False,2.0,165,laps_2023_singapore_R.csv,99.787
BOT,77,Alfa Romeo,45.0,0 days 00:01:39.080000,2.0,MEDIUM,5.0,0 days 02:20:55.661000,1,True,29.6,35.1,74.0,1009.9,False,2.5,174,laps_2023_singapore_R.csv,99.08
SAR,2,Williams,45.0,0 days 00:01:38.531000,3.0,MEDIUM,2.0,0 days 02:20:58.675000,1,True,29.6,35.1,74.0,1009.9,False,2.5,174,laps_2023_singapore_R.csv,98.531
SAI,55,Ferrari,46.0,0 days 00:01:37.913000,2.0,HARD,26.0,0 days 02:21:23.710000,1,True,29.6,35.1,74.0,1009.9,False,2.5,174,laps_2023_singapore_R.csv,97.913
NOR,4,McLaren,46.0,0 days 00:01:38.046000,2.0,HARD,26.0,0 days 02:21:25.087000,1,True,29.6,35.1,74.0,1009.9,False,2.5,174,laps_2023_singapore_R.csv,98.046
LEC,16,Ferrari,46.0,0 days 00:01:38.275000,2.0,HARD,26.0,0 days 02:21:27.825000,1,True,29.6,35.1,74.0,1009.9,False,2.5,174,laps_2023_singapore_R.csv,98.275
RUS,63,Mercedes,46.0,0 days 00:01:36.273000,3.0,MEDIUM,2.0,0 days 02:21:41.280000,1,True,29.6,35.1,74.0,1009.9,False,2.5,174,laps_2023_singapore_R.csv,96.273
HAM,44,Mercedes,46.0,0 days 00:01:36.953000,3.0,MEDIUM,2.0,0 days 02:21:45.666000,1,True,29.6,35.1,74.0,1009.9,False,2.5,174,laps_2023_singapore_R.csv,96.953
GAS,10,Alpine,46.0,0 days 00:01:38.277000,2.0,HARD,26.0,0 days 02:21:52.161000,1,True,29.6,35.1,74.0,1009.9,False,2.5,174,laps_2023_singapore_R.csv,98.277
PIA,81,McLaren,46.0,0 days 00:01:38.492000,2.0,HARD,26.0,0 days 02:21:55.110000,1,True,29.6,35.0,74.0,1009.9,False,2.4,163,laps_2023_singapore_R.csv,98.492
LAW,40,AlphaTauri,46.0,0 days 00:01:39.132000,2.0,HARD,26.0,0 days 02:21:57.418000,1,True,29.6,35.0,74.0,1009.9,False,2.4,163,laps_2023_singapore_R.csv,99.132
HUL,27,Haas F1 Team,46.0,0 days 00:01:40.005000,2.0,HARD,26.0,0 days 02:21:59.651000,1,True,29.6,35.0,74.0,1009.9,False,2.4,163,laps_2023_singapore_R.csv,100.005
ZHO,24,Alfa Romeo,46.0,0 days 00:01:39.316000,3.0,MEDIUM,26.0,0 days 02:22:02.327000,1,True,29.6,35.0,74.0,1009.9,False,2.4,163,laps_2023_singapore_R.csv,99.316
VER,1,Red Bull,46.0,0 days 00:01:37.570000,2.0,MEDIUM,6.0,0 days 02:22:04.953000,1,True,29.6,35.0,74.0,1009.9,False,2.4,163,laps_2023_singapore_R.csv,97.57
ALB,23,Williams,46.0,0 days 00:01:37.342000,3.0,MEDIUM,3.0,0 days 02:22:15.258000,12,True,29.6,35.0,74.0,1009.9,False,2.4,163,laps_2023_singapore_R.csv,97.342
PER,11,Red Bull,46.0,0 days 00:01:37.541000,2.0,MEDIUM,7.0,0 days 02:22:16.154000,12,True,29.6,35.0,74.0,1009.9,False,2.4,163,laps_2023_singapore_R.csv,97.541
MAG,20,Haas F1 Team,46.0,0 days 00:01:40.988000,3.0,SOFT,6.0,0 days 02:22:28.691000,12,True,29.6,35.0,74.0,1009.9,False,2.4,163,laps_2023_singapore_R.csv,100.988
ALO,14,Aston Martin,46.0,0 days 00:01:53.333000,3.0,SOFT,4.0,0 days 02:22:32.991000,12,True,29.6,35.0,74.0,1009.9,False,2.4,163,laps_2023_singapore_R.csv,113.333
BOT,77,Alfa Romeo,46.0,0 days 00:01:38.979000,2.0,MEDIUM,6.0,0 days 02:22:34.741000,12,True,29.6,35.0,74.0,1009.9,False,2.4,163,laps_2023_singapore_R.csv,98.979
SAR,2,Williams,46.0,0 days 00:01:38.784000,3.0,MEDIUM,3.0,0 days 02:22:37.206000,12,True,29.6,35.0,74.0,1009.9,False,2.4,163,laps_2023_singapore_R.csv,98.784
SAI,55,Ferrari,47.0,0 days 00:01:37.666000,2.0,HARD,27.0,0 days 02:23:01.623000,12,True,29.5,35.0,75.0,1009.9,False,2.2,168,laps_2023_singapore_R.csv,97.666
NOR,4,McLaren,47.0,0 days 00:01:38.157000,2.0,HARD,27.0,0 days 02:23:03.133000,12,True,29.5,35.0,75.0,1009.9,False,2.2,168,laps_2023_singapore_R.csv,98.157
LEC,16,Ferrari,47.0,0 days 00:01:38.403000,2.0,HARD,27.0,0 days 02:23:06.100000,12,True,29.5,35.0,75.0,1009.9,False,2.2,168,laps_2023_singapore_R.csv,98.403
RUS,63,Mercedes,47.0,0 days 00:01:36.419000,3.0,MEDIUM,3.0,0 days 02:23:17.553000,12,True,29.5,35.0,75.0,1009.9,False,2.2,168,laps_2023_singapore_R.csv,96.419
HAM,44,Mercedes,47.0,0 days 00:01:35.867000,3.0,MEDIUM,3.0,0 days 02:23:22.619000,12,True,29.5,35.0,75.0,1009.9,False,2.2,168,laps_2023_singapore_R.csv,95.867
GAS,10,Alpine,47.0,0 days 00:01:38.568000,2.0,HARD,27.0,0 days 02:23:30.438000,12,True,29.5,35.0,75.0,1009.9,False,2.2,168,laps_2023_singapore_R.csv,98.568
PIA,81,McLaren,47.0,0 days 00:01:38.889000,2.0,HARD,27.0,0 days 02:23:33.602000,12,True,29.5,35.0,75.0,1009.9,False,2.2,168,laps_2023_singapore_R.csv,98.889
LAW,40,AlphaTauri,47.0,0 days 00:01:39.028000,2.0,HARD,27.0,0 days 02:23:36.550000,12,True,29.5,35.0,75.0,1009.9,False,2.2,168,laps_2023_singapore_R.csv,99.028
HUL,27,Haas F1 Team,47.0,0 days 00:01:39.971000,2.0,HARD,27.0,0 days 02:23:39.656000,12,True,29.5,35.0,75.0,1009.9,False,2.2,168,laps_2023_singapore_R.csv,99.971
ZHO,24,Alfa Romeo,47.0,0 days 00:01:40.485000,3.0,MEDIUM,27.0,0 days 02:23:41.643000,12,True,29.5,35.0,75.0,1009.9,False,2.2,168,laps_2023_singapore_R.csv,100.485
VER,1,Red Bull,47.0,0 days 00:01:38.090000,2.0,MEDIUM,7.0,0 days 02:23:42.523000,12,True,29.5,35.0,75.0,1009.9,False,2.2,168,laps_2023_singapore_R.csv,98.09
ALB,23,Williams,47.0,0 days 00:01:38.047000,3.0,MEDIUM,4.0,0 days 02:23:52.600000,21,True,29.5,35.0,75.0,1009.9,False,2.2,168,laps_2023_singapore_R.csv,98.047
PER,11,Red Bull,47.0,0 days 00:01:38.235000,2.0,MEDIUM,8.0,0 days 02:23:53.695000,21,True,29.5,35.0,75.0,1009.9,False,2.2,168,laps_2023_singapore_R.csv,98.235
MAG,20,Haas F1 Team,47.0,0 days 00:01:39.742000,3.0,SOFT,7.0,0 days 02:24:09.679000,1,True,29.5,34.9,75.0,1009.9,False,2.2,181,laps_2023_singapore_R.csv,99.742
BOT,77,Alfa Romeo,47.0,0 days 00:01:38.729000,2.0,MEDIUM,7.0,0 days 02:24:13.720000,1,True,29.5,34.9,75.0,1009.9,False,2.2,181,laps_2023_singapore_R.csv,98.729
SAR,2,Williams,47.0,0 days 00:01:38.589000,3.0,MEDIUM,4.0,0 days 02:24:15.990000,1,True,29.5,34.9,75.0,1009.9,False,2.2,181,laps_2023_singapore_R.csv,98.589
ALO,14,Aston Martin,47.0,0 days 00:01:36.456000,3.0,SOFT,5.0,0 days 02:24:26.324000,1,True,29.5,34.9,75.0,1009.9,False,2.2,181,laps_2023_singapore_R.csv,96.456
SAI,55,Ferrari,48.0,0 days 00:01:38.200000,2.0,HARD,28.0,0 days 02:24:39.289000,1,True,29.5,34.9,75.0,1009.9,False,2.2,181,laps_2023_singapore_R.csv,98.2
NOR,4,McLaren,48.0,0 days 00:01:38.049000,2.0,HARD,28.0,0 days 02:24:41.290000,1,True,29.5,34.9,75.0,1009.9,False,2.2,181,laps_2023_singapore_R.csv,98.049
LEC,16,Ferrari,48.0,0 days 00:01:38.496000,2.0,HARD,28.0,0 days 02:24:44.503000,1,True,29.5,34.9,75.0,1009.9,False,2.2,181,laps_2023_singapore_R.csv,98.496
RUS,63,Mercedes,48.0,0 days 00:01:36.649000,3.0,MEDIUM,4.0,0 days 02:24:53.972000,1,True,29.5,34.9,75.0,1009.9,False,2.2,181,laps_2023_singapore_R.csv,96.649
HAM,44,Mercedes,48.0,0 days 00:01:36.122000,3.0,MEDIUM,4.0,0 days 02:24:58.486000,1,True,29.5,34.9,75.0,1009.9,False,1.6,173,laps_2023_singapore_R.csv,96.122
GAS,10,Alpine,48.0,0 days 00:01:38.548000,2.0,HARD,28.0,0 days 02:25:09.006000,1,True,29.5,34.9,75.0,1009.9,False,1.6,173,laps_2023_singapore_R.csv,98.548
PIA,81,McLaren,48.0,0 days 00:01:38.647000,2.0,HARD,28.0,0 days 02:25:12.491000,1,True,29.5,34.9,75.0,1009.9,False,1.6,173,laps_2023_singapore_R.csv,98.647
LAW,40,AlphaTauri,48.0,0 days 00:01:39.386000,2.0,HARD,28.0,0 days 02:25:15.578000,1,True,29.5,34.9,75.0,1009.9,False,1.6,173,laps_2023_singapore_R.csv,99.386
HUL,27,Haas F1 Team,48.0,0 days 00:01:40.789000,2.0,HARD,28.0,0 days 02:25:19.627000,1,True,29.5,34.9,75.0,1009.9,False,1.6,173,laps_2023_singapore_R.csv,100.789
VER,1,Red Bull,48.0,0 days 00:01:38.333000,2.0,MEDIUM,8.0,0 days 02:25:20.613000,1,True,29.5,34.9,75.0,1009.9,False,1.6,173,laps_2023_singapore_R.csv,98.333
ZHO,24,Alfa Romeo,48.0,0 days 00:01:39.790000,3.0,MEDIUM,28.0,0 days 02:25:22.128000,1,True,29.5,34.9,75.0,1009.9,False,1.6,173,laps_2023_singapore_R.csv,99.79
ALB,23,Williams,48.0,0 days 00:01:37.992000,3.0,MEDIUM,5.0,0 days 02:25:30.647000,1,True,29.5,34.9,75.0,1009.9,False,1.6,173,laps_2023_singapore_R.csv,97.992
PER,11,Red Bull,48.0,0 days 00:01:38.351000,2.0,MEDIUM,9.0,0 days 02:25:31.930000,1,True,29.5,34.9,75.0,1009.9,False,1.6,173,laps_2023_singapore_R.csv,98.351
MAG,20,Haas F1 Team,48.0,0 days 00:01:38.107000,3.0,SOFT,8.0,0 days 02:25:49.421000,1,True,29.5,34.9,75.0,1009.9,False,1.6,173,laps_2023_singapore_R.csv,98.107
BOT,77,Alfa Romeo,48.0,0 days 00:01:38.573000,2.0,MEDIUM,8.0,0 days 02:25:52.449000,1,True,29.5,34.9,75.0,1009.9,False,1.6,173,laps_2023_singapore_R.csv,98.573
SAR,2,Williams,48.0,0 days 00:01:38.711000,3.0,MEDIUM,5.0,0 days 02:25:54.579000,1,True,29.6,34.8,75.0,1009.9,False,1.7,167,laps_2023_singapore_R.csv,98.711
ALO,14,Aston Martin,48.0,0 days 00:01:39.790000,3.0,SOFT,6.0,0 days 02:26:02.780000,1,True,29.6,34.8,75.0,1009.9,False,1.7,167,laps_2023_singapore_R.csv,99.79
SAI,55,Ferrari,49.0,0 days 00:01:38.221000,2.0,HARD,29.0,0 days 02:26:17.489000,1,True,29.6,34.8,75.0,1009.9,False,1.7,167,laps_2023_singapore_R.csv,98.221
NOR,4,McLaren,49.0,0 days 00:01:38.173000,2.0,HARD,29.0,0 days 02:26:19.339000,1,True,29.6,34.8,75.0,1009.9,False,1.7,167,laps_2023_singapore_R.csv,98.173
LEC,16,Ferrari,49.0,0 days 00:01:38.453000,2.0,HARD,29.0,0 days 02:26:22.999000,1,True,29.6,34.8,75.0,1009.9,False,1.7,167,laps_2023_singapore_R.csv,98.453
RUS,63,Mercedes,49.0,0 days 00:01:36.569000,3.0,MEDIUM,5.0,0 days 02:26:30.621000,1,True,29.6,34.8,75.0,1009.9,False,1.7,167,laps_2023_singapore_R.csv,96.569
HAM,44,Mercedes,49.0,0 days 00:01:36.220000,3.0,MEDIUM,5.0,0 days 02:26:34.608000,1,True,29.6,34.8,75.0,1009.9,False,1.7,167,laps_2023_singapore_R.csv,96.22
GAS,10,Alpine,49.0,0 days 00:01:38.634000,2.0,HARD,29.0,0 days 02:26:47.554000,1,True,29.6,34.8,75.0,1009.9,False,1.7,167,laps_2023_singapore_R.csv,98.634
PIA,81,McLaren,49.0,0 days 00:01:39.008000,2.0,HARD,29.0,0 days 02:26:51.138000,1,True,29.6,34.8,75.0,1009.9,False,1.7,167,laps_2023_singapore_R.csv,99.008
LAW,40,AlphaTauri,49.0,0 days 00:01:39.783000,2.0,HARD,29.0,0 days 02:26:54.964000,1,True,29.5,35.0,75.0,1010.0,False,1.8,161,laps_2023_singapore_R.csv,99.783
VER,1,Red Bull,49.0,0 days 00:01:37.085000,2.0,MEDIUM,9.0,0 days 02:26:58.946000,1,True,29.5,35.0,75.0,1010.0,False,1.8,161,laps_2023_singapore_R.csv,97.085
HUL,27,Haas F1 Team,49.0,0 days 00:01:40.650000,2.0,HARD,29.0,0 days 02:27:00.416000,1,True,29.5,35.0,75.0,1010.0,False,1.8,161,laps_2023_singapore_R.csv,100.65
ZHO,24,Alfa Romeo,49.0,0 days 00:01:40.042000,3.0,MEDIUM,29.0,0 days 02:27:01.918000,1,True,29.5,35.0,75.0,1010.0,False,1.8,161,laps_2023_singapore_R.csv,100.042
ALB,23,Williams,49.0,0 days 00:01:38.019000,3.0,MEDIUM,6.0,0 days 02:27:08.639000,1,True,29.5,35.0,75.0,1010.0,False,1.8,161,laps_2023_singapore_R.csv,98.019
PER,11,Red Bull,49.0,0 days 00:01:38.010000,2.0,MEDIUM,10.0,0 days 02:27:10.281000,1,True,29.5,35.0,75.0,1010.0,False,1.8,161,laps_2023_singapore_R.csv,98.01
MAG,20,Haas F1 Team,49.0,0 days 00:01:38.367000,3.0,SOFT,9.0,0 days 02:27:27.528000,1,True,29.5,35.0,75.0,1010.0,False,1.8,161,laps_2023_singapore_R.csv,98.367
BOT,77,Alfa Romeo,49.0,0 days 00:01:38.525000,2.0,MEDIUM,9.0,0 days 02:27:31.022000,1,True,29.5,35.0,75.0,1010.0,False,1.8,161,laps_2023_singapore_R.csv,98.525
SAR,2,Williams,49.0,0 days 00:01:38.690000,3.0,MEDIUM,6.0,0 days 02:27:33.290000,1,True,29.5,35.0,75.0,1010.0,False,1.8,161,laps_2023_singapore_R.csv,98.69
ALO,14,Aston Martin,49.0,0 days 00:01:38.787000,3.0,SOFT,7.0,0 days 02:27:42.570000,1,True,29.5,35.0,75.0,1010.0,False,1.8,161,laps_2023_singapore_R.csv,98.787
SAI,55,Ferrari,50.0,0 days 00:01:38.637000,2.0,HARD,30.0,0 days 02:27:55.710000,1,True,29.6,34.9,75.0,1010.0,False,1.8,134,laps_2023_singapore_R.csv,98.637
NOR,4,McLaren,50.0,0 days 00:01:38.148000,2.0,HARD,30.0,0 days 02:27:57.512000,1,True,29.6,34.9,75.0,1010.0,False,1.8,134,laps_2023_singapore_R.csv,98.148
LEC,16,Ferrari,50.0,0 days 00:01:38.439000,2.0,HARD,30.0,0 days 02:28:01.452000,1,True,29.6,34.9,75.0,1010.0,False,1.8,134,laps_2023_singapore_R.csv,98.439
RUS,63,Mercedes,50.0,0 days 00:01:37.006000,3.0,MEDIUM,6.0,0 days 02:28:07.190000,1,True,29.6,34.9,75.0,1010.0,False,1.8,134,laps_2023_singapore_R.csv,97.006
HAM,44,Mercedes,50.0,0 days 00:01:36.462000,3.0,MEDIUM,6.0,0 days 02:28:10.828000,1,True,29.6,34.9,75.0,1010.0,False,1.8,134,laps_2023_singapore_R.csv,96.462
GAS,10,Alpine,50.0,0 days 00:01:38.688000,2.0,HARD,30.0,0 days 02:28:26.188000,1,True,29.6,34.9,75.0,1010.0,False,1.8,134,laps_2023_singapore_R.csv,98.688
PIA,81,McLaren,50.0,0 days 00:01:38.832000,2.0,HARD,30.0,0 days 02:28:30.146000,1,True,29.6,34.9,75.0,1010.0,False,1.8,134,laps_2023_singapore_R.csv,98.832
LAW,40,AlphaTauri,50.0,0 days 00:01:41.093000,2.0,HARD,30.0,0 days 02:28:34.747000,1,True,29.6,34.9,75.0,1010.0,False,1.8,134,laps_2023_singapore_R.csv,101.093
VER,1,Red Bull,50.0,0 days 00:01:39.006000,2.0,MEDIUM,10.0,0 days 02:28:36.031000,1,True,29.6,34.9,75.0,1010.0,False,1.8,134,laps_2023_singapore_R.csv,99.006
HUL,27,Haas F1 Team,50.0,0 days 00:01:39.923000,2.0,HARD,30.0,0 days 02:28:41.066000,1,True,29.6,34.9,75.0,1010.0,False,1.8,134,laps_2023_singapore_R.csv,99.923
ZHO,24,Alfa Romeo,50.0,0 days 00:01:39.818000,3.0,MEDIUM,30.0,0 days 02:28:41.960000,1,True,29.6,34.9,75.0,1010.0,False,1.8,134,laps_2023_singapore_R.csv,99.818
ALB,23,Williams,50.0,0 days 00:01:38.122000,3.0,MEDIUM,7.0,0 days 02:28:46.658000,1,True,29.6,34.9,75.0,1010.0,False,1.8,134,laps_2023_singapore_R.csv,98.122
PER,11,Red Bull,50.0,0 days 00:01:37.799000,2.0,MEDIUM,11.0,0 days 02:28:48.291000,1,True,29.6,34.9,75.0,1010.0,False,1.8,134,laps_2023_singapore_R.csv,97.799
MAG,20,Haas F1 Team,50.0,0 days 00:01:38.280000,3.0,SOFT,10.0,0 days 02:29:05.895000,1,True,29.6,35.2,75.0,1010.0,False,1.2,178,laps_2023_singapore_R.csv,98.28
BOT,77,Alfa Romeo,50.0,0 days 00:01:38.092000,2.0,MEDIUM,10.0,0 days 02:29:09.547000,1,True,29.6,35.2,75.0,1010.0,False,1.2,178,laps_2023_singapore_R.csv,98.092
SAR,2,Williams,50.0,0 days 00:01:38.657000,3.0,MEDIUM,7.0,0 days 02:29:11.980000,1,True,29.6,35.2,75.0,1010.0,False,1.2,178,laps_2023_singapore_R.csv,98.657
ALO,14,Aston Martin,50.0,0 days 00:01:38.088000,3.0,SOFT,8.0,0 days 02:29:21.357000,1,True,29.6,35.2,75.0,1010.0,False,1.2,178,laps_2023_singapore_R.csv,98.088
SAI,55,Ferrari,51.0,0 days 00:01:38.040000,2.0,HARD,31.0,0 days 02:29:34.347000,1,True,29.6,35.2,75.0,1010.0,False,1.2,178,laps_2023_singapore_R.csv,98.04
NOR,4,McLaren,51.0,0 days 00:01:38.124000,2.0,HARD,31.0,0 days 02:29:35.660000,1,True,29.6,35.2,75.0,1010.0,False,1.2,178,laps_2023_singapore_R.csv,98.124
LEC,16,Ferrari,51.0,0 days 00:01:38.803000,2.0,HARD,31.0,0 days 02:29:39.891000,1,True,29.6,35.2,75.0,1010.0,False,1.2,178,laps_2023_singapore_R.csv,98.803
RUS,63,Mercedes,51.0,0 days 00:01:36.757000,3.0,MEDIUM,7.0,0 days 02:29:44.196000,1,True,29.6,35.2,75.0,1010.0,False,1.2,178,laps_2023_singapore_R.csv,96.757
HAM,44,Mercedes,51.0,0 days 00:01:36.479000,3.0,MEDIUM,7.0,0 days 02:29:47.290000,1,True,29.6,35.2,75.0,1010.0,False,1.2,178,laps_2023_singapore_R.csv,96.479
GAS,10,Alpine,51.0,0 days 00:01:38.525000,2.0,HARD,31.0,0 days 02:30:04.876000,1,True,29.6,35.2,75.0,1010.0,False,1.8,156,laps_2023_singapore_R.csv,98.525
PIA,81,McLaren,51.0,0 days 00:01:38.656000,2.0,HARD,31.0,0 days 02:30:08.978000,1,True,29.6,35.2,75.0,1010.0,False,1.8,156,laps_2023_singapore_R.csv,98.656
VER,1,Red Bull,51.0,0 days 00:01:37.144000,2.0,MEDIUM,11.0,0 days 02:30:15.037000,1,True,29.6,35.2,75.0,1010.0,False,1.8,156,laps_2023_singapore_R.csv,97.144
LAW,40,AlphaTauri,51.0,0 days 00:01:40.801000,2.0,HARD,31.0,0 days 02:30:15.840000,1,True,29.6,35.2,75.0,1010.0,False,1.8,156,laps_2023_singapore_R.csv,100.801
HUL,27,Haas F1 Team,51.0,0 days 00:01:40.729000,2.0,HARD,31.0,0 days 02:30:20.989000,1,True,29.6,35.2,75.0,1010.0,False,1.8,156,laps_2023_singapore_R.csv,100.729
ZHO,24,Alfa Romeo,51.0,0 days 00:01:40.482000,3.0,MEDIUM,31.0,0 days 02:30:21.778000,1,True,29.6,35.2,75.0,1010.0,False,1.8,156,laps_2023_singapore_R.csv,100.482
ALB,23,Williams,51.0,0 days 00:01:38.213000,3.0,MEDIUM,8.0,0 days 02:30:24.780000,1,True,29.6,35.2,75.0,1010.0,False,1.8,156,laps_2023_singapore_R.csv,98.213
PER,11,Red Bull,51.0,0 days 00:01:38.116000,2.0,MEDIUM,12.0,0 days 02:30:26.090000,1,True,29.6,35.2,75.0,1010.0,False,1.8,156,laps_2023_singapore_R.csv,98.116
MAG,20,Haas F1 Team,51.0,0 days 00:01:38.215000,3.0,SOFT,11.0,0 days 02:30:44.175000,1,True,29.6,35.2,75.0,1010.0,False,1.8,156,laps_2023_singapore_R.csv,98.215
BOT,77,Alfa Romeo,51.0,0 days 00:01:38.075000,2.0,MEDIUM,11.0,0 days 02:30:47.639000,1,True,29.6,35.2,75.0,1010.0,False,1.8,156,laps_2023_singapore_R.csv,98.075
SAR,2,Williams,51.0,0 days 00:01:38.620000,3.0,MEDIUM,8.0,0 days 02:30:50.637000,1,True,29.6,35.2,75.0,1010.0,False,1.8,156,laps_2023_singapore_R.csv,98.62
ALO,14,Aston Martin,51.0,0 days 00:01:38.463000,3.0,SOFT,9.0,0 days 02:30:59.445000,1,True,29.6,35.6,75.0,1010.0,False,1.7,178,laps_2023_singapore_R.csv,98.463
SAI,55,Ferrari,52.0,0 days 00:01:38.218000,2.0,HARD,32.0,0 days 02:31:12.387000,1,True,29.6,35.6,75.0,1010.0,False,1.7,178,laps_2023_singapore_R.csv,98.218
NOR,4,McLaren,52.0,0 days 00:01:38.250000,2.0,HARD,32.0,0 days 02:31:13.784000,1,True,29.6,35.6,75.0,1010.0,False,1.7,178,laps_2023_singapore_R.csv,98.25
LEC,16,Ferrari,52.0,0 days 00:01:38.848000,2.0,HARD,32.0,0 days 02:31:18.694000,1,True,29.6,35.6,75.0,1010.0,False,1.7,178,laps_2023_singapore_R.csv,98.848
RUS,63,Mercedes,52.0,0 days 00:01:37.414000,3.0,MEDIUM,8.0,0 days 02:31:20.953000,1,True,29.6,35.6,75.0,1010.0,False,1.7,178,laps_2023_singapore_R.csv,97.414
HAM,44,Mercedes,52.0,0 days 00:01:36.555000,3.0,MEDIUM,8.0,0 days 02:31:23.769000,1,True,29.6,35.6,75.0,1010.0,False,1.7,178,laps_2023_singapore_R.csv,96.555
GAS,10,Alpine,52.0,0 days 00:01:38.755000,2.0,HARD,32.0,0 days 02:31:43.401000,1,True,29.6,35.6,75.0,1010.0,False,1.7,178,laps_2023_singapore_R.csv,98.755
PIA,81,McLaren,52.0,0 days 00:01:38.793000,2.0,HARD,32.0,0 days 02:31:47.634000,1,True,29.6,35.6,75.0,1010.0,False,1.7,178,laps_2023_singapore_R.csv,98.793
VER,1,Red Bull,52.0,0 days 00:01:36.835000,2.0,MEDIUM,12.0,0 days 02:31:52.181000,1,True,29.6,35.6,75.0,1010.0,False,1.7,178,laps_2023_singapore_R.csv,96.835
LAW,40,AlphaTauri,52.0,0 days 00:01:39.950000,2.0,HARD,32.0,0 days 02:31:56.641000,1,True,29.7,35.3,75.0,1010.0,False,1.7,180,laps_2023_singapore_R.csv,99.95
HUL,27,Haas F1 Team,52.0,0 days 00:01:40.946000,2.0,HARD,32.0,0 days 02:32:01.718000,12,True,29.7,35.3,75.0,1010.0,False,1.7,180,laps_2023_singapore_R.csv,100.946
ZHO,24,Alfa Romeo,52.0,0 days 00:01:43.708000,3.0,MEDIUM,32.0,0 days 02:32:02.260000,12,True,29.7,35.3,75.0,1010.0,False,1.7,180,laps_2023_singapore_R.csv,103.708
ALB,23,Williams,52.0,0 days 00:01:40.048000,3.0,MEDIUM,9.0,0 days 02:32:02.993000,12,True,29.7,35.3,75.0,1010.0,False,1.7,180,laps_2023_singapore_R.csv,100.048
PER,11,Red Bull,52.0,0 days 00:01:39.858000,2.0,MEDIUM,13.0,0 days 02:32:04.206000,12,True,29.7,35.3,75.0,1010.0,False,1.7,180,laps_2023_singapore_R.csv,99.858
MAG,20,Haas F1 Team,52.0,0 days 00:01:38.407000,3.0,SOFT,12.0,0 days 02:32:22.390000,12,True,29.7,35.3,75.0,1010.0,False,1.7,180,laps_2023_singapore_R.csv,98.407
SAR,2,Williams,52.0,0 days 00:01:38.812000,3.0,MEDIUM,9.0,0 days 02:32:29.257000,12,True,29.7,35.3,75.0,1010.0,False,1.7,180,laps_2023_singapore_R.csv,98.812
ALO,14,Aston Martin,52.0,0 days 00:01:37.943000,3.0,SOFT,10.0,0 days 02:32:37.908000,12,True,29.7,35.3,75.0,1010.0,False,1.7,180,laps_2023_singapore_R.csv,97.943
SAI,55,Ferrari,53.0,0 days 00:01:38.327000,2.0,HARD,33.0,0 days 02:32:50.605000,12,True,29.7,35.3,75.0,1010.0,False,1.7,180,laps_2023_singapore_R.csv,98.327
NOR,4,McLaren,53.0,0 days 00:01:38.392000,2.0,HARD,33.0,0 days 02:32:52.034000,12,True,29.7,35.3,75.0,1010.0,False,1.7,180,laps_2023_singapore_R.csv,98.392
LEC,16,Ferrari,53.0,0 days 00:01:40.213000,2.0,HARD,33.0,0 days 02:32:57.542000,12,True,29.6,34.9,75.0,1010.0,False,2.2,164,laps_2023_singapore_R.csv,100.213
RUS,63,Mercedes,53.0,0 days 00:01:38.567000,3.0,MEDIUM,9.0,0 days 02:32:58.367000,12,True,29.6,34.9,75.0,1010.0,False,2.2,164,laps_2023_singapore_R.csv,98.567
HAM,44,Mercedes,53.0,0 days 00:01:37.698000,3.0,MEDIUM,9.0,0 days 02:33:00.324000,12,True,29.6,34.9,75.0,1010.0,False,2.2,164,laps_2023_singapore_R.csv,97.698
GAS,10,Alpine,53.0,0 days 00:01:38.718000,2.0,HARD,33.0,0 days 02:33:22.156000,12,True,29.6,34.9,75.0,1010.0,False,2.2,164,laps_2023_singapore_R.csv,98.718
PIA,81,McLaren,53.0,0 days 00:01:38.773000,2.0,HARD,33.0,0 days 02:33:26.427000,12,True,29.6,34.9,75.0,1010.0,False,2.2,164,laps_2023_singapore_R.csv,98.773
VER,1,Red Bull,53.0,0 days 00:01:37.132000,2.0,MEDIUM,13.0,0 days 02:33:29.016000,12,True,29.6,34.9,75.0,1010.0,False,2.2,164,laps_2023_singapore_R.csv,97.132
LAW,40,AlphaTauri,53.0,0 days 00:01:39.996000,2.0,HARD,33.0,0 days 02:33:36.591000,12,True,29.6,34.9,75.0,1010.0,False,2.2,164,laps_2023_singapore_R.csv,99.996
HUL,27,Haas F1 Team,53.0,0 days 00:01:43.808000,2.0,HARD,33.0,0 days 02:33:42.664000,21,True,29.6,34.9,75.0,1010.0,False,2.2,164,laps_2023_singapore_R.csv,103.808
ALB,23,Williams,53.0,0 days 00:01:39.613000,3.0,MEDIUM,10.0,0 days 02:33:43.041000,21,True,29.6,34.9,75.0,1010.0,False,2.2,164,laps_2023_singapore_R.csv,99.613
PER,11,Red Bull,53.0,0 days 00:01:39.320000,2.0,MEDIUM,14.0,0 days 02:33:44.064000,21,True,29.6,34.9,75.0,1010.0,False,2.2,164,laps_2023_singapore_R.csv,99.32
ZHO,24,Alfa Romeo,53.0,0 days 00:01:41.753000,3.0,MEDIUM,33.0,0 days 02:33:45.968000,1,True,29.6,34.9,75.0,1010.0,False,2.2,164,laps_2023_singapore_R.csv,101.753
MAG,20,Haas F1 Team,53.0,0 days 00:01:38.693000,3.0,SOFT,13.0,0 days 02:34:00.797000,1,True,29.6,34.8,75.0,1010.0,False,2.0,162,laps_2023_singapore_R.csv,98.693
SAR,2,Williams,53.0,0 days 00:01:38.983000,3.0,MEDIUM,10.0,0 days 02:34:08.069000,1,True,29.6,34.8,75.0,1010.0,False,2.0,162,laps_2023_singapore_R.csv,98.983
ALO,14,Aston Martin,53.0,0 days 00:01:38.559000,3.0,SOFT,11.0,0 days 02:34:15.851000,1,True,29.6,34.8,75.0,1010.0,False,2.0,162,laps_2023_singapore_R.csv,98.559
SAI,55,Ferrari,54.0,0 days 00:01:38.707000,2.0,HARD,34.0,0 days 02:34:28.932000,1,True,29.6,34.8,75.0,1010.0,False,2.0,162,laps_2023_singapore_R.csv,98.707
NOR,4,McLaren,54.0,0 days 00:01:38.423000,2.0,HARD,34.0,0 days 02:34:30.426000,1,True,29.6,34.8,75.0,1010.0,False,2.0,162,laps_2023_singapore_R.csv,98.423
RUS,63,Mercedes,54.0,0 days 00:01:37.396000,3.0,MEDIUM,10.0,0 days 02:34:36.934000,1,True,29.6,34.8,75.0,1010.0,False,2.0,162,laps_2023_singapore_R.csv,97.396
LEC,16,Ferrari,54.0,0 days 00:01:41.831000,2.0,HARD,34.0,0 days 02:34:37.755000,1,True,29.6,34.8,75.0,1010.0,False,2.0,162,laps_2023_singapore_R.csv,101.831
HAM,44,Mercedes,54.0,0 days 00:01:37.924000,3.0,MEDIUM,10.0,0 days 02:34:38.022000,1,True,29.6,34.8,75.0,1010.0,False,2.0,162,laps_2023_singapore_R.csv,97.924
GAS,10,Alpine,54.0,0 days 00:01:38.844000,2.0,HARD,34.0,0 days 02:35:00.874000,1,True,29.6,34.6,75.0,1010.0,False,1.5,172,laps_2023_singapore_R.csv,98.844
PIA,81,McLaren,54.0,0 days 00:01:40.546000,2.0,HARD,34.0,0 days 02:35:05.200000,1,True,29.6,34.6,75.0,1010.0,False,1.5,172,laps_2023_singapore_R.csv,100.546
VER,1,Red Bull,54.0,0 days 00:01:38.196000,2.0,MEDIUM,14.0,0 days 02:35:06.148000,1,True,29.6,34.6,75.0,1010.0,False,1.5,172,laps_2023_singapore_R.csv,98.196
LAW,40,AlphaTauri,54.0,0 days 00:01:39.884000,2.0,HARD,34.0,0 days 02:35:16.587000,1,True,29.6,34.6,75.0,1010.0,False,1.5,172,laps_2023_singapore_R.csv,99.884
ALB,23,Williams,54.0,0 days 00:01:38.226000,3.0,MEDIUM,11.0,0 days 02:35:22.654000,1,True,29.6,34.6,75.0,1010.0,False,1.5,172,laps_2023_singapore_R.csv,98.226
PER,11,Red Bull,54.0,0 days 00:01:38.386000,2.0,MEDIUM,15.0,0 days 02:35:23.384000,1,True,29.6,34.6,75.0,1010.0,False,1.5,172,laps_2023_singapore_R.csv,98.386
HUL,27,Haas F1 Team,54.0,0 days 00:01:41.918000,2.0,HARD,34.0,0 days 02:35:26.472000,1,True,29.6,34.6,75.0,1010.0,False,1.5,172,laps_2023_singapore_R.csv,101.918
ZHO,24,Alfa Romeo,54.0,0 days 00:01:41.708000,3.0,MEDIUM,34.0,0 days 02:35:27.721000,1,True,29.6,34.6,75.0,1010.0,False,1.5,172,laps_2023_singapore_R.csv,101.708
MAG,20,Haas F1 Team,54.0,0 days 00:01:38.495000,3.0,SOFT,14.0,0 days 02:35:39.490000,1,True,29.6,34.6,75.0,1010.0,False,1.5,172,laps_2023_singapore_R.csv,98.495
SAR,2,Williams,54.0,0 days 00:01:38.933000,3.0,MEDIUM,11.0,0 days 02:35:47.052000,1,True,29.6,34.6,75.0,1010.0,False,1.5,172,laps_2023_singapore_R.csv,98.933
ALO,14,Aston Martin,54.0,0 days 00:01:38.179000,3.0,SOFT,12.0,0 days 02:35:54.410000,1,True,29.6,34.6,76.0,1009.9,False,1.3,174,laps_2023_singapore_R.csv,98.179
SAI,55,Ferrari,55.0,0 days 00:01:38.541000,2.0,HARD,35.0,0 days 02:36:07.639000,1,True,29.6,34.6,76.0,1009.9,False,1.3,174,laps_2023_singapore_R.csv,98.541
NOR,4,McLaren,55.0,0 days 00:01:38.492000,2.0,HARD,35.0,0 days 02:36:08.849000,1,True,29.6,34.6,76.0,1009.9,False,1.3,174,laps_2023_singapore_R.csv,98.492
RUS,63,Mercedes,55.0,0 days 00:01:36.937000,3.0,MEDIUM,11.0,0 days 02:36:14.330000,1,True,29.6,34.6,76.0,1009.9,False,1.3,174,laps_2023_singapore_R.csv,96.937
HAM,44,Mercedes,55.0,0 days 00:01:37.221000,3.0,MEDIUM,11.0,0 days 02:36:15.946000,1,True,29.6,34.6,76.0,1009.9,False,1.3,174,laps_2023_singapore_R.csv,97.221
LEC,16,Ferrari,55.0,0 days 00:01:40.617000,2.0,HARD,35.0,0 days 02:36:19.586000,1,True,29.6,34.6,76.0,1009.9,False,1.3,174,laps_2023_singapore_R.csv,100.617
GAS,10,Alpine,55.0,0 days 00:01:39.373000,2.0,HARD,35.0,0 days 02:36:39.718000,1,True,29.6,34.6,76.0,1009.9,False,1.3,174,laps_2023_singapore_R.csv,99.373
VER,1,Red Bull,55.0,0 days 00:01:36.899000,2.0,MEDIUM,15.0,0 days 02:36:44.344000,1,True,29.6,34.6,76.0,1009.9,False,1.3,174,laps_2023_singapore_R.csv,96.899
PIA,81,McLaren,55.0,0 days 00:01:40.108000,2.0,HARD,35.0,0 days 02:36:45.746000,1,True,29.6,34.6,76.0,1009.9,False,1.3,174,laps_2023_singapore_R.csv,100.108
LAW,40,AlphaTauri,55.0,0 days 00:01:39.803000,2.0,HARD,35.0,0 days 02:36:56.471000,1,True,29.5,34.8,76.0,1010.0,False,1.8,157,laps_2023_singapore_R.csv,99.803
ALB,23,Williams,55.0,0 days 00:01:37.656000,3.0,MEDIUM,12.0,0 days 02:37:00.880000,1,True,29.5,34.8,76.0,1010.0,False,1.8,157,laps_2023_singapore_R.csv,97.656
PER,11,Red Bull,55.0,0 days 00:01:37.746000,2.0,MEDIUM,16.0,0 days 02:37:01.770000,1,True,29.5,34.8,76.0,1010.0,False,1.8,157,laps_2023_singapore_R.csv,97.746
HUL,27,Haas F1 Team,55.0,0 days 00:01:41.160000,2.0,HARD,35.0,0 days 02:37:08.390000,1,True,29.5,34.8,76.0,1010.0,False,1.8,157,laps_2023_singapore_R.csv,101.16
ZHO,24,Alfa Romeo,55.0,0 days 00:01:40.798000,3.0,MEDIUM,35.0,0 days 02:37:09.429000,1,True,29.5,34.8,76.0,1010.0,False,1.8,157,laps_2023_singapore_R.csv,100.798
MAG,20,Haas F1 Team,55.0,0 days 00:01:38.290000,3.0,SOFT,15.0,0 days 02:37:17.985000,1,True,29.5,34.8,76.0,1010.0,False,1.8,157,laps_2023_singapore_R.csv,98.29
SAR,2,Williams,55.0,0 days 00:01:38.858000,3.0,MEDIUM,12.0,0 days 02:37:25.985000,1,True,29.5,34.8,76.0,1010.0,False,1.8,157,laps_2023_singapore_R.csv,98.858
ALO,14,Aston Martin,55.0,0 days 00:01:38.012000,3.0,SOFT,13.0,0 days 02:37:32.589000,1,True,29.5,34.8,76.0,1010.0,False,1.8,157,laps_2023_singapore_R.csv,98.012
SAI,55,Ferrari,56.0,0 days 00:01:38.520000,2.0,HARD,36.0,0 days 02:37:46.180000,1,True,29.5,34.8,76.0,1010.0,False,1.8,157,laps_2023_singapore_R.csv,98.52
NOR,4,McLaren,56.0,0 days 00:01:38.473000,2.0,HARD,36.0,0 days 02:37:47.341000,1,True,29.5,34.8,76.0,1010.0,False,1.8,157,laps_2023_singapore_R.csv,98.473
RUS,63,Mercedes,56.0,0 days 00:01:37.029000,3.0,MEDIUM,12.0,0 days 02:37:51.267000,1,True,29.5,34.8,76.0,1010.0,False,1.8,157,laps_2023_singapore_R.csv,97.029
HAM,44,Mercedes,56.0,0 days 00:01:36.411000,3.0,MEDIUM,12.0,0 days 02:37:53.167000,1,True,29.5,34.8,76.0,1010.0,False,1.8,157,laps_2023_singapore_R.csv,96.411
LEC,16,Ferrari,56.0,0 days 00:01:40.298000,2.0,HARD,36.0,0 days 02:38:00.203000,1,True,29.5,34.8,76.0,1010.0,False,1.8,167,laps_2023_singapore_R.csv,100.298
GAS,10,Alpine,56.0,0 days 00:01:39.292000,2.0,HARD,36.0,0 days 02:38:19.091000,1,True,29.5,34.8,76.0,1010.0,False,1.8,167,laps_2023_singapore_R.csv,99.292
VER,1,Red Bull,56.0,0 days 00:01:37.519000,2.0,MEDIUM,16.0,0 days 02:38:21.243000,1,True,29.5,34.8,76.0,1010.0,False,1.8,167,laps_2023_singapore_R.csv,97.519
PIA,81,McLaren,56.0,0 days 00:01:39.141000,2.0,HARD,36.0,0 days 02:38:25.854000,1,True,29.5,34.8,76.0,1010.0,False,1.8,167,laps_2023_singapore_R.csv,99.141
LAW,40,AlphaTauri,56.0,0 days 00:01:39.962000,2.0,HARD,36.0,0 days 02:38:36.274000,1,True,29.5,34.8,76.0,1010.0,False,1.8,167,laps_2023_singapore_R.csv,99.962
ALB,23,Williams,56.0,0 days 00:01:38.387000,3.0,MEDIUM,13.0,0 days 02:38:38.536000,1,True,29.5,34.8,76.0,1010.0,False,1.8,167,laps_2023_singapore_R.csv,98.387
PER,11,Red Bull,56.0,0 days 00:01:38.016000,2.0,MEDIUM,17.0,0 days 02:38:39.516000,1,True,29.5,34.8,76.0,1010.0,False,1.8,167,laps_2023_singapore_R.csv,98.016
HUL,27,Haas F1 Team,56.0,0 days 00:01:41.285000,2.0,HARD,36.0,0 days 02:38:49.550000,1,True,29.5,34.8,76.0,1010.0,False,1.8,167,laps_2023_singapore_R.csv,101.285
ZHO,24,Alfa Romeo,56.0,0 days 00:01:41.215000,3.0,MEDIUM,36.0,0 days 02:38:50.227000,1,True,29.5,34.8,76.0,1010.0,False,1.8,167,laps_2023_singapore_R.csv,101.215
MAG,20,Haas F1 Team,56.0,0 days 00:01:38.567000,3.0,SOFT,16.0,0 days 02:38:56.275000,1,True,29.5,34.8,76.0,1010.0,False,1.7,177,laps_2023_singapore_R.csv,98.567
SAR,2,Williams,56.0,0 days 00:01:38.881000,3.0,MEDIUM,13.0,0 days 02:39:04.843000,1,True,29.5,34.8,76.0,1010.0,False,1.7,177,laps_2023_singapore_R.csv,98.881
ALO,14,Aston Martin,56.0,0 days 00:01:38.436000,3.0,SOFT,14.0,0 days 02:39:10.601000,1,True,29.5,34.8,76.0,1010.0,False,1.7,177,laps_2023_singapore_R.csv,98.436
SAI,55,Ferrari,57.0,0 days 00:01:38.909000,2.0,HARD,37.0,0 days 02:39:24.700000,1,True,29.5,34.8,76.0,1010.0,False,1.7,177,laps_2023_singapore_R.csv,98.909
NOR,4,McLaren,57.0,0 days 00:01:38.617000,2.0,HARD,37.0,0 days 02:39:25.814000,1,True,29.5,34.8,76.0,1010.0,False,1.7,177,laps_2023_singapore_R.csv,98.617
RUS,63,Mercedes,57.0,0 days 00:01:37.246000,3.0,MEDIUM,13.0,0 days 02:39:28.296000,1,True,29.5,34.8,76.0,1010.0,False,1.7,177,laps_2023_singapore_R.csv,97.246
HAM,44,Mercedes,57.0,0 days 00:01:37.111000,3.0,MEDIUM,13.0,0 days 02:39:29.578000,1,True,29.5,34.8,76.0,1010.0,False,1.7,177,laps_2023_singapore_R.csv,97.111
LEC,16,Ferrari,57.0,0 days 00:01:40.043000,2.0,HARD,37.0,0 days 02:39:40.501000,1,True,29.5,34.8,76.0,1010.0,False,1.7,177,laps_2023_singapore_R.csv,100.043
GAS,10,Alpine,57.0,0 days 00:01:40.874000,2.0,HARD,37.0,0 days 02:39:58.383000,1,True,29.6,34.8,76.0,1010.0,False,2.0,179,laps_2023_singapore_R.csv,100.874
VER,1,Red Bull,57.0,0 days 00:01:39.299000,2.0,MEDIUM,17.0,0 days 02:39:58.762000,1,True,29.6,34.8,76.0,1010.0,False,2.0,179,laps_2023_singapore_R.csv,99.299
PIA,81,McLaren,57.0,0 days 00:01:39.140000,2.0,HARD,37.0,0 days 02:40:04.995000,1,True,29.6,34.8,76.0,1010.0,False,2.0,179,laps_2023_singapore_R.csv,99.14
LAW,40,AlphaTauri,57.0,0 days 00:01:41.698000,2.0,HARD,37.0,0 days 02:40:16.236000,1,True,29.6,34.8,76.0,1010.0,False,2.0,179,laps_2023_singapore_R.csv,101.698
ALB,23,Williams,57.0,0 days 00:01:41.555000,3.0,MEDIUM,14.0,0 days 02:40:16.923000,1,True,29.6,34.8,76.0,1010.0,False,2.0,179,laps_2023_singapore_R.csv,101.555
PER,11,Red Bull,57.0,0 days 00:01:41.365000,2.0,MEDIUM,18.0,0 days 02:40:17.532000,1,True,29.6,34.8,76.0,1010.0,False,2.0,179,laps_2023_singapore_R.csv,101.365
HUL,27,Haas F1 Team,57.0,0 days 00:01:41.410000,2.0,HARD,37.0,0 days 02:40:30.835000,1,True,29.6,34.8,76.0,1010.0,False,2.0,179,laps_2023_singapore_R.csv,101.41
ZHO,24,Alfa Romeo,57.0,0 days 00:01:41.419000,3.0,MEDIUM,37.0,0 days 02:40:31.442000,1,True,29.6,34.8,76.0,1010.0,False,2.0,179,laps_2023_singapore_R.csv,101.419
MAG,20,Haas F1 Team,57.0,0 days 00:01:38.954000,3.0,SOFT,17.0,0 days 02:40:34.842000,1,True,29.6,34.8,76.0,1010.0,False,2.0,179,laps_2023_singapore_R.csv,98.954
SAR,2,Williams,57.0,0 days 00:01:39.171000,3.0,MEDIUM,14.0,0 days 02:40:43.724000,1,True,29.6,34.8,76.0,1010.0,False,2.0,179,laps_2023_singapore_R.csv,99.171
ALO,14,Aston Martin,57.0,0 days 00:01:38.303000,3.0,SOFT,15.0,0 days 02:40:49.037000,1,True,29.6,34.8,76.0,1010.0,False,2.0,179,laps_2023_singapore_R.csv,98.303
SAI,55,Ferrari,58.0,0 days 00:01:39.337000,2.0,HARD,38.0,0 days 02:41:03.609000,1,True,29.6,34.8,76.0,1010.0,False,1.7,173,laps_2023_singapore_R.csv,99.337
NOR,4,McLaren,58.0,0 days 00:01:39.160000,2.0,HARD,38.0,0 days 02:41:04.431000,1,True,29.6,34.8,76.0,1010.0,False,1.7,173,laps_2023_singapore_R.csv,99.16
RUS,63,Mercedes,58.0,0 days 00:01:38.686000,3.0,MEDIUM,14.0,0 days 02:41:05.542000,1,True,29.6,34.8,76.0,1010.0,False,1.7,173,laps_2023_singapore_R.csv,98.686
HAM,44,Mercedes,58.0,0 days 00:01:37.982000,3.0,MEDIUM,14.0,0 days 02:41:06.689000,1,True,29.6,34.8,76.0,1010.0,False,1.7,173,laps_2023_singapore_R.csv,97.982
LEC,16,Ferrari,58.0,0 days 00:01:40.222000,2.0,HARD,38.0,0 days 02:41:20.544000,1,True,29.6,34.8,76.0,1010.0,False,1.7,173,laps_2023_singapore_R.csv,100.222
VER,1,Red Bull,58.0,0 days 00:01:36.912000,2.0,MEDIUM,18.0,0 days 02:41:38.061000,12,True,29.6,34.8,76.0,1010.0,False,1.7,173,laps_2023_singapore_R.csv,96.912
GAS,10,Alpine,58.0,0 days 00:01:39.658000,2.0,HARD,38.0,0 days 02:41:39.257000,12,True,29.6,34.8,76.0,1010.0,False,1.7,173,laps_2023_singapore_R.csv,99.658
PIA,81,McLaren,58.0,0 days 00:01:39.516000,2.0,HARD,38.0,0 days 02:41:44.135000,12,True,29.6,34.8,76.0,1010.0,False,1.7,173,laps_2023_singapore_R.csv,99.516
LAW,40,AlphaTauri,58.0,0 days 00:01:41.423000,2.0,HARD,38.0,0 days 02:41:57.934000,12,True,29.5,34.9,76.0,1010.2,False,2.0,160,laps_2023_singapore_R.csv,101.423
ALB,23,Williams,58.0,0 days 00:01:57.964000,3.0,MEDIUM,15.0,0 days 02:41:58.478000,12,True,29.5,34.9,76.0,1010.2,False,2.0,160,laps_2023_singapore_R.csv,117.964
PER,11,Red Bull,58.0,0 days 00:01:40.912000,2.0,MEDIUM,19.0,0 days 02:41:58.897000,12,True,29.5,34.9,76.0,1010.2,False,2.0,160,laps_2023_singapore_R.csv,100.912
HUL,27,Haas F1 Team,58.0,0 days 00:01:42.177000,2.0,HARD,38.0,0 days 02:42:12.245000,12,True,29.5,34.9,76.0,1010.2,False,2.0,160,laps_2023_singapore_R.csv,102.177
ZHO,24,Alfa Romeo,58.0,0 days 00:01:42.795000,3.0,MEDIUM,38.0,0 days 02:42:12.861000,12,True,29.5,34.9,76.0,1010.2,False,2.0,160,laps_2023_singapore_R.csv,102.795
MAG,20,Haas F1 Team,58.0,0 days 00:01:42.141000,3.0,SOFT,18.0,0 days 02:42:13.796000,12,True,29.5,34.9,76.0,1010.2,False,2.0,160,laps_2023_singapore_R.csv,102.141
SAR,2,Williams,58.0,0 days 00:01:40.767000,3.0,MEDIUM,15.0,0 days 02:42:22.895000,12,True,29.5,34.9,76.0,1010.2,False,2.0,160,laps_2023_singapore_R.csv,100.767
ALO,14,Aston Martin,58.0,0 days 00:01:38.941000,3.0,SOFT,16.0,0 days 02:42:27.340000,12,True,29.5,34.9,76.0,1010.2,False,2.0,160,laps_2023_singapore_R.csv,98.941
SAI,55,Ferrari,59.0,0 days 00:01:39.575000,2.0,HARD,39.0,0 days 02:42:42.946000,12,True,29.5,34.9,76.0,1010.2,False,2.0,160,laps_2023_singapore_R.csv,99.575
NOR,4,McLaren,59.0,0 days 00:01:40.416000,2.0,HARD,39.0,0 days 02:42:43.591000,12,True,29.5,34.9,76.0,1010.2,False,2.0,160,laps_2023_singapore_R.csv,100.416
RUS,63,Mercedes,59.0,0 days 00:01:40.239000,3.0,MEDIUM,15.0,0 days 02:42:44.228000,12,True,29.5,34.9,76.0,1010.2,False,2.0,160,laps_2023_singapore_R.csv,100.239
HAM,44,Mercedes,59.0,0 days 00:01:40.167000,3.0,MEDIUM,15.0,0 days 02:42:44.671000,12,True,29.5,34.9,76.0,1010.2,False,2.0,160,laps_2023_singapore_R.csv,100.167
LEC,16,Ferrari,59.0,0 days 00:01:40.545000,2.0,HARD,39.0,0 days 02:43:00.766000,12,True,29.5,35.0,76.0,1010.2,False,2.0,173,laps_2023_singapore_R.csv,100.545
VER,1,Red Bull,59.0,0 days 00:01:36.748000,2.0,MEDIUM,19.0,0 days 02:43:14.973000,21,True,29.5,35.0,76.0,1010.2,False,2.0,173,laps_2023_singapore_R.csv,96.748
GAS,10,Alpine,59.0,0 days 00:01:39.709000,2.0,HARD,39.0,0 days 02:43:18.915000,21,True,29.5,35.0,76.0,1010.2,False,2.0,173,laps_2023_singapore_R.csv,99.709
PIA,81,McLaren,59.0,0 days 00:01:39.428000,2.0,HARD,39.0,0 days 02:43:23.651000,21,True,29.5,35.0,76.0,1010.2,False,2.0,173,laps_2023_singapore_R.csv,99.428
LAW,40,AlphaTauri,59.0,0 days 00:01:41.910000,2.0,HARD,39.0,0 days 02:43:39.357000,1,True,29.5,35.0,76.0,1010.2,False,2.0,173,laps_2023_singapore_R.csv,101.91
PER,11,Red Bull,59.0,0 days 00:01:42.042000,2.0,MEDIUM,20.0,0 days 02:43:39.809000,1,True,29.5,35.0,76.0,1010.2,False,2.0,173,laps_2023_singapore_R.csv,102.042
HUL,27,Haas F1 Team,59.0,0 days 00:01:41.538000,2.0,HARD,39.0,0 days 02:43:54.422000,1,True,29.5,35.2,76.0,1010.0,False,1.5,173,laps_2023_singapore_R.csv,101.538
ZHO,24,Alfa Romeo,59.0,0 days 00:01:43.773000,3.0,MEDIUM,39.0,0 days 02:43:55.656000,1,True,29.5,35.2,76.0,1010.0,False,1.5,173,laps_2023_singapore_R.csv,103.773
MAG,20,Haas F1 Team,59.0,0 days 00:01:40.398000,3.0,SOFT,19.0,0 days 02:43:55.937000,1,True,29.5,35.2,76.0,1010.0,False,1.5,173,laps_2023_singapore_R.csv,100.398
ALB,23,Williams,59.0,0 days 00:01:40.685000,3.0,MEDIUM,16.0,0 days 02:43:56.442000,1,True,29.5,35.2,76.0,1010.0,False,1.5,173,laps_2023_singapore_R.csv,100.685
SAR,2,Williams,59.0,0 days 00:01:39.374000,3.0,MEDIUM,16.0,0 days 02:44:03.662000,1,True,29.5,35.2,76.0,1010.0,False,1.5,173,laps_2023_singapore_R.csv,99.374
ALO,14,Aston Martin,59.0,0 days 00:01:38.518000,3.0,SOFT,17.0,0 days 02:44:06.281000,1,True,29.5,35.2,76.0,1010.0,False,1.5,173,laps_2023_singapore_R.csv,98.518
SAI,55,Ferrari,60.0,0 days 00:01:40.042000,2.0,HARD,40.0,0 days 02:44:22.521000,1,True,29.5,35.2,76.0,1010.0,False,1.5,173,laps_2023_singapore_R.csv,100.042
NOR,4,McLaren,60.0,0 days 00:01:39.396000,2.0,HARD,40.0,0 days 02:44:24.007000,1,True,29.5,35.2,76.0,1010.0,False,1.5,173,laps_2023_singapore_R.csv,99.396
RUS,63,Mercedes,60.0,0 days 00:01:39.510000,3.0,MEDIUM,16.0,0 days 02:44:24.467000,1,True,29.5,35.2,76.0,1010.0,False,1.5,173,laps_2023_singapore_R.csv,99.51
HAM,44,Mercedes,60.0,0 days 00:01:39.772000,3.0,MEDIUM,16.0,0 days 02:44:24.838000,1,True,29.5,35.2,76.0,1010.0,False,1.5,173,laps_2023_singapore_R.csv,99.772
LEC,16,Ferrari,60.0,0 days 00:01:40.105000,2.0,HARD,40.0,0 days 02:44:41.311000,1,True,29.5,35.2,76.0,1010.0,False,1.5,173,laps_2023_singapore_R.csv,100.105
VER,1,Red Bull,60.0,0 days 00:01:36.758000,2.0,MEDIUM,20.0,0 days 02:44:51.721000,1,True,29.5,35.2,76.0,1010.0,False,1.5,173,laps_2023_singapore_R.csv,96.758
GAS,10,Alpine,60.0,0 days 00:01:39.620000,2.0,HARD,40.0,0 days 02:44:58.624000,1,True,29.5,35.1,76.0,1010.2,False,1.8,191,laps_2023_singapore_R.csv,99.62
PIA,81,McLaren,60.0,0 days 00:01:39.189000,2.0,HARD,40.0,0 days 02:45:03.079000,1,True,29.5,35.1,76.0,1010.2,False,1.8,191,laps_2023_singapore_R.csv,99.189
LAW,40,AlphaTauri,60.0,0 days 00:01:43.089000,2.0,HARD,40.0,0 days 02:45:21.267000,1,True,29.5,35.1,76.0,1010.2,False,1.8,191,laps_2023_singapore_R.csv,103.089
PER,11,Red Bull,60.0,0 days 00:01:39.147000,2.0,MEDIUM,21.0,0 days 02:45:21.851000,1,True,29.5,35.1,76.0,1010.2,False,1.8,191,laps_2023_singapore_R.csv,99.147
HUL,27,Haas F1 Team,60.0,0 days 00:01:44.766000,2.0,HARD,40.0,0 days 02:45:35.960000,1,True,29.5,35.1,76.0,1010.2,False,1.8,191,laps_2023_singapore_R.csv,104.766
MAG,20,Haas F1 Team,60.0,0 days 00:01:39.695000,3.0,SOFT,20.0,0 days 02:45:36.335000,1,True,29.5,35.1,76.0,1010.2,False,1.8,191,laps_2023_singapore_R.csv,99.695
ALB,23,Williams,60.0,0 days 00:01:39.668000,3.0,MEDIUM,17.0,0 days 02:45:37.127000,1,True,29.5,35.1,76.0,1010.2,False,1.8,191,laps_2023_singapore_R.csv,99.668
ZHO,24,Alfa Romeo,60.0,0 days 00:01:41.794000,3.0,MEDIUM,40.0,0 days 02:45:39.429000,1,True,29.5,35.1,76.0,1010.2,False,1.8,191,laps_2023_singapore_R.csv,101.794
SAR,2,Williams,60.0,0 days 00:01:39.786000,3.0,MEDIUM,17.0,0 days 02:45:43.036000,1,True,29.5,35.1,76.0,1010.2,False,1.8,191,laps_2023_singapore_R.csv,99.786
ALO,14,Aston Martin,60.0,0 days 00:01:38.728000,3.0,SOFT,18.0,0 days 02:45:44.799000,1,True,29.5,35.1,76.0,1010.2,False,1.8,191,laps_2023_singapore_R.csv,98.728
SAI,55,Ferrari,61.0,0 days 00:01:39.292000,2.0,HARD,41.0,0 days 02:46:02.563000,1,True,29.5,35.0,76.0,1010.0,False,1.7,168,laps_2023_singapore_R.csv,99.292
NOR,4,McLaren,61.0,0 days 00:01:39.510000,2.0,HARD,41.0,0 days 02:46:03.403000,1,True,29.5,35.0,76.0,1010.0,False,1.7,168,laps_2023_singapore_R.csv,99.51
RUS,63,Mercedes,61.0,0 days 00:01:39.314000,3.0,MEDIUM,17.0,0 days 02:46:03.977000,1,True,29.5,35.0,76.0,1010.0,False,1.7,168,laps_2023_singapore_R.csv,99.314
HAM,44,Mercedes,61.0,0 days 00:01:39.096000,3.0,MEDIUM,17.0,0 days 02:46:04.610000,1,True,29.5,35.0,76.0,1010.0,False,1.7,168,laps_2023_singapore_R.csv,99.096
LEC,16,Ferrari,61.0,0 days 00:01:40.615000,2.0,HARD,41.0,0 days 02:46:21.416000,1,True,29.5,35.0,76.0,1010.0,False,1.7,168,laps_2023_singapore_R.csv,100.615
VER,1,Red Bull,61.0,0 days 00:01:36.575000,2.0,MEDIUM,21.0,0 days 02:46:28.479000,1,True,29.5,35.0,76.0,1010.0,False,1.7,168,laps_2023_singapore_R.csv,96.575
GAS,10,Alpine,61.0,0 days 00:01:39.711000,2.0,HARD,41.0,0 days 02:46:38.244000,1,True,29.5,35.0,76.0,1010.0,False,1.7,168,laps_2023_singapore_R.csv,99.711
PIA,81,McLaren,61.0,0 days 00:01:39.616000,2.0,HARD,41.0,0 days 02:46:42.268000,1,True,29.5,35.0,76.0,1010.0,False,1.7,168,laps_2023_singapore_R.csv,99.616
PER,11,Red Bull,61.0,0 days 00:01:37.108000,2.0,MEDIUM,22.0,0 days 02:47:00.998000,12,True,29.5,34.9,76.0,1010.0,False,1.7,171,laps_2023_singapore_R.csv,97.108
LAW,40,AlphaTauri,61.0,0 days 00:01:41.007000,2.0,HARD,41.0,0 days 02:47:04.356000,12,True,29.5,34.9,76.0,1010.0,False,1.7,171,laps_2023_singapore_R.csv,101.007
MAG,20,Haas F1 Team,61.0,0 days 00:01:38.445000,3.0,SOFT,21.0,0 days 02:47:16.030000,12,True,29.5,34.9,76.0,1010.0,False,1.7,171,laps_2023_singapore_R.csv,98.445
ALB,23,Williams,61.0,0 days 00:01:38.501000,3.0,MEDIUM,18.0,0 days 02:47:16.795000,12,True,29.5,34.9,76.0,1010.0,False,1.7,171,laps_2023_singapore_R.csv,98.501
HUL,27,Haas F1 Team,61.0,0 days 00:01:43.503000,2.0,HARD,41.0,0 days 02:47:20.726000,12,True,29.5,34.9,76.0,1010.0,False,1.7,171,laps_2023_singapore_R.csv,103.503
ZHO,24,Alfa Romeo,61.0,0 days 00:01:42.010000,3.0,MEDIUM,41.0,0 days 02:47:21.223000,12,True,29.5,34.9,76.0,1010.0,False,1.7,171,laps_2023_singapore_R.csv,102.01
SAR,2,Williams,61.0,0 days 00:01:41.938000,3.0,MEDIUM,18.0,0 days 02:47:22.822000,12,True,29.5,34.9,76.0,1010.0,False,1.7,171,laps_2023_singapore_R.csv,101.938
ALO,14,Aston Martin,61.0,0 days 00:01:41.542000,3.0,SOFT,19.0,0 days 02:47:23.527000,12,True,29.5,34.9,76.0,1010.0,False,1.7,171,laps_2023_singapore_R.csv,101.542
SAI,55,Ferrari,62.0,0 days 00:01:39.958000,2.0,HARD,42.0,0 days 02:47:41.855000,12,True,29.5,34.9,76.0,1010.0,False,1.7,171,laps_2023_singapore_R.csv,99.958
NOR,4,McLaren,62.0,0 days 00:01:39.677000,2.0,HARD,42.0,0 days 02:47:42.913000,12,True,29.5,34.9,76.0,1010.0,False,1.7,171,laps_2023_singapore_R.csv,99.677
HAM,44,Mercedes,62.0,0 days 00:01:39.347000,3.0,MEDIUM,18.0,0 days 02:47:43.706000,12,True,29.5,34.9,76.0,1010.0,False,1.7,171,laps_2023_singapore_R.csv,99.347
LEC,16,Ferrari,62.0,0 days 00:01:40.946000,2.0,HARD,42.0,0 days 02:48:02.031000,12,True,29.5,34.9,76.0,1010.2,False,2.2,185,laps_2023_singapore_R.csv,100.946
VER,1,Red Bull,62.0,0 days 00:01:38.197000,2.0,MEDIUM,22.0,0 days 02:48:05.054000,12,True,29.5,34.9,76.0,1010.2,False,2.2,185,laps_2023_singapore_R.csv,98.197
GAS,10,Alpine,62.0,0 days 00:01:42.273000,2.0,HARD,42.0,0 days 02:48:17.955000,12,True,29.5,34.9,76.0,1010.2,False,2.2,185,laps_2023_singapore_R.csv,102.273
PIA,81,McLaren,62.0,0 days 00:01:41.410000,2.0,HARD,42.0,0 days 02:48:21.884000,12,True,29.5,34.9,76.0,1010.2,False,2.2,185,laps_2023_singapore_R.csv,101.41
PER,11,Red Bull,62.0,0 days 00:01:38.189000,2.0,MEDIUM,23.0,0 days 02:48:38.106000,2,True,29.5,34.9,76.0,1010.2,False,2.2,185,laps_2023_singapore_R.csv,98.189
LAW,40,AlphaTauri,62.0,0 days 00:01:42.328000,2.0,HARD,42.0,0 days 02:48:45.363000,2,True,29.5,34.9,76.0,1010.2,False,2.2,185,laps_2023_singapore_R.csv,102.328
MAG,20,Haas F1 Team,62.0,0 days 00:01:39.418000,3.0,SOFT,22.0,0 days 02:48:54.475000,2,True,29.4,34.8,76.0,1010.0,False,2.0,176,laps_2023_singapore_R.csv,99.418
ALB,23,Williams,62.0,0 days 00:01:39.891000,3.0,MEDIUM,19.0,0 days 02:48:55.296000,2,True,29.4,34.8,76.0,1010.0,False,2.0,176,laps_2023_singapore_R.csv,99.891
ZHO,24,Alfa Romeo,62.0,0 days 00:01:42.246000,3.0,MEDIUM,42.0,0 days 02:49:03.233000,2,True,29.4,34.8,76.0,1010.0,False,2.0,176,laps_2023_singapore_R.csv,102.246
HUL,27,Haas F1 Team,62.0,0 days 00:01:43.728000,2.0,HARD,42.0,0 days 02:49:04.229000,2,True,29.4,34.8,76.0,1010.0,False,2.0,176,laps_2023_singapore_R.csv,103.728
SAR,2,Williams,62.0,0 days 00:01:43.955000,3.0,MEDIUM,19.0,0 days 02:49:04.760000,2,True,29.4,34.8,76.0,1010.0,False,2.0,176,laps_2023_singapore_R.csv,103.955
ALO,14,Aston Martin,62.0,0 days 00:01:44.290000,3.0,SOFT,20.0,0 days 02:49:05.069000,2,True,29.4,34.8,76.0,1010.0,False,2.0,176,laps_2023_singapore_R.csv,104.29
VER,1,Red Bull,2.0,0 days 00:01:19.367000,1.0,MEDIUM,2.0,0 days 01:03:27.435000,1,True,25.2,43.1,44.0,1013.4,False,1.0,48,laps_2023_monaco_R.csv,79.367
ALO,14,Aston Martin,2.0,0 days 00:01:19.646000,1.0,HARD,3.0,0 days 01:03:28.724000,1,True,25.2,43.1,44.0,1013.4,False,1.0,48,laps_2023_monaco_R.csv,79.646
OCO,31,Alpine,2.0,0 days 00:01:20.301000,1.0,MEDIUM,2.0,0 days 01:03:29.836000,1,True,25.2,43.1,44.0,1013.4,False,1.0,48,laps_2023_monaco_R.csv,80.301
SAI,55,Ferrari,2.0,0 days 00:01:20.593000,1.0,HARD,2.0,0 days 01:03:30.587000,1,True,25.2,43.1,44.0,1013.4,False,1.0,48,laps_2023_monaco_R.csv,80.593
HAM,44,Mercedes,2.0,0 days 00:01:20.527000,1.0,MEDIUM,2.0,0 days 01:03:31.782000,1,True,25.2,43.1,44.0,1013.4,False,1.0,48,laps_2023_monaco_R.csv,80.527
LEC,16,Ferrari,2.0,0 days 00:01:20.549000,1.0,HARD,2.0,0 days 01:03:32.305000,1,True,25.2,43.1,44.0,1013.4,False,1.0,48,laps_2023_monaco_R.csv,80.549
GAS,10,Alpine,2.0,0 days 00:01:20.636000,1.0,HARD,2.0,0 days 01:03:32.898000,1,True,25.2,43.1,44.0,1013.4,False,1.0,48,laps_2023_monaco_R.csv,80.636
RUS,63,Mercedes,2.0,0 days 00:01:21.155000,1.0,HARD,2.0,0 days 01:03:33.584000,1,True,25.2,43.1,44.0,1013.4,False,1.0,48,laps_2023_monaco_R.csv,81.155
TSU,22,AlphaTauri,2.0,0 days 00:01:21.288000,1.0,MEDIUM,2.0,0 days 01:03:34.514000,1,True,25.2,43.1,44.0,1013.4,False,1.0,48,laps_2023_monaco_R.csv,81.288
NOR,4,McLaren,2.0,0 days 00:01:21.610000,1.0,MEDIUM,2.0,0 days 01:03:35.231000,1,True,25.2,43.1,44.0,1013.4,False,1.0,48,laps_2023_monaco_R.csv,81.61
PIA,81,McLaren,2.0,0 days 00:01:21.804000,1.0,HARD,2.0,0 days 01:03:36.267000,1,True,25.2,43.1,44.0,1013.4,False,1.0,48,laps_2023_monaco_R.csv,81.804
DEV,21,AlphaTauri,2.0,0 days 00:01:21.764000,1.0,MEDIUM,2.0,0 days 01:03:36.646000,1,True,25.2,43.1,44.0,1013.4,False,1.0,48,laps_2023_monaco_R.csv,81.764
ALB,23,Williams,2.0,0 days 00:01:20.977000,1.0,MEDIUM,2.0,0 days 01:03:37.813000,1,True,25.2,43.1,44.0,1013.4,False,1.0,48,laps_2023_monaco_R.csv,80.977
BOT,77,Alfa Romeo,2.0,0 days 00:01:20.021000,1.0,HARD,2.0,0 days 01:03:40.111000,1,True,25.2,43.1,44.0,1013.4,False,1.0,48,laps_2023_monaco_R.csv,80.021
SAR,2,Williams,2.0,0 days 00:01:19.658000,1.0,MEDIUM,2.0,0 days 01:03:40.886000,1,True,25.2,43.1,44.0,1013.4,False,1.0,48,laps_2023_monaco_R.csv,79.658
MAG,20,Haas F1 Team,2.0,0 days 00:01:20.175000,1.0,HARD,2.0,0 days 01:03:41.622000,1,True,25.2,43.1,44.0,1013.4,False,1.0,48,laps_2023_monaco_R.csv,80.175
STR,18,Aston Martin,2.0,0 days 00:01:19.989000,1.0,HARD,3.0,0 days 01:03:42.759000,1,True,25.2,43.1,44.0,1013.4,False,1.0,48,laps_2023_monaco_R.csv,79.989
VER,1,Red Bull,3.0,0 days 00:01:19.074000,1.0,MEDIUM,3.0,0 days 01:04:46.802000,1,True,25.2,42.8,45.0,1013.5,False,0.8,66,laps_2023_monaco_R.csv,79.074
ALO,14,Aston Martin,3.0,0 days 00:01:19.113000,1.0,HARD,4.0,0 days 01:04:48.370000,1,True,25.2,42.8,45.0,1013.5,False,0.8,66,laps_2023_monaco_R.csv,79.113
OCO,31,Alpine,3.0,0 days 00:01:19.704000,1.0,MEDIUM,3.0,0 days 01:04:50.137000,1,True,25.2,42.8,45.0,1013.5,False,0.8,66,laps_2023_monaco_R.csv,79.704
SAI,55,Ferrari,3.0,0 days 00:01:19.958000,1.0,HARD,3.0,0 days 01:04:51.180000,1,True,25.2,42.8,45.0,1013.5,False,0.8,66,laps_2023_monaco_R.csv,79.958
HAM,44,Mercedes,3.0,0 days 00:01:20.105000,1.0,MEDIUM,3.0,0 days 01:04:52.309000,1,True,25.2,42.8,45.0,1013.5,False,0.8,66,laps_2023_monaco_R.csv,80.105
LEC,16,Ferrari,3.0,0 days 00:01:20.021000,1.0,HARD,3.0,0 days 01:04:52.854000,1,True,25.2,42.8,45.0,1013.5,False,0.8,66,laps_2023_monaco_R.csv,80.021
GAS,10,Alpine,3.0,0 days 00:01:20.282000,1.0,HARD,3.0,0 days 01:04:53.534000,1,True,25.2,42.8,45.0,1013.5,False,0.8,66,laps_2023_monaco_R.csv,80.282
RUS,63,Mercedes,3.0,0 days 00:01:20.291000,1.0,HARD,3.0,0 days 01:04:54.739000,1,True,25.2,42.8,45.0,1013.5,False,0.8,66,laps_2023_monaco_R.csv,80.291
TSU,22,AlphaTauri,3.0,0 days 00:01:20.281000,1.0,MEDIUM,3.0,0 days 01:04:55.802000,1,True,25.2,42.8,45.0,1013.5,False,0.8,66,laps_2023_monaco_R.csv,80.281
NOR,4,McLaren,3.0,0 days 00:01:20.396000,1.0,MEDIUM,3.0,0 days 01:04:56.841000,1,True,25.2,42.8,45.0,1013.5,False,0.8,66,laps_2023_monaco_R.csv,80.396
PIA,81,McLaren,3.0,0 days 00:01:20.532000,1.0,HARD,3.0,0 days 01:04:58.071000,1,True,25.2,42.8,45.0,1013.5,False,0.8,66,laps_2023_monaco_R.csv,80.532
DEV,21,AlphaTauri,3.0,0 days 00:01:20.580000,1.0,MEDIUM,3.0,0 days 01:04:58.410000,1,True,25.2,42.8,45.0,1013.5,False,0.8,66,laps_2023_monaco_R.csv,80.58
ALB,23,Williams,3.0,0 days 00:01:20.703000,1.0,MEDIUM,3.0,0 days 01:04:58.790000,1,True,25.2,42.8,45.0,1013.5,False,0.8,66,laps_2023_monaco_R.csv,80.703
BOT,77,Alfa Romeo,3.0,0 days 00:01:20.142000,1.0,HARD,3.0,0 days 01:05:00.132000,1,True,25.2,42.8,45.0,1013.5,False,0.8,66,laps_2023_monaco_R.csv,80.142
SAR,2,Williams,3.0,0 days 00:01:20.219000,1.0,MEDIUM,3.0,0 days 01:05:00.544000,1,True,25.2,42.8,45.0,1013.5,False,0.8,66,laps_2023_monaco_R.csv,80.219
MAG,20,Haas F1 Team,3.0,0 days 00:01:19.929000,1.0,HARD,3.0,0 days 01:05:01.797000,1,True,25.2,42.8,45.0,1013.5,False,0.8,66,laps_2023_monaco_R.csv,79.929
STR,18,Aston Martin,3.0,0 days 00:01:19.928000,1.0,HARD,4.0,0 days 01:05:02.748000,1,True,25.2,42.8,45.0,1013.5,False,0.8,66,laps_2023_monaco_R.csv,79.928
PER,11,Red Bull,3.0,0 days 00:01:16.387000,2.0,HARD,2.0,0 days 01:05:21.091000,1,True,25.3,42.8,45.0,1013.4,False,1.0,18,laps_2023_monaco_R.csv,76.387
ZHO,24,Alfa Romeo,3.0,0 days 00:01:17.003000,2.0,HARD,2.0,0 days 01:05:22.739000,1,True,25.3,42.8,45.0,1013.4,False,1.0,18,laps_2023_monaco_R.csv,77.003
HUL,27,Haas F1 Team,3.0,0 days 00:01:17.221000,2.0,HARD,2.0,0 days 01:05:23.723000,1,True,25.3,42.8,45.0,1013.4,False,1.0,18,laps_2023_monaco_R.csv,77.221
VER,1,Red Bull,4.0,0 days 00:01:18.129000,1.0,MEDIUM,4.0,0 days 01:06:05.876000,1,True,25.3,42.8,45.0,1013.4,False,1.0,18,laps_2023_monaco_R.csv,78.129
ALO,14,Aston Martin,4.0,0 days 00:01:18.776000,1.0,HARD,5.0,0 days 01:06:07.483000,1,True,25.3,42.8,45.0,1013.4,False,1.0,18,laps_2023_monaco_R.csv,78.776
OCO,31,Alpine,4.0,0 days 00:01:19.314000,1.0,MEDIUM,4.0,0 days 01:06:09.841000,1,True,25.3,42.8,45.0,1013.4,False,1.0,18,laps_2023_monaco_R.csv,79.314
SAI,55,Ferrari,4.0,0 days 00:01:19.482000,1.0,HARD,4.0,0 days 01:06:11.138000,1,True,25.3,42.8,45.0,1013.4,False,1.0,18,laps_2023_monaco_R.csv,79.482
HAM,44,Mercedes,4.0,0 days 00:01:19.356000,1.0,MEDIUM,4.0,0 days 01:06:12.414000,1,True,25.3,42.8,45.0,1013.4,False,1.0,18,laps_2023_monaco_R.csv,79.356
LEC,16,Ferrari,4.0,0 days 00:01:19.468000,1.0,HARD,4.0,0 days 01:06:12.875000,1,True,25.4,42.8,45.0,1013.5,False,1.0,115,laps_2023_monaco_R.csv,79.468
GAS,10,Alpine,4.0,0 days 00:01:19.577000,1.0,HARD,4.0,0 days 01:06:13.816000,1,True,25.4,42.8,45.0,1013.5,False,1.0,115,laps_2023_monaco_R.csv,79.577
RUS,63,Mercedes,4.0,0 days 00:01:20.030000,1.0,HARD,4.0,0 days 01:06:15.030000,1,True,25.4,42.8,45.0,1013.5,False,1.0,115,laps_2023_monaco_R.csv,80.03
TSU,22,AlphaTauri,4.0,0 days 00:01:20.032000,1.0,MEDIUM,4.0,0 days 01:06:16.083000,1,True,25.4,42.8,45.0,1013.5,False,1.0,115,laps_2023_monaco_R.csv,80.032
NOR,4,McLaren,4.0,0 days 00:01:20.209000,1.0,MEDIUM,4.0,0 days 01:06:17.237000,1,True,25.4,42.8,45.0,1013.5,False,1.0,115,laps_2023_monaco_R.csv,80.209
PIA,81,McLaren,4.0,0 days 00:01:20.408000,1.0,HARD,4.0,0 days 01:06:18.603000,1,True,25.4,42.8,45.0,1013.5,False,1.0,115,laps_2023_monaco_R.csv,80.408
DEV,21,AlphaTauri,4.0,0 days 00:01:20.376000,1.0,MEDIUM,4.0,0 days 01:06:18.990000,1,True,25.4,42.8,45.0,1013.5,False,1.0,115,laps_2023_monaco_R.csv,80.376
ALB,23,Williams,4.0,0 days 00:01:20.276000,1.0,MEDIUM,4.0,0 days 01:06:19.493000,1,True,25.4,42.8,45.0,1013.5,False,1.0,115,laps_2023_monaco_R.csv,80.276
BOT,77,Alfa Romeo,4.0,0 days 00:01:20.341000,1.0,HARD,4.0,0 days 01:06:20.274000,1,True,25.4,42.8,45.0,1013.5,False,1.0,115,laps_2023_monaco_R.csv,80.341
SAR,2,Williams,4.0,0 days 00:01:20.246000,1.0,MEDIUM,4.0,0 days 01:06:20.763000,1,True,25.4,42.8,45.0,1013.5,False,1.0,115,laps_2023_monaco_R.csv,80.246
MAG,20,Haas F1 Team,4.0,0 days 00:01:20.407000,1.0,HARD,4.0,0 days 01:06:21.726000,1,True,25.4,42.8,45.0,1013.5,False,1.0,115,laps_2023_monaco_R.csv,80.407
STR,18,Aston Martin,4.0,0 days 00:01:19.998000,1.0,HARD,5.0,0 days 01:06:22.676000,1,True,25.4,42.8,45.0,1013.5,False,1.0,115,laps_2023_monaco_R.csv,79.998
PER,11,Red Bull,4.0,0 days 00:01:16.535000,2.0,HARD,3.0,0 days 01:06:37.478000,1,True,25.4,42.8,45.0,1013.5,False,1.0,115,laps_2023_monaco_R.csv,76.535
ZHO,24,Alfa Romeo,4.0,0 days 00:01:16.946000,2.0,HARD,3.0,0 days 01:06:39.742000,1,True,25.4,42.8,45.0,1013.5,False,1.0,115,laps_2023_monaco_R.csv,76.946
HUL,27,Haas F1 Team,4.0,0 days 00:01:17.148000,2.0,HARD,3.0,0 days 01:06:40.944000,1,True,25.4,42.8,45.0,1013.5,False,1.0,115,laps_2023_monaco_R.csv,77.148
VER,1,Red Bull,5.0,0 days 00:01:18.019000,1.0,MEDIUM,5.0,0 days 01:07:24.005000,1,True,25.5,42.4,44.0,1013.5,False,1.3,161,laps_2023_monaco_R.csv,78.019
ALO,14,Aston Martin,5.0,0 days 00:01:17.939000,1.0,HARD,6.0,0 days 01:07:26.259000,1,True,25.5,42.4,44.0,1013.5,False,1.3,161,laps_2023_monaco_R.csv,77.939
OCO,31,Alpine,5.0,0 days 00:01:19.041000,1.0,MEDIUM,5.0,0 days 01:07:29.155000,1,True,25.5,42.4,44.0,1013.5,False,1.3,161,laps_2023_monaco_R.csv,79.041
SAI,55,Ferrari,5.0,0 days 00:01:18.723000,1.0,HARD,5.0,0 days 01:07:30.620000,1,True,25.5,42.4,44.0,1013.5,False,1.3,161,laps_2023_monaco_R.csv,78.723
HAM,44,Mercedes,5.0,0 days 00:01:18.736000,1.0,MEDIUM,5.0,0 days 01:07:31.770000,1,True,25.5,42.4,44.0,1013.5,False,1.3,161,laps_2023_monaco_R.csv,78.736
LEC,16,Ferrari,5.0,0 days 00:01:18.837000,1.0,HARD,5.0,0 days 01:07:32.343000,1,True,25.5,42.4,44.0,1013.5,False,1.3,161,laps_2023_monaco_R.csv,78.837
GAS,10,Alpine,5.0,0 days 00:01:18.893000,1.0,HARD,5.0,0 days 01:07:33.393000,1,True,25.5,42.4,44.0,1013.5,False,1.3,161,laps_2023_monaco_R.csv,78.893
RUS,63,Mercedes,5.0,0 days 00:01:18.840000,1.0,HARD,5.0,0 days 01:07:35.060000,1,True,25.5,42.4,44.0,1013.5,False,1.3,161,laps_2023_monaco_R.csv,78.84
TSU,22,AlphaTauri,5.0,0 days 00:01:19.296000,1.0,MEDIUM,5.0,0 days 01:07:36.115000,1,True,25.5,42.4,44.0,1013.5,False,1.3,161,laps_2023_monaco_R.csv,79.296
NOR,4,McLaren,5.0,0 days 00:01:19.502000,1.0,MEDIUM,5.0,0 days 01:07:37.446000,1,True,25.5,42.4,44.0,1013.5,False,1.3,161,laps_2023_monaco_R.csv,79.502
PIA,81,McLaren,5.0,0 days 00:01:19.707000,1.0,HARD,5.0,0 days 01:07:39.011000,1,True,25.5,42.4,44.0,1013.5,False,1.3,161,laps_2023_monaco_R.csv,79.707
DEV,21,AlphaTauri,5.0,0 days 00:01:19.790000,1.0,MEDIUM,5.0,0 days 01:07:39.366000,1,True,25.5,42.4,44.0,1013.5,False,1.3,161,laps_2023_monaco_R.csv,79.79
ALB,23,Williams,5.0,0 days 00:01:19.967000,1.0,MEDIUM,5.0,0 days 01:07:39.769000,1,True,25.5,42.4,44.0,1013.5,False,1.3,161,laps_2023_monaco_R.csv,79.967
BOT,77,Alfa Romeo,5.0,0 days 00:01:20.022000,1.0,HARD,5.0,0 days 01:07:40.615000,1,True,25.5,42.4,44.0,1013.5,False,1.3,161,laps_2023_monaco_R.csv,80.022
SAR,2,Williams,5.0,0 days 00:01:20.214000,1.0,MEDIUM,5.0,0 days 01:07:41.009000,1,True,25.5,42.4,44.0,1013.5,False,1.3,161,laps_2023_monaco_R.csv,80.214
MAG,20,Haas F1 Team,5.0,0 days 00:01:20.224000,1.0,HARD,5.0,0 days 01:07:42.133000,1,True,25.5,42.4,44.0,1013.5,False,1.3,161,laps_2023_monaco_R.csv,80.224
STR,18,Aston Martin,5.0,0 days 00:01:20.438000,1.0,HARD,6.0,0 days 01:07:42.674000,1,True,25.5,42.4,44.0,1013.5,False,1.3,161,laps_2023_monaco_R.csv,80.438
PER,11,Red Bull,5.0,0 days 00:01:16.269000,2.0,HARD,4.0,0 days 01:07:54.013000,1,True,25.5,42.4,44.0,1013.5,False,1.3,161,laps_2023_monaco_R.csv,76.269
ZHO,24,Alfa Romeo,5.0,0 days 00:01:16.926000,2.0,HARD,4.0,0 days 01:07:56.688000,1,True,25.5,42.4,44.0,1013.5,False,1.3,161,laps_2023_monaco_R.csv,76.926
HUL,27,Haas F1 Team,5.0,0 days 00:01:17.045000,2.0,HARD,4.0,0 days 01:07:58.092000,1,True,25.5,42.4,44.0,1013.5,False,1.3,161,laps_2023_monaco_R.csv,77.045
VER,1,Red Bull,6.0,0 days 00:01:17.640000,1.0,MEDIUM,6.0,0 days 01:08:42.024000,1,True,25.4,42.4,44.0,1013.5,False,1.0,132,laps_2023_monaco_R.csv,77.64
ALO,14,Aston Martin,6.0,0 days 00:01:17.952000,1.0,HARD,7.0,0 days 01:08:44.198000,1,True,25.4,42.4,44.0,1013.5,False,1.0,132,laps_2023_monaco_R.csv,77.952
OCO,31,Alpine,6.0,0 days 00:01:18.731000,1.0,MEDIUM,6.0,0 days 01:08:48.196000,1,True,25.4,42.4,44.0,1013.5,False,1.0,132,laps_2023_monaco_R.csv,78.731
SAI,55,Ferrari,6.0,0 days 00:01:18.764000,1.0,HARD,6.0,0 days 01:08:49.343000,1,True,25.4,42.4,44.0,1013.5,False,1.0,132,laps_2023_monaco_R.csv,78.764
HAM,44,Mercedes,6.0,0 days 00:01:18.958000,1.0,MEDIUM,6.0,0 days 01:08:50.506000,1,True,25.4,42.4,44.0,1013.5,False,1.0,132,laps_2023_monaco_R.csv,78.958
LEC,16,Ferrari,6.0,0 days 00:01:18.829000,1.0,HARD,6.0,0 days 01:08:51.180000,1,True,25.4,42.4,44.0,1013.5,False,1.0,132,laps_2023_monaco_R.csv,78.829
GAS,10,Alpine,6.0,0 days 00:01:18.842000,1.0,HARD,6.0,0 days 01:08:52.286000,1,True,25.4,42.4,44.0,1013.5,False,1.0,132,laps_2023_monaco_R.csv,78.842
RUS,63,Mercedes,6.0,0 days 00:01:18.945000,1.0,HARD,6.0,0 days 01:08:53.900000,1,True,25.4,42.4,44.0,1013.5,False,1.0,132,laps_2023_monaco_R.csv,78.945
TSU,22,AlphaTauri,6.0,0 days 00:01:18.730000,1.0,MEDIUM,6.0,0 days 01:08:55.411000,1,True,25.4,42.4,44.0,1013.5,False,1.0,132,laps_2023_monaco_R.csv,78.73
NOR,4,McLaren,6.0,0 days 00:01:19.045000,1.0,MEDIUM,6.0,0 days 01:08:56.948000,1,True,25.4,42.4,44.0,1013.5,False,1.0,132,laps_2023_monaco_R.csv,79.045
PIA,81,McLaren,6.0,0 days 00:01:19.247000,1.0,HARD,6.0,0 days 01:08:58.718000,1,True,25.4,42.4,44.0,1013.5,False,1.0,132,laps_2023_monaco_R.csv,79.247
DEV,21,AlphaTauri,6.0,0 days 00:01:19.224000,1.0,MEDIUM,6.0,0 days 01:08:59.156000,1,True,25.4,42.4,44.0,1013.5,False,1.0,132,laps_2023_monaco_R.csv,79.224
ALB,23,Williams,6.0,0 days 00:01:19.165000,1.0,MEDIUM,6.0,0 days 01:08:59.736000,1,True,25.4,42.4,44.0,1013.5,False,1.0,132,laps_2023_monaco_R.csv,79.165
BOT,77,Alfa Romeo,6.0,0 days 00:01:19.165000,1.0,HARD,6.0,0 days 01:09:00.637000,1,True,25.4,42.4,44.0,1013.5,False,1.0,132,laps_2023_monaco_R.csv,79.165
SAR,2,Williams,6.0,0 days 00:01:19.312000,1.0,MEDIUM,6.0,0 days 01:09:01.223000,1,True,25.4,42.4,44.0,1013.5,False,1.0,132,laps_2023_monaco_R.csv,79.312
MAG,20,Haas F1 Team,6.0,0 days 00:01:19.352000,1.0,HARD,6.0,0 days 01:09:02.357000,1,True,25.4,42.4,44.0,1013.5,False,1.0,132,laps_2023_monaco_R.csv,79.352
STR,18,Aston Martin,6.0,0 days 00:01:19.785000,1.0,HARD,7.0,0 days 01:09:03.112000,1,True,25.4,42.4,44.0,1013.5,False,1.0,132,laps_2023_monaco_R.csv,79.785
PER,11,Red Bull,6.0,0 days 00:01:16.458000,2.0,HARD,5.0,0 days 01:09:10.282000,1,True,25.4,42.4,44.0,1013.5,False,1.0,132,laps_2023_monaco_R.csv,76.458
ZHO,24,Alfa Romeo,6.0,0 days 00:01:17.205000,2.0,HARD,5.0,0 days 01:09:13.614000,1,True,25.4,41.6,44.0,1013.5,False,0.8,76,laps_2023_monaco_R.csv,77.205
HUL,27,Haas F1 Team,6.0,0 days 00:01:16.991000,2.0,HARD,5.0,0 days 01:09:15.137000,1,True,25.4,41.6,44.0,1013.5,False,0.8,76,laps_2023_monaco_R.csv,76.991
VER,1,Red Bull,7.0,0 days 00:01:17.633000,1.0,MEDIUM,7.0,0 days 01:09:59.664000,1,True,25.4,41.6,44.0,1013.5,False,0.8,76,laps_2023_monaco_R.csv,77.633
ALO,14,Aston Martin,7.0,0 days 00:01:17.505000,1.0,HARD,8.0,0 days 01:10:02.150000,1,True,25.4,41.6,44.0,1013.5,False,0.8,76,laps_2023_monaco_R.csv,77.505
OCO,31,Alpine,7.0,0 days 00:01:18.782000,1.0,MEDIUM,7.0,0 days 01:10:06.927000,1,True,25.4,41.6,44.0,1013.5,False,0.8,76,laps_2023_monaco_R.csv,78.782
SAI,55,Ferrari,7.0,0 days 00:01:18.697000,1.0,HARD,7.0,0 days 01:10:08.107000,1,True,25.4,41.6,44.0,1013.5,False,0.8,76,laps_2023_monaco_R.csv,78.697
HAM,44,Mercedes,7.0,0 days 00:01:18.651000,1.0,MEDIUM,7.0,0 days 01:10:09.464000,1,True,25.4,41.6,44.0,1013.5,False,0.8,76,laps_2023_monaco_R.csv,78.651
LEC,16,Ferrari,7.0,0 days 00:01:18.645000,1.0,HARD,7.0,0 days 01:10:10.009000,1,True,25.4,41.6,44.0,1013.5,False,0.8,76,laps_2023_monaco_R.csv,78.645
GAS,10,Alpine,7.0,0 days 00:01:18.604000,1.0,HARD,7.0,0 days 01:10:11.128000,1,True,25.4,41.6,44.0,1013.5,False,0.8,76,laps_2023_monaco_R.csv,78.604
RUS,63,Mercedes,7.0,0 days 00:01:18.583000,1.0,HARD,7.0,0 days 01:10:12.845000,1,True,25.4,41.4,44.0,1013.5,False,0.6,50,laps_2023_monaco_R.csv,78.583
TSU,22,AlphaTauri,7.0,0 days 00:01:18.712000,1.0,MEDIUM,7.0,0 days 01:10:14.141000,1,True,25.4,41.4,44.0,1013.5,False,0.6,50,laps_2023_monaco_R.csv,78.712
NOR,4,McLaren,7.0,0 days 00:01:18.652000,1.0,MEDIUM,7.0,0 days 01:10:15.993000,1,True,25.4,41.4,44.0,1013.5,False,0.6,50,laps_2023_monaco_R.csv,78.652
PIA,81,McLaren,7.0,0 days 00:01:18.869000,1.0,HARD,7.0,0 days 01:10:17.965000,1,True,25.4,41.4,44.0,1013.5,False,0.6,50,laps_2023_monaco_R.csv,78.869
DEV,21,AlphaTauri,7.0,0 days 00:01:19.038000,1.0,MEDIUM,7.0,0 days 01:10:18.380000,1,True,25.4,41.4,44.0,1013.5,False,0.6,50,laps_2023_monaco_R.csv,79.038
ALB,23,Williams,7.0,0 days 00:01:19.055000,1.0,MEDIUM,7.0,0 days 01:10:18.901000,1,True,25.4,41.4,44.0,1013.5,False,0.6,50,laps_2023_monaco_R.csv,79.055
BOT,77,Alfa Romeo,7.0,0 days 00:01:19.167000,1.0,HARD,7.0,0 days 01:10:19.802000,1,True,25.4,41.4,44.0,1013.5,False,0.6,50,laps_2023_monaco_R.csv,79.167
SAR,2,Williams,7.0,0 days 00:01:19.239000,1.0,MEDIUM,7.0,0 days 01:10:20.535000,1,True,25.4,41.4,44.0,1013.5,False,0.6,50,laps_2023_monaco_R.csv,79.239
MAG,20,Haas F1 Team,7.0,0 days 00:01:19.512000,1.0,HARD,7.0,0 days 01:10:21.709000,1,True,25.4,41.4,44.0,1013.5,False,0.6,50,laps_2023_monaco_R.csv,79.512
STR,18,Aston Martin,7.0,0 days 00:01:19.417000,1.0,HARD,8.0,0 days 01:10:22.897000,1,True,25.4,41.4,44.0,1013.5,False,0.6,50,laps_2023_monaco_R.csv,79.417
PER,11,Red Bull,7.0,0 days 00:01:17.399000,2.0,HARD,6.0,0 days 01:10:26.740000,1,True,25.4,41.4,44.0,1013.5,False,0.6,50,laps_2023_monaco_R.csv,77.399
ZHO,24,Alfa Romeo,7.0,0 days 00:01:17.408000,2.0,HARD,6.0,0 days 01:10:30.819000,1,True,25.4,41.4,44.0,1013.5,False,0.6,50,laps_2023_monaco_R.csv,77.408
HUL,27,Haas F1 Team,7.0,0 days 00:01:17.333000,2.0,HARD,6.0,0 days 01:10:32.128000,1,True,25.4,41.4,44.0,1013.5,False,0.6,50,laps_2023_monaco_R.csv,77.333
VER,1,Red Bull,8.0,0 days 00:01:17.397000,1.0,MEDIUM,8.0,0 days 01:11:17.297000,1,True,25.4,40.9,44.0,1013.5,False,0.8,359,laps_2023_monaco_R.csv,77.397
ALO,14,Aston Martin,8.0,0 days 00:01:17.391000,1.0,HARD,9.0,0 days 01:11:19.655000,1,True,25.4,40.9,44.0,1013.5,False,0.8,359,laps_2023_monaco_R.csv,77.391
OCO,31,Alpine,8.0,0 days 00:01:18.533000,1.0,MEDIUM,8.0,0 days 01:11:25.709000,1,True,25.4,40.9,44.0,1013.5,False,0.8,359,laps_2023_monaco_R.csv,78.533
SAI,55,Ferrari,8.0,0 days 00:01:18.637000,1.0,HARD,8.0,0 days 01:11:26.804000,1,True,25.4,40.9,44.0,1013.5,False,0.8,359,laps_2023_monaco_R.csv,78.637
HAM,44,Mercedes,8.0,0 days 00:01:19.051000,1.0,MEDIUM,8.0,0 days 01:11:28.115000,1,True,25.4,40.9,44.0,1013.5,False,0.8,359,laps_2023_monaco_R.csv,79.051
LEC,16,Ferrari,8.0,0 days 00:01:19.165000,1.0,HARD,8.0,0 days 01:11:28.654000,1,True,25.4,40.9,44.0,1013.5,False,0.8,359,laps_2023_monaco_R.csv,79.165
GAS,10,Alpine,8.0,0 days 00:01:19.317000,1.0,HARD,8.0,0 days 01:11:29.732000,1,True,25.4,40.9,44.0,1013.5,False,0.8,359,laps_2023_monaco_R.csv,79.317
RUS,63,Mercedes,8.0,0 days 00:01:18.990000,1.0,HARD,8.0,0 days 01:11:31.428000,1,True,25.4,40.9,44.0,1013.5,False,0.8,359,laps_2023_monaco_R.csv,78.99
TSU,22,AlphaTauri,8.0,0 days 00:01:18.951000,1.0,MEDIUM,8.0,0 days 01:11:32.853000,1,True,25.4,40.9,44.0,1013.5,False,0.8,359,laps_2023_monaco_R.csv,78.951
NOR,4,McLaren,8.0,0 days 00:01:18.651000,1.0,MEDIUM,8.0,0 days 01:11:34.645000,1,True,25.4,40.9,44.0,1013.5,False,0.8,359,laps_2023_monaco_R.csv,78.651
PIA,81,McLaren,8.0,0 days 00:01:18.828000,1.0,HARD,8.0,0 days 01:11:36.834000,1,True,25.4,40.9,44.0,1013.5,False,0.8,359,laps_2023_monaco_R.csv,78.828
DEV,21,AlphaTauri,8.0,0 days 00:01:18.743000,1.0,MEDIUM,8.0,0 days 01:11:37.418000,1,True,25.4,40.9,44.0,1013.5,False,0.8,359,laps_2023_monaco_R.csv,78.743
ALB,23,Williams,8.0,0 days 00:01:18.796000,1.0,MEDIUM,8.0,0 days 01:11:37.956000,1,True,25.4,40.9,44.0,1013.5,False,0.8,359,laps_2023_monaco_R.csv,78.796
BOT,77,Alfa Romeo,8.0,0 days 00:01:18.774000,1.0,HARD,8.0,0 days 01:11:38.969000,1,True,25.4,40.9,44.0,1013.5,False,0.8,359,laps_2023_monaco_R.csv,78.774
SAR,2,Williams,8.0,0 days 00:01:18.947000,1.0,MEDIUM,8.0,0 days 01:11:39.774000,1,True,25.4,40.9,44.0,1013.5,False,0.8,359,laps_2023_monaco_R.csv,78.947
MAG,20,Haas F1 Team,8.0,0 days 00:01:19.052000,1.0,HARD,8.0,0 days 01:11:41.221000,1,True,25.4,40.9,44.0,1013.5,False,0.8,359,laps_2023_monaco_R.csv,79.052
STR,18,Aston Martin,8.0,0 days 00:01:18.733000,1.0,HARD,9.0,0 days 01:11:42.314000,1,True,25.4,40.9,44.0,1013.5,False,0.8,359,laps_2023_monaco_R.csv,78.733
PER,11,Red Bull,8.0,0 days 00:01:17.937000,2.0,HARD,7.0,0 days 01:11:44.139000,1,True,25.4,40.9,44.0,1013.5,False,0.8,359,laps_2023_monaco_R.csv,77.937
ZHO,24,Alfa Romeo,8.0,0 days 00:01:17.254000,2.0,HARD,7.0,0 days 01:11:48.227000,1,True,25.4,40.9,44.0,1013.5,False,0.8,359,laps_2023_monaco_R.csv,77.254
HUL,27,Haas F1 Team,8.0,0 days 00:01:17.237000,2.0,HARD,7.0,0 days 01:11:49.461000,1,True,25.4,40.9,44.0,1013.5,False,0.8,359,laps_2023_monaco_R.csv,77.237
VER,1,Red Bull,9.0,0 days 00:01:17.031000,1.0,MEDIUM,9.0,0 days 01:12:34.694000,1,True,25.4,41.0,44.0,1013.5,False,1.2,147,laps_2023_monaco_R.csv,77.031
ALO,14,Aston Martin,9.0,0 days 00:01:17.783000,1.0,HARD,10.0,0 days 01:12:37.046000,1,True,25.4,41.0,44.0,1013.5,False,1.2,147,laps_2023_monaco_R.csv,77.783
OCO,31,Alpine,9.0,0 days 00:01:18.594000,1.0,MEDIUM,9.0,0 days 01:12:44.242000,1,True,25.4,41.0,44.0,1013.5,False,1.2,147,laps_2023_monaco_R.csv,78.594
SAI,55,Ferrari,9.0,0 days 00:01:18.306000,1.0,HARD,9.0,0 days 01:12:45.441000,1,True,25.4,41.0,44.0,1013.5,False,1.2,147,laps_2023_monaco_R.csv,78.306
HAM,44,Mercedes,9.0,0 days 00:01:18.829000,1.0,MEDIUM,9.0,0 days 01:12:47.166000,1,True,25.4,41.0,44.0,1013.5,False,1.2,147,laps_2023_monaco_R.csv,78.829
LEC,16,Ferrari,9.0,0 days 00:01:18.809000,1.0,HARD,9.0,0 days 01:12:47.819000,1,True,25.4,41.0,44.0,1013.5,False,1.2,147,laps_2023_monaco_R.csv,78.809
GAS,10,Alpine,9.0,0 days 00:01:18.788000,1.0,HARD,9.0,0 days 01:12:49.049000,1,True,25.4,41.0,44.0,1013.5,False,1.2,147,laps_2023_monaco_R.csv,78.788
RUS,63,Mercedes,9.0,0 days 00:01:19.025000,1.0,HARD,9.0,0 days 01:12:50.418000,1,True,25.4,41.0,44.0,1013.5,False,1.2,147,laps_2023_monaco_R.csv,79.025
TSU,22,AlphaTauri,9.0,0 days 00:01:18.859000,1.0,MEDIUM,9.0,0 days 01:12:51.804000,1,True,25.4,41.0,44.0,1013.5,False,1.2,147,laps_2023_monaco_R.csv,78.859
NOR,4,McLaren,9.0,0 days 00:01:19.065000,1.0,MEDIUM,9.0,0 days 01:12:53.296000,1,True,25.4,41.0,44.0,1013.5,False,1.2,147,laps_2023_monaco_R.csv,79.065
PIA,81,McLaren,9.0,0 days 00:01:19.346000,1.0,HARD,9.0,0 days 01:12:55.662000,1,True,25.4,41.0,44.0,1013.5,False,1.2,147,laps_2023_monaco_R.csv,79.346
DEV,21,AlphaTauri,9.0,0 days 00:01:19.454000,1.0,MEDIUM,9.0,0 days 01:12:56.161000,1,True,25.4,41.0,44.0,1013.5,False,1.2,147,laps_2023_monaco_R.csv,79.454
ALB,23,Williams,9.0,0 days 00:01:19.293000,1.0,MEDIUM,9.0,0 days 01:12:56.752000,1,True,25.4,41.0,44.0,1013.5,False,1.2,147,laps_2023_monaco_R.csv,79.293
BOT,77,Alfa Romeo,9.0,0 days 00:01:19.007000,1.0,HARD,9.0,0 days 01:12:57.743000,1,True,25.4,41.0,44.0,1013.5,False,1.2,147,laps_2023_monaco_R.csv,79.007
SAR,2,Williams,9.0,0 days 00:01:19.529000,1.0,MEDIUM,9.0,0 days 01:12:58.721000,1,True,25.4,41.0,44.0,1013.5,False,1.2,147,laps_2023_monaco_R.csv,79.529
MAG,20,Haas F1 Team,9.0,0 days 00:01:18.914000,1.0,HARD,9.0,0 days 01:13:00.273000,1,True,25.4,41.0,44.0,1013.5,False,1.2,147,laps_2023_monaco_R.csv,78.914
STR,18,Aston Martin,9.0,0 days 00:01:18.659000,1.0,HARD,10.0,0 days 01:13:01.047000,1,True,25.4,41.0,44.0,1013.5,False,1.2,147,laps_2023_monaco_R.csv,78.659
PER,11,Red Bull,9.0,0 days 00:01:18.254000,2.0,HARD,8.0,0 days 01:13:02.076000,1,True,25.4,41.0,44.0,1013.5,False,1.2,147,laps_2023_monaco_R.csv,78.254
ZHO,24,Alfa Romeo,9.0,0 days 00:01:17.523000,2.0,HARD,8.0,0 days 01:13:05.481000,1,True,25.4,41.0,44.0,1013.5,False,1.2,147,laps_2023_monaco_R.csv,77.523
HUL,27,Haas F1 Team,9.0,0 days 00:01:17.433000,2.0,HARD,8.0,0 days 01:13:06.698000,1,True,25.4,41.0,44.0,1013.5,False,1.2,147,laps_2023_monaco_R.csv,77.433
VER,1,Red Bull,10.0,0 days 00:01:17.084000,1.0,MEDIUM,10.0,0 days 01:13:51.725000,1,True,25.5,41.2,43.0,1013.5,False,1.2,140,laps_2023_monaco_R.csv,77.084
ALO,14,Aston Martin,10.0,0 days 00:01:17.324000,1.0,HARD,11.0,0 days 01:13:54.829000,1,True,25.5,41.2,43.0,1013.5,False,1.2,140,laps_2023_monaco_R.csv,77.324
OCO,31,Alpine,10.0,0 days 00:01:18.460000,1.0,MEDIUM,10.0,0 days 01:14:02.836000,1,True,25.5,41.2,43.0,1013.5,False,1.2,140,laps_2023_monaco_R.csv,78.46
SAI,55,Ferrari,10.0,0 days 00:01:18.070000,1.0,HARD,10.0,0 days 01:14:03.747000,1,True,25.5,41.2,43.0,1013.5,False,1.2,140,laps_2023_monaco_R.csv,78.07
HAM,44,Mercedes,10.0,0 days 00:01:18.173000,1.0,MEDIUM,10.0,0 days 01:14:05.995000,1,True,25.5,41.2,43.0,1013.5,False,1.2,140,laps_2023_monaco_R.csv,78.173
LEC,16,Ferrari,10.0,0 days 00:01:18.219000,1.0,HARD,10.0,0 days 01:14:06.628000,1,True,25.5,41.2,43.0,1013.5,False,1.2,140,laps_2023_monaco_R.csv,78.219
GAS,10,Alpine,10.0,0 days 00:01:18.310000,1.0,HARD,10.0,0 days 01:14:07.837000,1,True,25.5,41.2,43.0,1013.5,False,1.2,140,laps_2023_monaco_R.csv,78.31
RUS,63,Mercedes,10.0,0 days 00:01:18.566000,1.0,HARD,10.0,0 days 01:14:09.443000,1,True,25.5,41.2,43.0,1013.5,False,1.2,140,laps_2023_monaco_R.csv,78.566
TSU,22,AlphaTauri,10.0,0 days 00:01:18.697000,1.0,MEDIUM,10.0,0 days 01:14:10.663000,1,True,25.5,41.2,43.0,1013.5,False,1.2,140,laps_2023_monaco_R.csv,78.697
NOR,4,McLaren,10.0,0 days 00:01:19.053000,1.0,MEDIUM,10.0,0 days 01:14:12.361000,1,True,25.5,41.2,43.0,1013.5,False,1.2,140,laps_2023_monaco_R.csv,79.053
PIA,81,McLaren,10.0,0 days 00:01:19.015000,1.0,HARD,10.0,0 days 01:14:15.008000,1,True,25.5,40.9,42.0,1013.5,False,2.2,137,laps_2023_monaco_R.csv,79.015
DEV,21,AlphaTauri,10.0,0 days 00:01:18.957000,1.0,MEDIUM,10.0,0 days 01:14:15.615000,1,True,25.5,40.9,42.0,1013.5,False,2.2,137,laps_2023_monaco_R.csv,78.957
ALB,23,Williams,10.0,0 days 00:01:19.338000,1.0,MEDIUM,10.0,0 days 01:14:16.045000,1,True,25.5,40.9,42.0,1013.5,False,2.2,137,laps_2023_monaco_R.csv,79.338
BOT,77,Alfa Romeo,10.0,0 days 00:01:19.527000,1.0,HARD,10.0,0 days 01:14:16.750000,1,True,25.5,40.9,42.0,1013.5,False,2.2,137,laps_2023_monaco_R.csv,79.527
SAR,2,Williams,10.0,0 days 00:01:20.334000,1.0,MEDIUM,10.0,0 days 01:14:18.250000,1,True,25.5,40.9,42.0,1013.5,False,2.2,137,laps_2023_monaco_R.csv,80.334
MAG,20,Haas F1 Team,10.0,0 days 00:01:19.929000,1.0,HARD,10.0,0 days 01:14:19.187000,1,True,25.5,40.9,42.0,1013.5,False,2.2,137,laps_2023_monaco_R.csv,79.929
STR,18,Aston Martin,10.0,0 days 00:01:19.893000,1.0,HARD,11.0,0 days 01:14:19.706000,1,True,25.5,40.9,42.0,1013.5,False,2.2,137,laps_2023_monaco_R.csv,79.893
PER,11,Red Bull,10.0,0 days 00:01:19.787000,2.0,HARD,9.0,0 days 01:14:20.330000,1,True,25.5,40.9,42.0,1013.5,False,2.2,137,laps_2023_monaco_R.csv,79.787
ZHO,24,Alfa Romeo,10.0,0 days 00:01:18.449000,2.0,HARD,9.0,0 days 01:14:23.004000,1,True,25.5,40.9,42.0,1013.5,False,2.2,137,laps_2023_monaco_R.csv,78.449
HUL,27,Haas F1 Team,10.0,0 days 00:01:18.028000,2.0,HARD,9.0,0 days 01:14:24.131000,1,True,25.5,40.9,42.0,1013.5,False,2.2,137,laps_2023_monaco_R.csv,78.028
VER,1,Red Bull,11.0,0 days 00:01:16.858000,1.0,MEDIUM,11.0,0 days 01:15:08.809000,1,True,25.5,40.9,42.0,1013.5,False,2.2,137,laps_2023_monaco_R.csv,76.858
ALO,14,Aston Martin,11.0,0 days 00:01:17.249000,1.0,HARD,12.0,0 days 01:15:12.153000,1,True,25.5,40.9,42.0,1013.5,False,2.2,137,laps_2023_monaco_R.csv,77.249
OCO,31,Alpine,11.0,0 days 00:01:18.271000,1.0,MEDIUM,11.0,0 days 01:15:21.296000,1,True,25.4,40.2,43.0,1013.5,False,1.2,142,laps_2023_monaco_R.csv,78.271
SAI,55,Ferrari,11.0,0 days 00:01:18.265000,1.0,HARD,11.0,0 days 01:15:21.817000,1,True,25.4,40.2,43.0,1013.5,False,1.2,142,laps_2023_monaco_R.csv,78.265
HAM,44,Mercedes,11.0,0 days 00:01:17.926000,1.0,MEDIUM,11.0,0 days 01:15:24.168000,1,True,25.4,40.2,43.0,1013.5,False,1.2,142,laps_2023_monaco_R.csv,77.926
LEC,16,Ferrari,11.0,0 days 00:01:18.162000,1.0,HARD,11.0,0 days 01:15:24.847000,1,True,25.4,40.2,43.0,1013.5,False,1.2,142,laps_2023_monaco_R.csv,78.162
GAS,10,Alpine,11.0,0 days 00:01:18.367000,1.0,HARD,11.0,0 days 01:15:26.147000,1,True,25.4,40.2,43.0,1013.5,False,1.2,142,laps_2023_monaco_R.csv,78.367
RUS,63,Mercedes,11.0,0 days 00:01:18.483000,1.0,HARD,11.0,0 days 01:15:28.009000,1,True,25.4,40.2,43.0,1013.5,False,1.2,142,laps_2023_monaco_R.csv,78.483
TSU,22,AlphaTauri,11.0,0 days 00:01:19.297000,1.0,MEDIUM,11.0,0 days 01:15:29.360000,1,True,25.4,40.2,43.0,1013.5,False,1.2,142,laps_2023_monaco_R.csv,79.297
NOR,4,McLaren,11.0,0 days 00:01:19.148000,1.0,MEDIUM,11.0,0 days 01:15:31.414000,1,True,25.4,40.2,43.0,1013.5,False,1.2,142,laps_2023_monaco_R.csv,79.148
PIA,81,McLaren,11.0,0 days 00:01:18.900000,1.0,HARD,11.0,0 days 01:15:34.023000,1,True,25.4,40.2,43.0,1013.5,False,1.2,142,laps_2023_monaco_R.csv,78.9
DEV,21,AlphaTauri,11.0,0 days 00:01:19.070000,1.0,MEDIUM,11.0,0 days 01:15:34.572000,12,True,25.4,40.2,43.0,1013.5,False,1.2,142,laps_2023_monaco_R.csv,79.07
ALB,23,Williams,11.0,0 days 00:01:19.278000,1.0,MEDIUM,11.0,0 days 01:15:35.383000,12,True,25.4,40.2,43.0,1013.5,False,1.2,142,laps_2023_monaco_R.csv,79.278
BOT,77,Alfa Romeo,11.0,0 days 00:01:19.380000,1.0,HARD,11.0,0 days 01:15:36.277000,12,True,25.4,40.2,43.0,1013.5,False,1.2,142,laps_2023_monaco_R.csv,79.38
SAR,2,Williams,11.0,0 days 00:01:20.089000,1.0,MEDIUM,11.0,0 days 01:15:38.584000,12,True,25.4,40.2,43.0,1013.5,False,1.2,142,laps_2023_monaco_R.csv,80.089
MAG,20,Haas F1 Team,11.0,0 days 00:01:19.824000,1.0,HARD,11.0,0 days 01:15:39.116000,12,True,25.4,40.2,43.0,1013.5,False,1.2,142,laps_2023_monaco_R.csv,79.824
STR,18,Aston Martin,11.0,0 days 00:01:19.758000,1.0,HARD,12.0,0 days 01:15:39.599000,12,True,25.4,40.2,43.0,1013.5,False,1.2,142,laps_2023_monaco_R.csv,79.758
PER,11,Red Bull,11.0,0 days 00:01:19.848000,2.0,HARD,10.0,0 days 01:15:40.117000,12,True,25.4,40.2,43.0,1013.5,False,1.2,142,laps_2023_monaco_R.csv,79.848
ZHO,24,Alfa Romeo,11.0,0 days 00:01:19.602000,2.0,HARD,10.0,0 days 01:15:41.453000,12,True,25.4,40.2,43.0,1013.5,False,1.2,142,laps_2023_monaco_R.csv,79.602
HUL,27,Haas F1 Team,11.0,0 days 00:01:19.596000,2.0,HARD,10.0,0 days 01:15:42.159000,12,True,25.4,40.2,43.0,1013.5,False,1.2,142,laps_2023_monaco_R.csv,79.596
VER,1,Red Bull,12.0,0 days 00:01:16.993000,1.0,MEDIUM,12.0,0 days 01:16:25.667000,12,True,25.3,40.0,44.0,1013.5,False,0.6,1,laps_2023_monaco_R.csv,76.993
ALO,14,Aston Martin,12.0,0 days 00:01:17.588000,1.0,HARD,13.0,0 days 01:16:29.402000,12,True,25.3,40.0,44.0,1013.5,False,0.6,1,laps_2023_monaco_R.csv,77.588
OCO,31,Alpine,12.0,0 days 00:01:18.515000,1.0,MEDIUM,12.0,0 days 01:16:39.567000,12,True,25.3,40.0,44.0,1013.5,False,0.6,1,laps_2023_monaco_R.csv,78.515
SAI,55,Ferrari,12.0,0 days 00:01:18.947000,1.0,HARD,12.0,0 days 01:16:40.082000,12,True,25.3,40.0,44.0,1013.5,False,0.6,1,laps_2023_monaco_R.csv,78.947
HAM,44,Mercedes,12.0,0 days 00:01:18.230000,1.0,MEDIUM,12.0,0 days 01:16:42.094000,12,True,25.3,40.0,44.0,1013.5,False,0.6,1,laps_2023_monaco_R.csv,78.23
LEC,16,Ferrari,12.0,0 days 00:01:18.150000,1.0,HARD,12.0,0 days 01:16:43.009000,12,True,25.3,40.0,44.0,1013.5,False,0.6,1,laps_2023_monaco_R.csv,78.15
GAS,10,Alpine,12.0,0 days 00:01:18.582000,1.0,HARD,12.0,0 days 01:16:44.514000,12,True,25.3,40.0,44.0,1013.5,False,0.6,1,laps_2023_monaco_R.csv,78.582
RUS,63,Mercedes,12.0,0 days 00:01:18.459000,1.0,HARD,12.0,0 days 01:16:46.492000,12,True,25.3,40.0,44.0,1013.5,False,0.6,1,laps_2023_monaco_R.csv,78.459
TSU,22,AlphaTauri,12.0,0 days 00:01:19.627000,1.0,MEDIUM,12.0,0 days 01:16:48.657000,12,True,25.3,40.0,44.0,1013.5,False,0.6,1,laps_2023_monaco_R.csv,79.627
NOR,4,McLaren,12.0,0 days 00:01:20.277000,1.0,MEDIUM,12.0,0 days 01:16:50.562000,12,True,25.3,40.0,44.0,1013.5,False,0.6,1,laps_2023_monaco_R.csv,80.277
PIA,81,McLaren,12.0,0 days 00:01:20.302000,1.0,HARD,12.0,0 days 01:16:52.923000,12,True,25.3,40.0,44.0,1013.5,False,0.6,1,laps_2023_monaco_R.csv,80.302
DEV,21,AlphaTauri,12.0,0 days 00:01:20.182000,1.0,MEDIUM,12.0,0 days 01:16:53.642000,21,True,25.3,40.0,44.0,1013.5,False,0.6,1,laps_2023_monaco_R.csv,80.182
ALB,23,Williams,12.0,0 days 00:01:20.310000,1.0,MEDIUM,12.0,0 days 01:16:54.661000,21,True,25.3,40.0,44.0,1013.5,False,0.6,1,laps_2023_monaco_R.csv,80.31
BOT,77,Alfa Romeo,12.0,0 days 00:01:20.206000,1.0,HARD,12.0,0 days 01:16:55.657000,21,True,25.3,40.0,44.0,1013.5,False,0.6,1,laps_2023_monaco_R.csv,80.206
SAR,2,Williams,12.0,0 days 00:01:20.638000,1.0,MEDIUM,12.0,0 days 01:16:58.673000,21,True,25.3,40.0,44.0,1013.5,False,0.6,1,laps_2023_monaco_R.csv,80.638
MAG,20,Haas F1 Team,12.0,0 days 00:01:20.487000,1.0,HARD,12.0,0 days 01:16:58.940000,21,True,25.3,40.0,44.0,1013.5,False,0.6,1,laps_2023_monaco_R.csv,80.487
STR,18,Aston Martin,12.0,0 days 00:01:20.639000,1.0,HARD,13.0,0 days 01:16:59.357000,21,True,25.3,40.0,44.0,1013.5,False,0.6,1,laps_2023_monaco_R.csv,80.639
PER,11,Red Bull,12.0,0 days 00:01:20.433000,2.0,HARD,11.0,0 days 01:16:59.965000,21,True,25.3,40.0,44.0,1013.5,False,0.6,1,laps_2023_monaco_R.csv,80.433
ZHO,24,Alfa Romeo,12.0,0 days 00:01:20.319000,2.0,HARD,11.0,0 days 01:17:01.055000,21,True,25.3,40.0,44.0,1013.5,False,0.6,1,laps_2023_monaco_R.csv,80.319
HUL,27,Haas F1 Team,12.0,0 days 00:01:20.164000,2.0,HARD,11.0,0 days 01:17:01.755000,21,True,25.3,40.0,44.0,1013.5,False,0.6,1,laps_2023_monaco_R.csv,80.164
VER,1,Red Bull,13.0,0 days 00:01:17.434000,1.0,MEDIUM,13.0,0 days 01:17:42.660000,21,True,25.3,40.0,44.0,1013.5,False,1.7,0,laps_2023_monaco_R.csv,77.434
ALO,14,Aston Martin,13.0,0 days 00:01:18.443000,1.0,HARD,14.0,0 days 01:17:46.990000,21,True,25.3,40.0,44.0,1013.5,False,1.7,0,laps_2023_monaco_R.csv,78.443
OCO,31,Alpine,13.0,0 days 00:01:18.025000,1.0,MEDIUM,13.0,0 days 01:17:58.082000,1,True,25.3,40.0,44.0,1013.5,False,1.7,0,laps_2023_monaco_R.csv,78.025
SAI,55,Ferrari,13.0,0 days 00:01:18.286000,1.0,HARD,13.0,0 days 01:17:59.029000,1,True,25.3,40.0,44.0,1013.5,False,1.7,0,laps_2023_monaco_R.csv,78.286
HAM,44,Mercedes,13.0,0 days 00:01:18.084000,1.0,MEDIUM,13.0,0 days 01:18:00.324000,1,True,25.3,40.0,44.0,1013.5,False,1.7,0,laps_2023_monaco_R.csv,78.084
LEC,16,Ferrari,13.0,0 days 00:01:18.018000,1.0,HARD,13.0,0 days 01:18:01.159000,1,True,25.3,40.0,44.0,1013.5,False,1.7,0,laps_2023_monaco_R.csv,78.018
GAS,10,Alpine,13.0,0 days 00:01:17.713000,1.0,HARD,13.0,0 days 01:18:03.096000,1,True,25.3,40.0,44.0,1013.5,False,1.7,0,laps_2023_monaco_R.csv,77.713
RUS,63,Mercedes,13.0,0 days 00:01:17.787000,1.0,HARD,13.0,0 days 01:18:04.951000,1,True,25.3,40.0,44.0,1013.5,False,1.7,0,laps_2023_monaco_R.csv,77.787
TSU,22,AlphaTauri,13.0,0 days 00:01:18.800000,1.0,MEDIUM,13.0,0 days 01:18:08.284000,1,True,25.3,40.0,44.0,1013.5,False,1.7,0,laps_2023_monaco_R.csv,78.8
NOR,4,McLaren,13.0,0 days 00:01:18.978000,1.0,MEDIUM,13.0,0 days 01:18:10.839000,1,True,25.3,40.0,44.0,1013.5,False,1.7,0,laps_2023_monaco_R.csv,78.978
PIA,81,McLaren,13.0,0 days 00:01:19.265000,1.0,HARD,13.0,0 days 01:18:13.225000,1,True,25.4,40.1,43.0,1013.5,False,0.6,136,laps_2023_monaco_R.csv,79.265
DEV,21,AlphaTauri,13.0,0 days 00:01:19.419000,1.0,MEDIUM,13.0,0 days 01:18:13.824000,1,True,25.4,40.1,43.0,1013.5,False,0.6,136,laps_2023_monaco_R.csv,79.419
ALB,23,Williams,13.0,0 days 00:01:19.885000,1.0,MEDIUM,13.0,0 days 01:18:14.971000,1,True,25.4,40.1,43.0,1013.5,False,0.6,136,laps_2023_monaco_R.csv,79.885
BOT,77,Alfa Romeo,13.0,0 days 00:01:19.511000,1.0,HARD,13.0,0 days 01:18:15.863000,1,True,25.4,40.1,43.0,1013.5,False,0.6,136,laps_2023_monaco_R.csv,79.511
SAR,2,Williams,13.0,0 days 00:01:20.702000,1.0,MEDIUM,13.0,0 days 01:18:19.311000,1,True,25.4,40.1,43.0,1013.5,False,0.6,136,laps_2023_monaco_R.csv,80.702
MAG,20,Haas F1 Team,13.0,0 days 00:01:20.886000,1.0,HARD,13.0,0 days 01:18:19.427000,1,True,25.4,40.1,43.0,1013.5,False,0.6,136,laps_2023_monaco_R.csv,80.886
STR,18,Aston Martin,13.0,0 days 00:01:20.847000,1.0,HARD,14.0,0 days 01:18:19.996000,1,True,25.4,40.1,43.0,1013.5,False,0.6,136,laps_2023_monaco_R.csv,80.847
PER,11,Red Bull,13.0,0 days 00:01:20.797000,2.0,HARD,12.0,0 days 01:18:20.398000,1,True,25.4,40.1,43.0,1013.5,False,0.6,136,laps_2023_monaco_R.csv,80.797
ZHO,24,Alfa Romeo,13.0,0 days 00:01:20.561000,2.0,HARD,12.0,0 days 01:18:21.374000,1,True,25.4,40.1,43.0,1013.5,False,0.6,136,laps_2023_monaco_R.csv,80.561
HUL,27,Haas F1 Team,13.0,0 days 00:01:20.824000,2.0,HARD,12.0,0 days 01:18:21.919000,1,True,25.4,40.1,43.0,1013.5,False,0.6,136,laps_2023_monaco_R.csv,80.824
VER,1,Red Bull,14.0,0 days 00:01:17.065000,1.0,MEDIUM,14.0,0 days 01:19:00.094000,12,True,25.4,40.1,43.0,1013.5,False,0.6,136,laps_2023_monaco_R.csv,77.065
ALO,14,Aston Martin,14.0,0 days 00:01:17.508000,1.0,HARD,15.0,0 days 01:19:05.433000,12,True,25.4,40.1,43.0,1013.5,False,0.6,136,laps_2023_monaco_R.csv,77.508
OCO,31,Alpine,14.0,0 days 00:01:18.055000,1.0,MEDIUM,14.0,0 days 01:19:16.107000,12,True,25.4,40.1,43.0,1013.5,False,1.2,146,laps_2023_monaco_R.csv,78.055
SAI,55,Ferrari,14.0,0 days 00:01:18.107000,1.0,HARD,14.0,0 days 01:19:17.315000,12,True,25.4,40.1,43.0,1013.5,False,1.2,146,laps_2023_monaco_R.csv,78.107
HAM,44,Mercedes,14.0,0 days 00:01:18.422000,1.0,MEDIUM,14.0,0 days 01:19:18.408000,12,True,25.4,40.1,43.0,1013.5,False,1.2,146,laps_2023_monaco_R.csv,78.422
LEC,16,Ferrari,14.0,0 days 00:01:18.394000,1.0,HARD,14.0,0 days 01:19:19.177000,12,True,25.4,40.1,43.0,1013.5,False,1.2,146,laps_2023_monaco_R.csv,78.394
GAS,10,Alpine,14.0,0 days 00:01:18.564000,1.0,HARD,14.0,0 days 01:19:20.809000,12,True,25.4,40.1,43.0,1013.5,False,1.2,146,laps_2023_monaco_R.csv,78.564
RUS,63,Mercedes,14.0,0 days 00:01:18.286000,1.0,HARD,14.0,0 days 01:19:22.738000,12,True,25.4,40.1,43.0,1013.5,False,1.2,146,laps_2023_monaco_R.csv,78.286
TSU,22,AlphaTauri,14.0,0 days 00:01:18.481000,1.0,MEDIUM,14.0,0 days 01:19:27.084000,12,True,25.4,40.1,43.0,1013.5,False,1.2,146,laps_2023_monaco_R.csv,78.481
NOR,4,McLaren,14.0,0 days 00:01:18.856000,1.0,MEDIUM,14.0,0 days 01:19:29.817000,12,True,25.4,40.1,43.0,1013.5,False,1.2,146,laps_2023_monaco_R.csv,78.856
PIA,81,McLaren,14.0,0 days 00:01:19.285000,1.0,HARD,14.0,0 days 01:19:32.490000,12,True,25.4,40.1,43.0,1013.5,False,1.2,146,laps_2023_monaco_R.csv,79.285
DEV,21,AlphaTauri,14.0,0 days 00:01:19.479000,1.0,MEDIUM,14.0,0 days 01:19:33.243000,12,True,25.4,40.1,43.0,1013.5,False,1.2,146,laps_2023_monaco_R.csv,79.479
ALB,23,Williams,14.0,0 days 00:01:20.259000,1.0,MEDIUM,14.0,0 days 01:19:34.856000,12,True,25.4,40.1,43.0,1013.5,False,1.2,146,laps_2023_monaco_R.csv,80.259
BOT,77,Alfa Romeo,14.0,0 days 00:01:20.067000,1.0,HARD,14.0,0 days 01:19:35.374000,12,True,25.4,40.1,43.0,1013.5,False,1.2,146,laps_2023_monaco_R.csv,80.067
SAR,2,Williams,14.0,0 days 00:01:20.318000,1.0,MEDIUM,14.0,0 days 01:19:40.013000,12,True,25.4,40.1,43.0,1013.5,False,1.2,146,laps_2023_monaco_R.csv,80.318
MAG,20,Haas F1 Team,14.0,0 days 00:01:20.328000,1.0,HARD,14.0,0 days 01:19:40.313000,12,True,25.4,40.1,43.0,1013.5,False,1.2,146,laps_2023_monaco_R.csv,80.328
STR,18,Aston Martin,14.0,0 days 00:01:20.295000,1.0,HARD,15.0,0 days 01:19:40.843000,12,True,25.4,40.1,43.0,1013.5,False,1.2,146,laps_2023_monaco_R.csv,80.295
PER,11,Red Bull,14.0,0 days 00:01:20.283000,2.0,HARD,13.0,0 days 01:19:41.195000,12,True,25.4,40.1,43.0,1013.5,False,1.2,146,laps_2023_monaco_R.csv,80.283
ZHO,24,Alfa Romeo,14.0,0 days 00:01:20.653000,2.0,HARD,13.0,0 days 01:19:41.935000,12,True,25.4,40.1,43.0,1013.5,False,1.2,146,laps_2023_monaco_R.csv,80.653
HUL,27,Haas F1 Team,14.0,0 days 00:01:21.254000,2.0,HARD,13.0,0 days 01:19:42.743000,12,True,25.4,40.1,43.0,1013.5,False,1.2,146,laps_2023_monaco_R.csv,81.254
VER,1,Red Bull,15.0,0 days 00:01:17.079000,1.0,MEDIUM,15.0,0 days 01:20:17.159000,21,True,25.3,39.9,43.0,1013.5,False,0.8,148,laps_2023_monaco_R.csv,77.079
ALO,14,Aston Martin,15.0,0 days 00:01:17.444000,1.0,HARD,16.0,0 days 01:20:22.941000,1,True,25.3,39.9,43.0,1013.5,False,0.8,148,laps_2023_monaco_R.csv,77.444
OCO,31,Alpine,15.0,0 days 00:01:18.018000,1.0,MEDIUM,15.0,0 days 01:20:34.162000,1,True,25.3,39.9,43.0,1013.5,False,0.8,148,laps_2023_monaco_R.csv,78.018
SAI,55,Ferrari,15.0,0 days 00:01:17.883000,1.0,HARD,15.0,0 days 01:20:35.422000,1,True,25.3,39.9,43.0,1013.5,False,0.8,148,laps_2023_monaco_R.csv,77.883
HAM,44,Mercedes,15.0,0 days 00:01:18.189000,1.0,MEDIUM,15.0,0 days 01:20:36.830000,1,True,25.3,39.9,43.0,1013.5,False,0.8,148,laps_2023_monaco_R.csv,78.189
LEC,16,Ferrari,15.0,0 days 00:01:18.312000,1.0,HARD,15.0,0 days 01:20:37.571000,1,True,25.3,39.9,43.0,1013.5,False,0.8,148,laps_2023_monaco_R.csv,78.312
GAS,10,Alpine,15.0,0 days 00:01:18.284000,1.0,HARD,15.0,0 days 01:20:39.373000,1,True,25.3,39.9,43.0,1013.5,False,0.8,148,laps_2023_monaco_R.csv,78.284
RUS,63,Mercedes,15.0,0 days 00:01:18.531000,1.0,HARD,15.0,0 days 01:20:41.024000,1,True,25.3,39.9,43.0,1013.5,False,0.8,148,laps_2023_monaco_R.csv,78.531
TSU,22,AlphaTauri,15.0,0 days 00:01:18.439000,1.0,MEDIUM,15.0,0 days 01:20:45.565000,1,True,25.3,39.9,43.0,1013.5,False,0.8,148,laps_2023_monaco_R.csv,78.439
NOR,4,McLaren,15.0,0 days 00:01:18.855000,1.0,MEDIUM,15.0,0 days 01:20:48.673000,1,True,25.3,39.9,43.0,1013.5,False,0.8,148,laps_2023_monaco_R.csv,78.855
PIA,81,McLaren,15.0,0 days 00:01:19.134000,1.0,HARD,15.0,0 days 01:20:51.775000,1,True,25.3,39.9,43.0,1013.5,False,0.8,148,laps_2023_monaco_R.csv,79.134
DEV,21,AlphaTauri,15.0,0 days 00:01:19.081000,1.0,MEDIUM,15.0,0 days 01:20:52.722000,1,True,25.3,39.9,43.0,1013.5,False,0.8,148,laps_2023_monaco_R.csv,79.081
ALB,23,Williams,15.0,0 days 00:01:20.892000,1.0,MEDIUM,15.0,0 days 01:20:55.115000,1,True,25.3,39.9,43.0,1013.5,False,0.8,148,laps_2023_monaco_R.csv,80.892
BOT,77,Alfa Romeo,15.0,0 days 00:01:20.912000,1.0,HARD,15.0,0 days 01:20:55.441000,1,True,25.3,39.9,43.0,1013.5,False,0.8,148,laps_2023_monaco_R.csv,80.912
SAR,2,Williams,15.0,0 days 00:01:20.280000,1.0,MEDIUM,15.0,0 days 01:21:00.331000,1,True,25.3,39.9,43.0,1013.5,False,0.8,148,laps_2023_monaco_R.csv,80.28
MAG,20,Haas F1 Team,15.0,0 days 00:01:20.287000,1.0,HARD,15.0,0 days 01:21:00.641000,1,True,25.3,39.9,43.0,1013.5,False,0.8,148,laps_2023_monaco_R.csv,80.287
STR,18,Aston Martin,15.0,0 days 00:01:20.203000,1.0,HARD,16.0,0 days 01:21:01.138000,1,True,25.3,39.9,43.0,1013.5,False,0.8,148,laps_2023_monaco_R.csv,80.203
PER,11,Red Bull,15.0,0 days 00:01:20.418000,2.0,HARD,14.0,0 days 01:21:01.478000,1,True,25.3,39.9,43.0,1013.5,False,0.8,148,laps_2023_monaco_R.csv,80.418
ZHO,24,Alfa Romeo,15.0,0 days 00:01:20.398000,2.0,HARD,14.0,0 days 01:21:02.588000,1,True,25.3,39.9,43.0,1013.5,False,0.8,148,laps_2023_monaco_R.csv,80.398
HUL,27,Haas F1 Team,15.0,0 days 00:01:20.972000,2.0,HARD,14.0,0 days 01:21:03.997000,1,True,25.3,39.9,43.0,1013.5,False,0.8,148,laps_2023_monaco_R.csv,80.972
VER,1,Red Bull,16.0,0 days 00:01:16.824000,1.0,MEDIUM,16.0,0 days 01:21:34.238000,1,True,25.3,39.9,44.0,1013.7,False,1.6,134,laps_2023_monaco_R.csv,76.824
ALO,14,Aston Martin,16.0,0 days 00:01:17.170000,1.0,HARD,17.0,0 days 01:21:40.385000,1,True,25.3,39.9,44.0,1013.7,False,1.6,134,laps_2023_monaco_R.csv,77.17
OCO,31,Alpine,16.0,0 days 00:01:17.948000,1.0,MEDIUM,16.0,0 days 01:21:52.180000,1,True,25.3,39.9,44.0,1013.7,False,1.6,134,laps_2023_monaco_R.csv,77.948
SAI,55,Ferrari,16.0,0 days 00:01:18.239000,1.0,HARD,16.0,0 days 01:21:53.305000,1,True,25.3,39.9,44.0,1013.7,False,1.6,134,laps_2023_monaco_R.csv,78.239
HAM,44,Mercedes,16.0,0 days 00:01:18.310000,1.0,MEDIUM,16.0,0 days 01:21:55.019000,1,True,25.3,39.9,44.0,1013.7,False,1.6,134,laps_2023_monaco_R.csv,78.31
LEC,16,Ferrari,16.0,0 days 00:01:18.316000,1.0,HARD,16.0,0 days 01:21:55.883000,1,True,25.3,39.9,44.0,1013.7,False,1.6,134,laps_2023_monaco_R.csv,78.316
GAS,10,Alpine,16.0,0 days 00:01:18.298000,1.0,HARD,16.0,0 days 01:21:57.657000,1,True,25.3,39.9,44.0,1013.7,False,1.6,134,laps_2023_monaco_R.csv,78.298
RUS,63,Mercedes,16.0,0 days 00:01:18.502000,1.0,HARD,16.0,0 days 01:21:59.555000,1,True,25.3,39.9,44.0,1013.7,False,1.6,134,laps_2023_monaco_R.csv,78.502
TSU,22,AlphaTauri,16.0,0 days 00:01:18.246000,1.0,MEDIUM,16.0,0 days 01:22:04.004000,1,True,25.3,39.9,44.0,1013.7,False,1.6,134,laps_2023_monaco_R.csv,78.246
NOR,4,McLaren,16.0,0 days 00:01:18.988000,1.0,MEDIUM,16.0,0 days 01:22:07.528000,1,True,25.3,39.9,44.0,1013.7,False,1.6,134,laps_2023_monaco_R.csv,78.988
PIA,81,McLaren,16.0,0 days 00:01:18.718000,1.0,HARD,16.0,0 days 01:22:10.909000,1,True,25.3,39.9,44.0,1013.7,False,1.6,134,laps_2023_monaco_R.csv,78.718
DEV,21,AlphaTauri,16.0,0 days 00:01:19.004000,1.0,MEDIUM,16.0,0 days 01:22:11.803000,1,True,25.3,39.9,44.0,1013.7,False,1.6,134,laps_2023_monaco_R.csv,79.004
ALB,23,Williams,16.0,0 days 00:01:20.443000,1.0,MEDIUM,16.0,0 days 01:22:16.007000,1,True,25.3,39.5,44.0,1013.5,False,0.8,129,laps_2023_monaco_R.csv,80.443
BOT,77,Alfa Romeo,16.0,0 days 00:01:20.480000,1.0,HARD,16.0,0 days 01:22:16.353000,1,True,25.3,39.5,44.0,1013.5,False,0.8,129,laps_2023_monaco_R.csv,80.48
SAR,2,Williams,16.0,0 days 00:01:20.471000,1.0,MEDIUM,16.0,0 days 01:22:20.611000,1,True,25.3,39.5,44.0,1013.5,False,0.8,129,laps_2023_monaco_R.csv,80.471
MAG,20,Haas F1 Team,16.0,0 days 00:01:20.464000,1.0,HARD,16.0,0 days 01:22:20.928000,1,True,25.3,39.5,44.0,1013.5,False,0.8,129,laps_2023_monaco_R.csv,80.464
STR,18,Aston Martin,16.0,0 days 00:01:20.545000,1.0,HARD,17.0,0 days 01:22:21.341000,1,True,25.3,39.5,44.0,1013.5,False,0.8,129,laps_2023_monaco_R.csv,80.545
PER,11,Red Bull,16.0,0 days 00:01:20.487000,2.0,HARD,15.0,0 days 01:22:21.896000,1,True,25.3,39.5,44.0,1013.5,False,0.8,129,laps_2023_monaco_R.csv,80.487
ZHO,24,Alfa Romeo,16.0,0 days 00:01:20.727000,2.0,HARD,15.0,0 days 01:22:22.986000,1,True,25.3,39.5,44.0,1013.5,False,0.8,129,laps_2023_monaco_R.csv,80.727
HUL,27,Haas F1 Team,16.0,0 days 00:01:20.281000,2.0,HARD,15.0,0 days 01:22:24.969000,1,True,25.3,39.5,44.0,1013.5,False,0.8,129,laps_2023_monaco_R.csv,80.281
VER,1,Red Bull,17.0,0 days 00:01:16.860000,1.0,MEDIUM,17.0,0 days 01:22:51.062000,1,True,25.3,39.5,44.0,1013.5,False,0.8,129,laps_2023_monaco_R.csv,76.86
ALO,14,Aston Martin,17.0,0 days 00:01:17.699000,1.0,HARD,18.0,0 days 01:22:57.555000,1,True,25.3,39.5,44.0,1013.5,False,0.8,129,laps_2023_monaco_R.csv,77.699
OCO,31,Alpine,17.0,0 days 00:01:18.372000,1.0,MEDIUM,17.0,0 days 01:23:10.128000,1,True,25.3,39.5,44.0,1013.5,False,0.8,129,laps_2023_monaco_R.csv,78.372
SAI,55,Ferrari,17.0,0 days 00:01:18.360000,1.0,HARD,17.0,0 days 01:23:11.544000,1,True,25.3,39.5,44.0,1013.5,False,0.8,129,laps_2023_monaco_R.csv,78.36
HAM,44,Mercedes,17.0,0 days 00:01:18.254000,1.0,MEDIUM,17.0,0 days 01:23:13.329000,1,True,25.3,39.5,44.0,1013.5,False,0.8,168,laps_2023_monaco_R.csv,78.254
LEC,16,Ferrari,17.0,0 days 00:01:18.234000,1.0,HARD,17.0,0 days 01:23:14.199000,1,True,25.3,39.5,44.0,1013.5,False,0.8,168,laps_2023_monaco_R.csv,78.234
GAS,10,Alpine,17.0,0 days 00:01:17.990000,1.0,HARD,17.0,0 days 01:23:15.955000,1,True,25.3,39.5,44.0,1013.5,False,0.8,168,laps_2023_monaco_R.csv,77.99
RUS,63,Mercedes,17.0,0 days 00:01:18.244000,1.0,HARD,17.0,0 days 01:23:18.057000,1,True,25.3,39.5,44.0,1013.5,False,0.8,168,laps_2023_monaco_R.csv,78.244
TSU,22,AlphaTauri,17.0,0 days 00:01:18.368000,1.0,MEDIUM,17.0,0 days 01:23:22.250000,1,True,25.3,39.5,44.0,1013.5,False,0.8,168,laps_2023_monaco_R.csv,78.368
NOR,4,McLaren,17.0,0 days 00:01:18.937000,1.0,MEDIUM,17.0,0 days 01:23:26.516000,1,True,25.3,39.5,44.0,1013.5,False,0.8,168,laps_2023_monaco_R.csv,78.937
PIA,81,McLaren,17.0,0 days 00:01:19.053000,1.0,HARD,17.0,0 days 01:23:29.627000,1,True,25.3,39.5,44.0,1013.5,False,0.8,168,laps_2023_monaco_R.csv,79.053
DEV,21,AlphaTauri,17.0,0 days 00:01:19.182000,1.0,MEDIUM,17.0,0 days 01:23:30.807000,1,True,25.3,39.5,44.0,1013.5,False,0.8,168,laps_2023_monaco_R.csv,79.182
ALB,23,Williams,17.0,0 days 00:01:20.624000,1.0,MEDIUM,17.0,0 days 01:23:36.450000,1,True,25.3,39.5,44.0,1013.5,False,0.8,168,laps_2023_monaco_R.csv,80.624
BOT,77,Alfa Romeo,17.0,0 days 00:01:20.577000,1.0,HARD,17.0,0 days 01:23:36.833000,1,True,25.3,39.5,44.0,1013.5,False,0.8,168,laps_2023_monaco_R.csv,80.577
SAR,2,Williams,17.0,0 days 00:01:23.236000,1.0,MEDIUM,17.0,0 days 01:23:41.082000,1,True,25.3,39.5,44.0,1013.5,False,0.8,168,laps_2023_monaco_R.csv,83.236
MAG,20,Haas F1 Team,17.0,0 days 00:01:19.206000,1.0,HARD,17.0,0 days 01:23:41.392000,1,True,25.3,39.5,44.0,1013.5,False,0.8,168,laps_2023_monaco_R.csv,79.206
STR,18,Aston Martin,17.0,0 days 00:01:21.170000,1.0,HARD,18.0,0 days 01:23:41.886000,1,True,25.3,39.5,44.0,1013.5,False,0.8,168,laps_2023_monaco_R.csv,81.17
PER,11,Red Bull,17.0,0 days 00:01:21.315000,2.0,HARD,16.0,0 days 01:23:42.383000,1,True,25.3,39.5,44.0,1013.5,False,0.8,168,laps_2023_monaco_R.csv,81.315
ZHO,24,Alfa Romeo,17.0,0 days 00:01:20.669000,2.0,HARD,16.0,0 days 01:23:43.713000,1,True,25.3,39.5,44.0,1013.5,False,0.8,168,laps_2023_monaco_R.csv,80.669
HUL,27,Haas F1 Team,17.0,0 days 00:01:20.171000,2.0,HARD,16.0,0 days 01:23:45.250000,1,True,25.3,39.5,44.0,1013.5,False,0.8,168,laps_2023_monaco_R.csv,80.171
VER,1,Red Bull,18.0,0 days 00:01:16.712000,1.0,MEDIUM,18.0,0 days 01:24:07.922000,1,True,25.3,39.5,44.0,1013.5,False,0.8,168,laps_2023_monaco_R.csv,76.712
ALO,14,Aston Martin,18.0,0 days 00:01:17.528000,1.0,HARD,19.0,0 days 01:24:15.254000,1,True,25.2,39.8,44.0,1013.5,False,0.8,145,laps_2023_monaco_R.csv,77.528
OCO,31,Alpine,18.0,0 days 00:01:18.220000,1.0,MEDIUM,18.0,0 days 01:24:28.500000,1,True,25.2,39.8,44.0,1013.5,False,0.8,145,laps_2023_monaco_R.csv,78.22
SAI,55,Ferrari,18.0,0 days 00:01:18.178000,1.0,HARD,18.0,0 days 01:24:29.904000,1,True,25.2,39.8,44.0,1013.5,False,0.8,145,laps_2023_monaco_R.csv,78.178
HAM,44,Mercedes,18.0,0 days 00:01:18.370000,1.0,MEDIUM,18.0,0 days 01:24:31.583000,1,True,25.2,39.8,44.0,1013.5,False,0.8,145,laps_2023_monaco_R.csv,78.37
LEC,16,Ferrari,18.0,0 days 00:01:18.361000,1.0,HARD,18.0,0 days 01:24:32.433000,1,True,25.2,39.8,44.0,1013.5,False,0.8,145,laps_2023_monaco_R.csv,78.361
GAS,10,Alpine,18.0,0 days 00:01:18.453000,1.0,HARD,18.0,0 days 01:24:33.945000,1,True,25.2,39.8,44.0,1013.5,False,0.8,145,laps_2023_monaco_R.csv,78.453
RUS,63,Mercedes,18.0,0 days 00:01:18.229000,1.0,HARD,18.0,0 days 01:24:36.301000,1,True,25.2,39.8,44.0,1013.5,False,0.8,145,laps_2023_monaco_R.csv,78.229
TSU,22,AlphaTauri,18.0,0 days 00:01:19.026000,1.0,MEDIUM,18.0,0 days 01:24:40.618000,1,True,25.2,39.8,44.0,1013.5,False,0.8,145,laps_2023_monaco_R.csv,79.026
NOR,4,McLaren,18.0,0 days 00:01:19.010000,1.0,MEDIUM,18.0,0 days 01:24:45.453000,1,True,25.2,39.8,44.0,1013.5,False,0.8,145,laps_2023_monaco_R.csv,79.01
PIA,81,McLaren,18.0,0 days 00:01:18.765000,1.0,HARD,18.0,0 days 01:24:48.680000,1,True,25.2,39.8,44.0,1013.5,False,0.8,145,laps_2023_monaco_R.csv,78.765
DEV,21,AlphaTauri,18.0,0 days 00:01:19.281000,1.0,MEDIUM,18.0,0 days 01:24:49.989000,1,True,25.2,39.8,44.0,1013.5,False,0.8,145,laps_2023_monaco_R.csv,79.281
BOT,77,Alfa Romeo,18.0,0 days 00:01:18.764000,1.0,HARD,18.0,0 days 01:24:57.410000,1,True,25.2,39.8,44.0,1013.5,False,0.8,145,laps_2023_monaco_R.csv,78.764
MAG,20,Haas F1 Team,18.0,0 days 00:01:18.727000,1.0,HARD,18.0,0 days 01:25:00.598000,1,True,25.2,39.8,44.0,1013.5,False,0.8,145,laps_2023_monaco_R.csv,78.727
STR,18,Aston Martin,18.0,0 days 00:01:17.769000,1.0,HARD,19.0,0 days 01:25:03.056000,1,True,25.2,39.8,44.0,1013.5,False,0.8,145,laps_2023_monaco_R.csv,77.769
PER,11,Red Bull,18.0,0 days 00:01:18.092000,2.0,HARD,17.0,0 days 01:25:03.698000,1,True,25.2,39.8,44.0,1013.5,False,0.8,145,laps_2023_monaco_R.csv,78.092
SAR,2,Williams,18.0,0 days 00:01:21.410000,1.0,MEDIUM,18.0,0 days 01:25:04.318000,1,True,25.2,39.8,44.0,1013.5,False,0.8,145,laps_2023_monaco_R.csv,81.41
ZHO,24,Alfa Romeo,18.0,0 days 00:01:21.524000,2.0,HARD,17.0,0 days 01:25:04.382000,1,True,25.2,39.8,44.0,1013.5,False,0.8,145,laps_2023_monaco_R.csv,81.524
HUL,27,Haas F1 Team,18.0,0 days 00:01:21.166000,2.0,HARD,17.0,0 days 01:25:05.421000,1,True,25.2,39.8,44.0,1013.5,False,0.8,145,laps_2023_monaco_R.csv,81.166
VER,1,Red Bull,19.0,0 days 00:01:16.823000,1.0,MEDIUM,19.0,0 days 01:25:24.634000,1,True,25.3,39.8,43.0,1013.5,False,1.5,104,laps_2023_monaco_R.csv,76.823
ALO,14,Aston Martin,19.0,0 days 00:01:17.258000,1.0,HARD,20.0,0 days 01:25:32.782000,1,True,25.3,39.8,43.0,1013.5,False,1.5,104,laps_2023_monaco_R.csv,77.258
OCO,31,Alpine,19.0,0 days 00:01:18.074000,1.0,MEDIUM,19.0,0 days 01:25:46.720000,1,True,25.3,39.8,43.0,1013.5,False,1.5,104,laps_2023_monaco_R.csv,78.074
SAI,55,Ferrari,19.0,0 days 00:01:17.999000,1.0,HARD,19.0,0 days 01:25:48.082000,1,True,25.3,39.8,43.0,1013.5,False,1.5,104,laps_2023_monaco_R.csv,77.999
HAM,44,Mercedes,19.0,0 days 00:01:18.207000,1.0,MEDIUM,19.0,0 days 01:25:49.953000,1,True,25.3,39.8,43.0,1013.5,False,1.5,104,laps_2023_monaco_R.csv,78.207
LEC,16,Ferrari,19.0,0 days 00:01:18.190000,1.0,HARD,19.0,0 days 01:25:50.794000,1,True,25.3,39.8,43.0,1013.5,False,1.5,104,laps_2023_monaco_R.csv,78.19
GAS,10,Alpine,19.0,0 days 00:01:18.109000,1.0,HARD,19.0,0 days 01:25:52.398000,1,True,25.3,39.8,43.0,1013.5,False,1.5,104,laps_2023_monaco_R.csv,78.109
RUS,63,Mercedes,19.0,0 days 00:01:18.299000,1.0,HARD,19.0,0 days 01:25:54.530000,1,True,25.3,39.8,43.0,1013.5,False,1.5,104,laps_2023_monaco_R.csv,78.299
TSU,22,AlphaTauri,19.0,0 days 00:01:18.567000,1.0,MEDIUM,19.0,0 days 01:25:59.644000,1,True,25.3,39.8,43.0,1013.5,False,1.5,104,laps_2023_monaco_R.csv,78.567
NOR,4,McLaren,19.0,0 days 00:01:19.504000,1.0,MEDIUM,19.0,0 days 01:26:04.463000,1,True,25.3,39.8,43.0,1013.5,False,1.5,104,laps_2023_monaco_R.csv,79.504
PIA,81,McLaren,19.0,0 days 00:01:19.416000,1.0,HARD,19.0,0 days 01:26:07.445000,1,True,25.3,39.8,43.0,1013.5,False,1.5,104,laps_2023_monaco_R.csv,79.416
DEV,21,AlphaTauri,19.0,0 days 00:01:19.234000,1.0,MEDIUM,19.0,0 days 01:26:09.270000,1,True,25.3,39.8,43.0,1013.5,False,1.5,104,laps_2023_monaco_R.csv,79.234
BOT,77,Alfa Romeo,19.0,0 days 00:01:17.824000,1.0,HARD,19.0,0 days 01:26:16.174000,1,True,25.3,39.9,42.0,1013.5,False,0.6,132,laps_2023_monaco_R.csv,77.824
MAG,20,Haas F1 Team,19.0,0 days 00:01:18.445000,1.0,HARD,19.0,0 days 01:26:19.325000,1,True,25.3,39.9,42.0,1013.5,False,0.6,132,laps_2023_monaco_R.csv,78.445
STR,18,Aston Martin,19.0,0 days 00:01:17.915000,1.0,HARD,20.0,0 days 01:26:20.825000,1,True,25.3,39.9,42.0,1013.5,False,0.6,132,laps_2023_monaco_R.csv,77.915
PER,11,Red Bull,19.0,0 days 00:01:17.867000,2.0,HARD,18.0,0 days 01:26:21.790000,1,True,25.3,39.9,42.0,1013.5,False,0.6,132,laps_2023_monaco_R.csv,77.867
SAR,2,Williams,19.0,0 days 00:01:22.328000,1.0,MEDIUM,19.0,0 days 01:26:25.728000,1,True,25.3,39.9,42.0,1013.5,False,0.6,132,laps_2023_monaco_R.csv,82.328
ZHO,24,Alfa Romeo,19.0,0 days 00:01:22.387000,2.0,HARD,18.0,0 days 01:26:25.906000,1,True,25.3,39.9,42.0,1013.5,False,0.6,132,laps_2023_monaco_R.csv,82.387
HUL,27,Haas F1 Team,19.0,0 days 00:01:19.836000,2.0,HARD,18.0,0 days 01:26:26.587000,1,True,25.3,39.9,42.0,1013.5,False,0.6,132,laps_2023_monaco_R.csv,79.836
VER,1,Red Bull,20.0,0 days 00:01:17.214000,1.0,MEDIUM,20.0,0 days 01:26:41.457000,1,True,25.3,39.9,42.0,1013.5,False,0.6,132,laps_2023_monaco_R.csv,77.214
ALO,14,Aston Martin,20.0,0 days 00:01:17.130000,1.0,HARD,21.0,0 days 01:26:50.040000,1,True,25.3,39.9,42.0,1013.5,False,0.6,132,laps_2023_monaco_R.csv,77.13
OCO,31,Alpine,20.0,0 days 00:01:18.087000,1.0,MEDIUM,20.0,0 days 01:27:04.794000,1,True,25.3,39.9,42.0,1013.5,False,0.6,132,laps_2023_monaco_R.csv,78.087
SAI,55,Ferrari,20.0,0 days 00:01:18.032000,1.0,HARD,20.0,0 days 01:27:06.081000,1,True,25.3,39.9,42.0,1013.5,False,0.6,132,laps_2023_monaco_R.csv,78.032
HAM,44,Mercedes,20.0,0 days 00:01:18.121000,1.0,MEDIUM,20.0,0 days 01:27:08.160000,1,True,25.3,39.9,42.0,1013.5,False,0.6,132,laps_2023_monaco_R.csv,78.121
LEC,16,Ferrari,20.0,0 days 00:01:18.365000,1.0,HARD,20.0,0 days 01:27:08.984000,1,True,25.3,39.9,42.0,1013.5,False,0.6,132,laps_2023_monaco_R.csv,78.365
GAS,10,Alpine,20.0,0 days 00:01:18.587000,1.0,HARD,20.0,0 days 01:27:10.507000,1,True,25.3,39.9,42.0,1013.5,False,0.6,132,laps_2023_monaco_R.csv,78.587
RUS,63,Mercedes,20.0,0 days 00:01:18.320000,1.0,HARD,20.0,0 days 01:27:12.829000,1,True,25.3,39.9,42.0,1013.5,False,1.2,142,laps_2023_monaco_R.csv,78.32
TSU,22,AlphaTauri,20.0,0 days 00:01:19.131000,1.0,MEDIUM,20.0,0 days 01:27:18.211000,1,True,25.3,39.9,42.0,1013.5,False,1.2,142,laps_2023_monaco_R.csv,79.131
NOR,4,McLaren,20.0,0 days 00:01:18.985000,1.0,MEDIUM,20.0,0 days 01:27:23.967000,1,True,25.3,39.9,42.0,1013.5,False,1.2,142,laps_2023_monaco_R.csv,78.985
PIA,81,McLaren,20.0,0 days 00:01:19.281000,1.0,HARD,20.0,0 days 01:27:26.861000,1,True,25.3,39.9,42.0,1013.5,False,1.2,142,laps_2023_monaco_R.csv,79.281
DEV,21,AlphaTauri,20.0,0 days 00:01:19.188000,1.0,MEDIUM,20.0,0 days 01:27:28.504000,1,True,25.3,39.9,42.0,1013.5,False,1.2,142,laps_2023_monaco_R.csv,79.188
BOT,77,Alfa Romeo,20.0,0 days 00:01:18.024000,1.0,HARD,20.0,0 days 01:27:33.998000,1,True,25.3,39.9,42.0,1013.5,False,1.2,142,laps_2023_monaco_R.csv,78.024
MAG,20,Haas F1 Team,20.0,0 days 00:01:18.354000,1.0,HARD,20.0,0 days 01:27:37.770000,1,True,25.3,39.9,42.0,1013.5,False,1.2,142,laps_2023_monaco_R.csv,78.354
STR,18,Aston Martin,20.0,0 days 00:01:18.061000,1.0,HARD,21.0,0 days 01:27:38.740000,1,True,25.3,39.9,42.0,1013.5,False,1.2,142,laps_2023_monaco_R.csv,78.061
PER,11,Red Bull,20.0,0 days 00:01:17.979000,2.0,HARD,19.0,0 days 01:27:39.657000,1,True,25.3,39.9,42.0,1013.5,False,1.2,142,laps_2023_monaco_R.csv,77.979
HUL,27,Haas F1 Team,20.0,0 days 00:01:17.642000,2.0,HARD,19.0,0 days 01:27:46.423000,1,True,25.3,39.9,42.0,1013.5,False,1.2,142,laps_2023_monaco_R.csv,77.642
ZHO,24,Alfa Romeo,20.0,0 days 00:01:20.574000,2.0,HARD,19.0,0 days 01:27:48.293000,1,True,25.3,39.9,42.0,1013.5,False,1.2,142,laps_2023_monaco_R.csv,80.574
VER,1,Red Bull,21.0,0 days 00:01:16.803000,1.0,MEDIUM,21.0,0 days 01:27:58.671000,1,True,25.3,39.9,42.0,1013.5,False,1.2,142,laps_2023_monaco_R.csv,76.803
ALB,23,Williams,20.0,0 days 00:01:18.470000,2.0,HARD,2.0,0 days 01:27:58.681000,1,True,25.3,39.9,42.0,1013.5,False,1.2,142,laps_2023_monaco_R.csv,78.47
ALO,14,Aston Martin,21.0,0 days 00:01:17.664000,1.0,HARD,22.0,0 days 01:28:07.170000,1,True,25.3,39.9,42.0,1013.5,False,1.2,142,laps_2023_monaco_R.csv,77.664
OCO,31,Alpine,21.0,0 days 00:01:18.161000,1.0,MEDIUM,21.0,0 days 01:28:22.881000,1,True,25.3,39.7,43.0,1013.5,False,2.0,91,laps_2023_monaco_R.csv,78.161
SAI,55,Ferrari,21.0,0 days 00:01:18.006000,1.0,HARD,21.0,0 days 01:28:24.113000,1,True,25.3,39.7,43.0,1013.5,False,2.0,91,laps_2023_monaco_R.csv,78.006
HAM,44,Mercedes,21.0,0 days 00:01:18.311000,1.0,MEDIUM,21.0,0 days 01:28:26.281000,1,True,25.3,39.7,43.0,1013.5,False,2.0,91,laps_2023_monaco_R.csv,78.311
LEC,16,Ferrari,21.0,0 days 00:01:18.127000,1.0,HARD,21.0,0 days 01:28:27.349000,1,True,25.3,39.7,43.0,1013.5,False,2.0,91,laps_2023_monaco_R.csv,78.127
GAS,10,Alpine,21.0,0 days 00:01:17.810000,1.0,HARD,21.0,0 days 01:28:29.094000,1,True,25.3,39.7,43.0,1013.5,False,2.0,91,laps_2023_monaco_R.csv,77.81
RUS,63,Mercedes,21.0,0 days 00:01:18.086000,1.0,HARD,21.0,0 days 01:28:31.149000,1,True,25.3,39.7,43.0,1013.5,False,2.0,91,laps_2023_monaco_R.csv,78.086
TSU,22,AlphaTauri,21.0,0 days 00:01:19.260000,1.0,MEDIUM,21.0,0 days 01:28:37.342000,1,True,25.3,39.7,43.0,1013.5,False,2.0,91,laps_2023_monaco_R.csv,79.26
NOR,4,McLaren,21.0,0 days 00:01:19.074000,1.0,MEDIUM,21.0,0 days 01:28:42.952000,1,True,25.3,39.7,43.0,1013.5,False,2.0,91,laps_2023_monaco_R.csv,79.074
PIA,81,McLaren,21.0,0 days 00:01:19.065000,1.0,HARD,21.0,0 days 01:28:46.142000,1,True,25.3,39.7,43.0,1013.5,False,2.0,91,laps_2023_monaco_R.csv,79.065
DEV,21,AlphaTauri,21.0,0 days 00:01:19.398000,1.0,MEDIUM,21.0,0 days 01:28:47.692000,1,True,25.3,39.7,43.0,1013.5,False,2.0,91,laps_2023_monaco_R.csv,79.398
BOT,77,Alfa Romeo,21.0,0 days 00:01:18.024000,1.0,HARD,21.0,0 days 01:28:52.022000,1,True,25.3,39.7,43.0,1013.5,False,2.0,91,laps_2023_monaco_R.csv,78.024
MAG,20,Haas F1 Team,21.0,0 days 00:01:18.800000,1.0,HARD,21.0,0 days 01:28:56.124000,1,True,25.3,39.7,43.0,1013.5,False,2.0,91,laps_2023_monaco_R.csv,78.8
STR,18,Aston Martin,21.0,0 days 00:01:18.594000,1.0,HARD,22.0,0 days 01:28:56.801000,1,True,25.3,39.7,43.0,1013.5,False,2.0,91,laps_2023_monaco_R.csv,78.594
PER,11,Red Bull,21.0,0 days 00:01:18.523000,2.0,HARD,20.0,0 days 01:28:57.636000,1,True,25.3,39.7,43.0,1013.5,False,2.0,91,laps_2023_monaco_R.csv,78.523
HUL,27,Haas F1 Team,21.0,0 days 00:01:17.201000,2.0,HARD,20.0,0 days 01:29:04.065000,1,True,25.3,39.7,43.0,1013.5,False,2.0,91,laps_2023_monaco_R.csv,77.201
ZHO,24,Alfa Romeo,21.0,0 days 00:01:18.245000,2.0,HARD,20.0,0 days 01:29:08.867000,1,True,25.3,39.7,43.0,1013.5,False,2.0,91,laps_2023_monaco_R.csv,78.245
VER,1,Red Bull,22.0,0 days 00:01:16.659000,1.0,MEDIUM,22.0,0 days 01:29:15.474000,1,True,25.4,39.2,43.0,1013.5,False,1.3,154,laps_2023_monaco_R.csv,76.659
ALB,23,Williams,21.0,0 days 00:01:17.131000,2.0,HARD,3.0,0 days 01:29:17.151000,1,True,25.4,39.2,43.0,1013.5,False,1.3,154,laps_2023_monaco_R.csv,77.131
ALO,14,Aston Martin,22.0,0 days 00:01:17.947000,1.0,HARD,23.0,0 days 01:29:24.834000,1,True,25.4,39.2,43.0,1013.5,False,1.3,154,laps_2023_monaco_R.csv,77.947
OCO,31,Alpine,22.0,0 days 00:01:18.057000,1.0,MEDIUM,22.0,0 days 01:29:41.042000,1,True,25.4,39.2,43.0,1013.5,False,1.3,154,laps_2023_monaco_R.csv,78.057
SAI,55,Ferrari,22.0,0 days 00:01:18.007000,1.0,HARD,22.0,0 days 01:29:42.119000,1,True,25.4,39.2,43.0,1013.5,False,1.3,154,laps_2023_monaco_R.csv,78.007
HAM,44,Mercedes,22.0,0 days 00:01:17.393000,1.0,MEDIUM,22.0,0 days 01:29:44.592000,1,True,25.4,39.2,43.0,1013.5,False,1.3,154,laps_2023_monaco_R.csv,77.393
LEC,16,Ferrari,22.0,0 days 00:01:17.886000,1.0,HARD,22.0,0 days 01:29:45.476000,1,True,25.4,39.2,43.0,1013.5,False,1.3,154,laps_2023_monaco_R.csv,77.886
GAS,10,Alpine,22.0,0 days 00:01:18.213000,1.0,HARD,22.0,0 days 01:29:46.904000,1,True,25.4,39.2,43.0,1013.5,False,1.3,154,laps_2023_monaco_R.csv,78.213
RUS,63,Mercedes,22.0,0 days 00:01:17.879000,1.0,HARD,22.0,0 days 01:29:49.235000,1,True,25.4,39.2,43.0,1013.5,False,1.3,154,laps_2023_monaco_R.csv,77.879
TSU,22,AlphaTauri,22.0,0 days 00:01:19.152000,1.0,MEDIUM,22.0,0 days 01:29:56.602000,1,True,25.4,39.2,43.0,1013.5,False,1.3,154,laps_2023_monaco_R.csv,79.152
NOR,4,McLaren,22.0,0 days 00:01:18.882000,1.0,MEDIUM,22.0,0 days 01:30:02.026000,1,True,25.4,39.2,43.0,1013.5,False,1.3,154,laps_2023_monaco_R.csv,78.882
PIA,81,McLaren,22.0,0 days 00:01:19.025000,1.0,HARD,22.0,0 days 01:30:05.207000,1,True,25.4,39.2,43.0,1013.5,False,1.3,154,laps_2023_monaco_R.csv,79.025
DEV,21,AlphaTauri,22.0,0 days 00:01:19.578000,1.0,MEDIUM,22.0,0 days 01:30:07.090000,1,True,25.4,39.2,43.0,1013.5,False,1.3,154,laps_2023_monaco_R.csv,79.578
BOT,77,Alfa Romeo,22.0,0 days 00:01:18.260000,1.0,HARD,22.0,0 days 01:30:10.046000,1,True,25.4,39.2,43.0,1013.5,False,1.3,154,laps_2023_monaco_R.csv,78.26
MAG,20,Haas F1 Team,22.0,0 days 00:01:18.767000,1.0,HARD,22.0,0 days 01:30:14.924000,1,True,25.4,39.1,43.0,1013.5,False,1.6,125,laps_2023_monaco_R.csv,78.767
STR,18,Aston Martin,22.0,0 days 00:01:18.548000,1.0,HARD,23.0,0 days 01:30:15.395000,1,True,25.4,39.1,43.0,1013.5,False,1.6,125,laps_2023_monaco_R.csv,78.548
PER,11,Red Bull,22.0,0 days 00:01:18.803000,2.0,HARD,21.0,0 days 01:30:16.159000,1,True,25.4,39.1,43.0,1013.5,False,1.6,125,laps_2023_monaco_R.csv,78.803
HUL,27,Haas F1 Team,22.0,0 days 00:01:17.845000,2.0,HARD,21.0,0 days 01:30:21.266000,1,True,25.4,39.1,43.0,1013.5,False,1.6,125,laps_2023_monaco_R.csv,77.845
ZHO,24,Alfa Romeo,22.0,0 days 00:01:17.588000,2.0,HARD,21.0,0 days 01:30:27.112000,1,True,25.4,39.1,43.0,1013.5,False,1.6,125,laps_2023_monaco_R.csv,77.588
VER,1,Red Bull,23.0,0 days 00:01:16.604000,1.0,MEDIUM,23.0,0 days 01:30:32.133000,1,True,25.4,39.1,43.0,1013.5,False,1.6,125,laps_2023_monaco_R.csv,76.604
ALB,23,Williams,22.0,0 days 00:01:17.105000,2.0,HARD,4.0,0 days 01:30:34.282000,1,True,25.4,39.1,43.0,1013.5,False,1.6,125,laps_2023_monaco_R.csv,77.105
ALO,14,Aston Martin,23.0,0 days 00:01:17.272000,1.0,HARD,24.0,0 days 01:30:42.781000,1,True,25.4,39.1,43.0,1013.5,False,1.6,125,laps_2023_monaco_R.csv,77.272
SAR,2,Williams,22.0,0 days 00:01:17.483000,2.0,HARD,2.0,0 days 01:30:46.913000,1,True,25.4,39.1,43.0,1013.5,False,1.6,125,laps_2023_monaco_R.csv,77.483
OCO,31,Alpine,23.0,0 days 00:01:17.873000,1.0,MEDIUM,23.0,0 days 01:30:59.099000,1,True,25.4,39.1,43.0,1013.5,False,1.6,125,laps_2023_monaco_R.csv,77.873
SAI,55,Ferrari,23.0,0 days 00:01:18.006000,1.0,HARD,23.0,0 days 01:31:00.126000,1,True,25.4,39.1,43.0,1013.5,False,1.6,125,laps_2023_monaco_R.csv,78.006
HAM,44,Mercedes,23.0,0 days 00:01:18.053000,1.0,MEDIUM,23.0,0 days 01:31:01.985000,1,True,25.4,39.1,43.0,1013.5,False,1.6,125,laps_2023_monaco_R.csv,78.053
LEC,16,Ferrari,23.0,0 days 00:01:17.922000,1.0,HARD,23.0,0 days 01:31:03.362000,1,True,25.4,39.1,43.0,1013.5,False,1.6,125,laps_2023_monaco_R.csv,77.922
GAS,10,Alpine,23.0,0 days 00:01:17.942000,1.0,HARD,23.0,0 days 01:31:05.117000,1,True,25.4,39.1,43.0,1013.5,False,1.6,125,laps_2023_monaco_R.csv,77.942
RUS,63,Mercedes,23.0,0 days 00:01:18.111000,1.0,HARD,23.0,0 days 01:31:07.114000,1,True,25.4,39.1,43.0,1013.5,False,1.6,125,laps_2023_monaco_R.csv,78.111
TSU,22,AlphaTauri,23.0,0 days 00:01:19.239000,1.0,MEDIUM,23.0,0 days 01:31:15.754000,1,True,25.3,39.1,43.0,1013.4,False,1.2,151,laps_2023_monaco_R.csv,79.239
NOR,4,McLaren,23.0,0 days 00:01:18.657000,1.0,MEDIUM,23.0,0 days 01:31:20.908000,1,True,25.3,39.1,43.0,1013.4,False,1.2,151,laps_2023_monaco_R.csv,78.657
PIA,81,McLaren,23.0,0 days 00:01:19.520000,1.0,HARD,23.0,0 days 01:31:24.232000,1,True,25.3,39.1,43.0,1013.4,False,1.2,151,laps_2023_monaco_R.csv,79.52
DEV,21,AlphaTauri,23.0,0 days 00:01:19.699000,1.0,MEDIUM,23.0,0 days 01:31:26.668000,1,True,25.3,39.1,43.0,1013.4,False,1.2,151,laps_2023_monaco_R.csv,79.699
BOT,77,Alfa Romeo,23.0,0 days 00:01:18.737000,1.0,HARD,23.0,0 days 01:31:28.306000,1,True,25.3,39.1,43.0,1013.4,False,1.2,151,laps_2023_monaco_R.csv,78.737
MAG,20,Haas F1 Team,23.0,0 days 00:01:18.926000,1.0,HARD,23.0,0 days 01:31:33.691000,1,True,25.3,39.1,43.0,1013.4,False,1.2,151,laps_2023_monaco_R.csv,78.926
STR,18,Aston Martin,23.0,0 days 00:01:18.927000,1.0,HARD,24.0,0 days 01:31:33.943000,1,True,25.3,39.1,43.0,1013.4,False,1.2,151,laps_2023_monaco_R.csv,78.927
PER,11,Red Bull,23.0,0 days 00:01:18.604000,2.0,HARD,22.0,0 days 01:31:34.962000,1,True,25.3,39.1,43.0,1013.4,False,1.2,151,laps_2023_monaco_R.csv,78.604
HUL,27,Haas F1 Team,23.0,0 days 00:01:18.009000,2.0,HARD,22.0,0 days 01:31:39.111000,1,True,25.3,39.1,43.0,1013.4,False,1.2,151,laps_2023_monaco_R.csv,78.009
ZHO,24,Alfa Romeo,23.0,0 days 00:01:17.450000,2.0,HARD,22.0,0 days 01:31:44.700000,1,True,25.3,39.1,43.0,1013.4,False,1.2,151,laps_2023_monaco_R.csv,77.45
VER,1,Red Bull,24.0,0 days 00:01:16.798000,1.0,MEDIUM,24.0,0 days 01:31:48.737000,1,True,25.3,39.1,43.0,1013.4,False,1.2,151,laps_2023_monaco_R.csv,76.798
ALB,23,Williams,23.0,0 days 00:01:17.064000,2.0,HARD,5.0,0 days 01:31:51.387000,1,True,25.3,39.1,43.0,1013.4,False,1.2,151,laps_2023_monaco_R.csv,77.064
ALO,14,Aston Martin,24.0,0 days 00:01:17.285000,1.0,HARD,25.0,0 days 01:32:00.053000,1,True,25.3,39.1,43.0,1013.4,False,1.2,151,laps_2023_monaco_R.csv,77.285
OCO,31,Alpine,24.0,0 days 00:01:17.498000,1.0,MEDIUM,24.0,0 days 01:32:16.972000,1,True,25.4,39.0,42.0,1013.4,False,1.1,141,laps_2023_monaco_R.csv,77.498
SAI,55,Ferrari,24.0,0 days 00:01:17.912000,1.0,HARD,24.0,0 days 01:32:18.132000,1,True,25.4,39.0,42.0,1013.4,False,1.1,141,laps_2023_monaco_R.csv,77.912
HAM,44,Mercedes,24.0,0 days 00:01:17.431000,1.0,MEDIUM,24.0,0 days 01:32:20.038000,1,True,25.4,39.0,42.0,1013.4,False,1.1,141,laps_2023_monaco_R.csv,77.431
LEC,16,Ferrari,24.0,0 days 00:01:17.586000,1.0,HARD,24.0,0 days 01:32:21.284000,1,True,25.4,39.0,42.0,1013.4,False,1.1,141,laps_2023_monaco_R.csv,77.586
GAS,10,Alpine,24.0,0 days 00:01:17.577000,1.0,HARD,24.0,0 days 01:32:23.059000,1,True,25.4,39.0,42.0,1013.4,False,1.1,141,laps_2023_monaco_R.csv,77.577
RUS,63,Mercedes,24.0,0 days 00:01:17.709000,1.0,HARD,24.0,0 days 01:32:25.225000,1,True,25.4,39.0,42.0,1013.4,False,1.1,141,laps_2023_monaco_R.csv,77.709
TSU,22,AlphaTauri,24.0,0 days 00:01:19.314000,1.0,MEDIUM,24.0,0 days 01:32:34.993000,1,True,25.4,39.0,42.0,1013.4,False,1.1,141,laps_2023_monaco_R.csv,79.314
NOR,4,McLaren,24.0,0 days 00:01:18.681000,1.0,MEDIUM,24.0,0 days 01:32:39.565000,1,True,25.4,39.0,42.0,1013.4,False,1.1,141,laps_2023_monaco_R.csv,78.681
PIA,81,McLaren,24.0,0 days 00:01:19.359000,1.0,HARD,24.0,0 days 01:32:43.752000,1,True,25.4,39.0,42.0,1013.4,False,1.1,141,laps_2023_monaco_R.csv,79.359
DEV,21,AlphaTauri,24.0,0 days 00:01:20.198000,1.0,MEDIUM,24.0,0 days 01:32:46.367000,1,True,25.4,39.0,42.0,1013.4,False,1.1,141,laps_2023_monaco_R.csv,80.198
BOT,77,Alfa Romeo,24.0,0 days 00:01:20.068000,1.0,HARD,24.0,0 days 01:32:47.043000,1,True,25.4,39.0,42.0,1013.4,False,1.1,141,laps_2023_monaco_R.csv,80.068
MAG,20,Haas F1 Team,24.0,0 days 00:01:18.497000,1.0,HARD,24.0,0 days 01:32:52.617000,1,True,25.4,39.0,42.0,1013.4,False,1.1,141,laps_2023_monaco_R.csv,78.497
STR,18,Aston Martin,24.0,0 days 00:01:18.439000,1.0,HARD,25.0,0 days 01:32:52.870000,1,True,25.4,39.0,42.0,1013.4,False,1.1,141,laps_2023_monaco_R.csv,78.439
PER,11,Red Bull,24.0,0 days 00:01:18.624000,2.0,HARD,23.0,0 days 01:32:53.566000,1,True,25.4,39.0,42.0,1013.4,False,1.1,141,laps_2023_monaco_R.csv,78.624
HUL,27,Haas F1 Team,24.0,0 days 00:01:18.363000,2.0,HARD,23.0,0 days 01:32:57.120000,1,True,25.4,39.0,42.0,1013.4,False,1.1,141,laps_2023_monaco_R.csv,78.363
ZHO,24,Alfa Romeo,24.0,0 days 00:01:17.465000,2.0,HARD,23.0,0 days 01:33:02.150000,1,True,25.4,39.0,42.0,1013.4,False,1.1,141,laps_2023_monaco_R.csv,77.465
VER,1,Red Bull,25.0,0 days 00:01:17.183000,1.0,MEDIUM,25.0,0 days 01:33:05.535000,1,True,25.4,39.0,42.0,1013.4,False,1.1,141,laps_2023_monaco_R.csv,77.183
ALB,23,Williams,24.0,0 days 00:01:16.672000,2.0,HARD,6.0,0 days 01:33:08.451000,1,True,25.4,39.0,42.0,1013.4,False,1.1,141,laps_2023_monaco_R.csv,76.672
ALO,14,Aston Martin,25.0,0 days 00:01:17.182000,1.0,HARD,26.0,0 days 01:33:17.338000,1,True,25.4,39.0,42.0,1013.2,False,1.5,140,laps_2023_monaco_R.csv,77.182
OCO,31,Alpine,25.0,0 days 00:01:17.451000,1.0,MEDIUM,25.0,0 days 01:33:34.470000,1,True,25.4,39.0,42.0,1013.2,False,1.5,140,laps_2023_monaco_R.csv,77.451
SAI,55,Ferrari,25.0,0 days 00:01:17.464000,1.0,HARD,25.0,0 days 01:33:36.044000,1,True,25.4,39.0,42.0,1013.2,False,1.5,140,laps_2023_monaco_R.csv,77.464
HAM,44,Mercedes,25.0,0 days 00:01:17.643000,1.0,MEDIUM,25.0,0 days 01:33:37.469000,1,True,25.4,39.0,42.0,1013.2,False,1.5,140,laps_2023_monaco_R.csv,77.643
LEC,16,Ferrari,25.0,0 days 00:01:17.619000,1.0,HARD,25.0,0 days 01:33:38.870000,1,True,25.4,39.0,42.0,1013.2,False,1.5,140,laps_2023_monaco_R.csv,77.619
GAS,10,Alpine,25.0,0 days 00:01:17.540000,1.0,HARD,25.0,0 days 01:33:40.636000,1,True,25.4,39.0,42.0,1013.2,False,1.5,140,laps_2023_monaco_R.csv,77.54
RUS,63,Mercedes,25.0,0 days 00:01:17.648000,1.0,HARD,25.0,0 days 01:33:42.934000,1,True,25.4,39.0,42.0,1013.2,False,1.5,140,laps_2023_monaco_R.csv,77.648
TSU,22,AlphaTauri,25.0,0 days 00:01:19.335000,1.0,MEDIUM,25.0,0 days 01:33:54.307000,1,True,25.4,39.0,42.0,1013.2,False,1.5,140,laps_2023_monaco_R.csv,79.335
NOR,4,McLaren,25.0,0 days 00:01:18.780000,1.0,MEDIUM,25.0,0 days 01:33:58.246000,1,True,25.4,39.0,42.0,1013.2,False,1.5,140,laps_2023_monaco_R.csv,78.78
PIA,81,McLaren,25.0,0 days 00:01:19.382000,1.0,HARD,25.0,0 days 01:34:03.111000,1,True,25.4,39.0,42.0,1013.2,False,1.5,140,laps_2023_monaco_R.csv,79.382
DEV,21,AlphaTauri,25.0,0 days 00:01:20.132000,1.0,MEDIUM,25.0,0 days 01:34:06.565000,1,True,25.4,39.0,42.0,1013.2,False,1.5,140,laps_2023_monaco_R.csv,80.132
BOT,77,Alfa Romeo,25.0,0 days 00:01:20.203000,1.0,HARD,25.0,0 days 01:34:07.111000,1,True,25.4,39.0,42.0,1013.2,False,1.5,140,laps_2023_monaco_R.csv,80.203
MAG,20,Haas F1 Team,25.0,0 days 00:01:18.694000,1.0,HARD,25.0,0 days 01:34:11.114000,1,True,25.4,39.0,42.0,1013.2,False,1.5,140,laps_2023_monaco_R.csv,78.694
STR,18,Aston Martin,25.0,0 days 00:01:19.058000,1.0,HARD,26.0,0 days 01:34:11.309000,1,True,25.4,39.0,42.0,1013.2,False,1.5,140,laps_2023_monaco_R.csv,79.058
PER,11,Red Bull,25.0,0 days 00:01:18.541000,2.0,HARD,24.0,0 days 01:34:12.190000,1,True,25.4,39.0,42.0,1013.2,False,1.5,140,laps_2023_monaco_R.csv,78.541
HUL,27,Haas F1 Team,25.0,0 days 00:01:18.230000,2.0,HARD,24.0,0 days 01:34:15.483000,1,True,25.4,38.8,42.0,1013.4,False,1.8,152,laps_2023_monaco_R.csv,78.23
ZHO,24,Alfa Romeo,25.0,0 days 00:01:17.771000,2.0,HARD,24.0,0 days 01:34:19.615000,1,True,25.4,38.8,42.0,1013.4,False,1.8,152,laps_2023_monaco_R.csv,77.771
VER,1,Red Bull,26.0,0 days 00:01:17.212000,1.0,MEDIUM,26.0,0 days 01:34:22.718000,1,True,25.4,38.8,42.0,1013.4,False,1.8,152,laps_2023_monaco_R.csv,77.212
ALB,23,Williams,25.0,0 days 00:01:16.793000,2.0,HARD,7.0,0 days 01:34:25.123000,1,True,25.4,38.8,42.0,1013.4,False,1.8,152,laps_2023_monaco_R.csv,76.793
ALO,14,Aston Martin,26.0,0 days 00:01:17.141000,1.0,HARD,27.0,0 days 01:34:34.520000,1,True,25.4,38.8,42.0,1013.4,False,1.8,152,laps_2023_monaco_R.csv,77.141
OCO,31,Alpine,26.0,0 days 00:01:17.433000,1.0,MEDIUM,26.0,0 days 01:34:51.921000,1,True,25.4,38.8,42.0,1013.4,False,1.8,152,laps_2023_monaco_R.csv,77.433
SAI,55,Ferrari,26.0,0 days 00:01:17.366000,1.0,HARD,26.0,0 days 01:34:53.508000,1,True,25.4,38.8,42.0,1013.4,False,1.8,152,laps_2023_monaco_R.csv,77.366
HAM,44,Mercedes,26.0,0 days 00:01:17.716000,1.0,MEDIUM,26.0,0 days 01:34:55.112000,1,True,25.4,38.8,42.0,1013.4,False,1.8,152,laps_2023_monaco_R.csv,77.716
LEC,16,Ferrari,26.0,0 days 00:01:17.879000,1.0,HARD,26.0,0 days 01:34:56.489000,1,True,25.4,38.8,42.0,1013.4,False,1.8,152,laps_2023_monaco_R.csv,77.879
GAS,10,Alpine,26.0,0 days 00:01:17.912000,1.0,HARD,26.0,0 days 01:34:58.176000,1,True,25.4,38.8,42.0,1013.4,False,1.8,152,laps_2023_monaco_R.csv,77.912
RUS,63,Mercedes,26.0,0 days 00:01:17.900000,1.0,HARD,26.0,0 days 01:35:00.582000,1,True,25.4,38.8,42.0,1013.4,False,1.8,152,laps_2023_monaco_R.csv,77.9
SAR,2,Williams,25.0,0 days 00:01:17.894000,3.0,SOFT,2.0,0 days 01:35:03.273000,1,True,25.4,38.8,42.0,1013.4,False,1.8,152,laps_2023_monaco_R.csv,77.894
TSU,22,AlphaTauri,26.0,0 days 00:01:19.272000,1.0,MEDIUM,26.0,0 days 01:35:13.642000,1,True,25.3,38.6,42.0,1013.2,False,1.2,132,laps_2023_monaco_R.csv,79.272
NOR,4,McLaren,26.0,0 days 00:01:19.067000,1.0,MEDIUM,26.0,0 days 01:35:17.026000,1,True,25.3,38.6,42.0,1013.2,False,1.2,132,laps_2023_monaco_R.csv,79.067
PIA,81,McLaren,26.0,0 days 00:01:20.198000,1.0,HARD,26.0,0 days 01:35:22.493000,1,True,25.3,38.6,42.0,1013.2,False,1.2,132,laps_2023_monaco_R.csv,80.198
DEV,21,AlphaTauri,26.0,0 days 00:01:20.163000,1.0,MEDIUM,26.0,0 days 01:35:26.697000,1,True,25.3,38.6,42.0,1013.2,False,1.2,132,laps_2023_monaco_R.csv,80.163
BOT,77,Alfa Romeo,26.0,0 days 00:01:20.222000,1.0,HARD,26.0,0 days 01:35:27.314000,1,True,25.3,38.6,42.0,1013.2,False,1.2,132,laps_2023_monaco_R.csv,80.222
MAG,20,Haas F1 Team,26.0,0 days 00:01:19.023000,1.0,HARD,26.0,0 days 01:35:29.808000,1,True,25.3,38.6,42.0,1013.2,False,1.2,132,laps_2023_monaco_R.csv,79.023
STR,18,Aston Martin,26.0,0 days 00:01:18.926000,1.0,HARD,27.0,0 days 01:35:30.367000,1,True,25.3,38.6,42.0,1013.2,False,1.2,132,laps_2023_monaco_R.csv,78.926
PER,11,Red Bull,26.0,0 days 00:01:19.877000,2.0,HARD,25.0,0 days 01:35:30.731000,1,True,25.3,38.6,42.0,1013.2,False,1.2,132,laps_2023_monaco_R.csv,79.877
HUL,27,Haas F1 Team,26.0,0 days 00:01:18.664000,2.0,HARD,25.0,0 days 01:35:33.713000,1,True,25.3,38.6,42.0,1013.2,False,1.2,132,laps_2023_monaco_R.csv,78.664
ZHO,24,Alfa Romeo,26.0,0 days 00:01:18.161000,2.0,HARD,25.0,0 days 01:35:37.386000,1,True,25.3,38.6,42.0,1013.2,False,1.2,132,laps_2023_monaco_R.csv,78.161
VER,1,Red Bull,27.0,0 days 00:01:17.259000,1.0,MEDIUM,27.0,0 days 01:35:39.930000,1,True,25.3,38.6,42.0,1013.2,False,1.2,132,laps_2023_monaco_R.csv,77.259
ALB,23,Williams,26.0,0 days 00:01:16.962000,2.0,HARD,8.0,0 days 01:35:41.916000,1,True,25.3,38.6,42.0,1013.2,False,1.2,132,laps_2023_monaco_R.csv,76.962
ALO,14,Aston Martin,27.0,0 days 00:01:17.228000,1.0,HARD,28.0,0 days 01:35:51.661000,1,True,25.3,38.6,42.0,1013.2,False,1.2,132,laps_2023_monaco_R.csv,77.228
OCO,31,Alpine,27.0,0 days 00:01:17.145000,1.0,MEDIUM,27.0,0 days 01:36:09.354000,1,True,25.3,38.6,42.0,1013.2,False,1.2,132,laps_2023_monaco_R.csv,77.145
SAI,55,Ferrari,27.0,0 days 00:01:17.318000,1.0,HARD,27.0,0 days 01:36:10.874000,1,True,25.3,38.6,42.0,1013.2,False,1.2,132,laps_2023_monaco_R.csv,77.318
HAM,44,Mercedes,27.0,0 days 00:01:17.322000,1.0,MEDIUM,27.0,0 days 01:36:12.828000,1,True,25.3,38.6,42.0,1013.2,False,1.2,132,laps_2023_monaco_R.csv,77.322
LEC,16,Ferrari,27.0,0 days 00:01:17.602000,1.0,HARD,27.0,0 days 01:36:14.368000,1,True,25.3,38.8,42.0,1013.2,False,0.6,131,laps_2023_monaco_R.csv,77.602
GAS,10,Alpine,27.0,0 days 00:01:18.012000,1.0,HARD,27.0,0 days 01:36:16.088000,1,True,25.3,38.8,42.0,1013.2,False,0.6,131,laps_2023_monaco_R.csv,78.012
RUS,63,Mercedes,27.0,0 days 00:01:17.837000,1.0,HARD,27.0,0 days 01:36:18.482000,1,True,25.3,38.8,42.0,1013.2,False,0.6,131,laps_2023_monaco_R.csv,77.837
SAR,2,Williams,26.0,0 days 00:01:18.033000,3.0,SOFT,3.0,0 days 01:36:21.167000,1,True,25.3,38.8,42.0,1013.2,False,0.6,131,laps_2023_monaco_R.csv,78.033
TSU,22,AlphaTauri,27.0,0 days 00:01:18.465000,1.0,MEDIUM,27.0,0 days 01:36:32.914000,1,True,25.3,38.8,42.0,1013.2,False,0.6,131,laps_2023_monaco_R.csv,78.465
NOR,4,McLaren,27.0,0 days 00:01:19.109000,1.0,MEDIUM,27.0,0 days 01:36:36.093000,1,True,25.3,38.8,42.0,1013.2,False,0.6,131,laps_2023_monaco_R.csv,79.109
PIA,81,McLaren,27.0,0 days 00:01:19.524000,1.0,HARD,27.0,0 days 01:36:42.691000,1,True,25.3,38.8,42.0,1013.2,False,0.6,131,laps_2023_monaco_R.csv,79.524
DEV,21,AlphaTauri,27.0,0 days 00:01:20.154000,1.0,MEDIUM,27.0,0 days 01:36:46.860000,1,True,25.3,38.8,42.0,1013.2,False,0.6,131,laps_2023_monaco_R.csv,80.154
BOT,77,Alfa Romeo,27.0,0 days 00:01:20.162000,1.0,HARD,27.0,0 days 01:36:47.536000,1,True,25.3,38.8,42.0,1013.2,False,0.6,131,laps_2023_monaco_R.csv,80.162
MAG,20,Haas F1 Team,27.0,0 days 00:01:19.849000,1.0,HARD,27.0,0 days 01:36:48.831000,1,True,25.3,38.8,42.0,1013.2,False,0.6,131,laps_2023_monaco_R.csv,79.849
STR,18,Aston Martin,27.0,0 days 00:01:19.772000,1.0,HARD,28.0,0 days 01:36:49.293000,1,True,25.3,38.8,42.0,1013.2,False,0.6,131,laps_2023_monaco_R.csv,79.772
PER,11,Red Bull,27.0,0 days 00:01:19.319000,2.0,HARD,26.0,0 days 01:36:50.608000,1,True,25.3,38.8,42.0,1013.2,False,0.6,131,laps_2023_monaco_R.csv,79.319
HUL,27,Haas F1 Team,27.0,0 days 00:01:18.956000,2.0,HARD,26.0,0 days 01:36:52.377000,1,True,25.3,38.8,42.0,1013.2,False,0.6,131,laps_2023_monaco_R.csv,78.956
ZHO,24,Alfa Romeo,27.0,0 days 00:01:18.097000,2.0,HARD,26.0,0 days 01:36:55.547000,1,True,25.3,38.8,42.0,1013.2,False,0.6,131,laps_2023_monaco_R.csv,78.097
VER,1,Red Bull,28.0,0 days 00:01:17.770000,1.0,MEDIUM,28.0,0 days 01:36:57.189000,1,True,25.3,38.8,42.0,1013.2,False,0.6,131,laps_2023_monaco_R.csv,77.77
ALB,23,Williams,27.0,0 days 00:01:17.360000,2.0,HARD,9.0,0 days 01:36:58.878000,1,True,25.3,38.8,42.0,1013.2,False,0.6,131,laps_2023_monaco_R.csv,77.36
ALO,14,Aston Martin,28.0,0 days 00:01:17.562000,1.0,HARD,29.0,0 days 01:37:08.889000,1,True,25.3,38.8,42.0,1013.2,False,0.6,131,laps_2023_monaco_R.csv,77.562
OCO,31,Alpine,28.0,0 days 00:01:16.938000,1.0,MEDIUM,28.0,0 days 01:37:26.499000,1,True,25.4,39.1,42.0,1013.4,False,1.2,158,laps_2023_monaco_R.csv,76.938
SAI,55,Ferrari,28.0,0 days 00:01:17.316000,1.0,HARD,28.0,0 days 01:37:28.192000,1,True,25.4,39.1,42.0,1013.4,False,1.2,158,laps_2023_monaco_R.csv,77.316
HAM,44,Mercedes,28.0,0 days 00:01:17.334000,1.0,MEDIUM,28.0,0 days 01:37:30.150000,1,True,25.4,39.1,42.0,1013.4,False,1.2,158,laps_2023_monaco_R.csv,77.334
LEC,16,Ferrari,28.0,0 days 00:01:17.480000,1.0,HARD,28.0,0 days 01:37:31.970000,1,True,25.4,39.1,42.0,1013.4,False,1.2,158,laps_2023_monaco_R.csv,77.48
GAS,10,Alpine,28.0,0 days 00:01:17.285000,1.0,HARD,28.0,0 days 01:37:34.100000,1,True,25.4,39.1,42.0,1013.4,False,1.2,158,laps_2023_monaco_R.csv,77.285
RUS,63,Mercedes,28.0,0 days 00:01:17.353000,1.0,HARD,28.0,0 days 01:37:36.319000,1,True,25.4,39.1,42.0,1013.4,False,1.2,158,laps_2023_monaco_R.csv,77.353
SAR,2,Williams,27.0,0 days 00:01:17.875000,3.0,SOFT,4.0,0 days 01:37:39.200000,1,True,25.4,39.1,42.0,1013.4,False,1.2,158,laps_2023_monaco_R.csv,77.875
TSU,22,AlphaTauri,28.0,0 days 00:01:18.369000,1.0,MEDIUM,28.0,0 days 01:37:51.379000,1,True,25.4,39.1,42.0,1013.4,False,1.2,158,laps_2023_monaco_R.csv,78.369
NOR,4,McLaren,28.0,0 days 00:01:18.771000,1.0,MEDIUM,28.0,0 days 01:37:55.202000,1,True,25.4,39.1,42.0,1013.4,False,1.2,158,laps_2023_monaco_R.csv,78.771
PIA,81,McLaren,28.0,0 days 00:01:18.485000,1.0,HARD,28.0,0 days 01:38:02.215000,1,True,25.4,39.1,42.0,1013.4,False,1.2,158,laps_2023_monaco_R.csv,78.485
DEV,21,AlphaTauri,28.0,0 days 00:01:19.973000,1.0,MEDIUM,28.0,0 days 01:38:07.014000,1,True,25.4,39.1,42.0,1013.4,False,1.2,158,laps_2023_monaco_R.csv,79.973
BOT,77,Alfa Romeo,28.0,0 days 00:01:19.853000,1.0,HARD,28.0,0 days 01:38:07.698000,1,True,25.4,39.1,42.0,1013.4,False,1.2,158,laps_2023_monaco_R.csv,79.853
MAG,20,Haas F1 Team,28.0,0 days 00:01:19.768000,1.0,HARD,28.0,0 days 01:38:08.680000,1,True,25.4,39.1,42.0,1013.4,False,1.2,158,laps_2023_monaco_R.csv,79.768
STR,18,Aston Martin,28.0,0 days 00:01:19.860000,1.0,HARD,29.0,0 days 01:38:09.065000,1,True,25.4,39.1,42.0,1013.4,False,1.2,158,laps_2023_monaco_R.csv,79.86
PER,11,Red Bull,28.0,0 days 00:01:19.611000,2.0,HARD,27.0,0 days 01:38:09.927000,1,True,25.4,39.1,42.0,1013.4,False,1.2,158,laps_2023_monaco_R.csv,79.611
HUL,27,Haas F1 Team,28.0,0 days 00:01:19.589000,2.0,HARD,27.0,0 days 01:38:11.333000,1,True,25.4,39.1,42.0,1013.4,False,1.2,158,laps_2023_monaco_R.csv,79.589
ZHO,24,Alfa Romeo,28.0,0 days 00:01:20.780000,2.0,HARD,27.0,0 days 01:38:13.644000,1,True,25.4,39.1,41.0,1013.2,False,1.0,134,laps_2023_monaco_R.csv,80.78
VER,1,Red Bull,29.0,0 days 00:01:18.001000,1.0,MEDIUM,29.0,0 days 01:38:14.959000,1,True,25.4,39.1,41.0,1013.2,False,1.0,134,laps_2023_monaco_R.csv,78.001
ALB,23,Williams,28.0,0 days 00:01:18.528000,2.0,HARD,10.0,0 days 01:38:16.238000,1,True,25.4,39.1,41.0,1013.2,False,1.0,134,laps_2023_monaco_R.csv,78.528
ALO,14,Aston Martin,29.0,0 days 00:01:17.111000,1.0,HARD,30.0,0 days 01:38:26.451000,1,True,25.4,39.1,41.0,1013.2,False,1.0,134,laps_2023_monaco_R.csv,77.111
OCO,31,Alpine,29.0,0 days 00:01:17.179000,1.0,MEDIUM,29.0,0 days 01:38:43.437000,1,True,25.4,39.1,41.0,1013.2,False,1.0,134,laps_2023_monaco_R.csv,77.179
SAI,55,Ferrari,29.0,0 days 00:01:17.171000,1.0,HARD,29.0,0 days 01:38:45.508000,1,True,25.4,39.1,41.0,1013.2,False,1.0,134,laps_2023_monaco_R.csv,77.171
HAM,44,Mercedes,29.0,0 days 00:01:17.372000,1.0,MEDIUM,29.0,0 days 01:38:47.484000,1,True,25.4,39.1,41.0,1013.2,False,1.0,134,laps_2023_monaco_R.csv,77.372
LEC,16,Ferrari,29.0,0 days 00:01:17.065000,1.0,HARD,29.0,0 days 01:38:49.450000,1,True,25.4,39.1,41.0,1013.2,False,1.0,134,laps_2023_monaco_R.csv,77.065
GAS,10,Alpine,29.0,0 days 00:01:17.373000,1.0,HARD,29.0,0 days 01:38:51.385000,1,True,25.4,39.1,41.0,1013.2,False,1.0,134,laps_2023_monaco_R.csv,77.373
RUS,63,Mercedes,29.0,0 days 00:01:17.332000,1.0,HARD,29.0,0 days 01:38:53.672000,1,True,25.4,39.1,41.0,1013.2,False,1.0,134,laps_2023_monaco_R.csv,77.332
SAR,2,Williams,28.0,0 days 00:01:17.740000,3.0,SOFT,5.0,0 days 01:38:57.075000,1,True,25.4,39.1,41.0,1013.2,False,1.0,134,laps_2023_monaco_R.csv,77.74
TSU,22,AlphaTauri,29.0,0 days 00:01:18.200000,1.0,MEDIUM,29.0,0 days 01:39:09.748000,1,True,25.4,39.1,41.0,1013.2,False,1.0,134,laps_2023_monaco_R.csv,78.2
NOR,4,McLaren,29.0,0 days 00:01:18.906000,1.0,MEDIUM,29.0,0 days 01:39:13.973000,1,True,25.4,38.9,41.0,1013.2,False,0.8,166,laps_2023_monaco_R.csv,78.906
PIA,81,McLaren,29.0,0 days 00:01:18.335000,1.0,HARD,29.0,0 days 01:39:20.700000,1,True,25.4,38.9,41.0,1013.2,False,0.8,166,laps_2023_monaco_R.csv,78.335
DEV,21,AlphaTauri,29.0,0 days 00:01:20.009000,1.0,MEDIUM,29.0,0 days 01:39:26.987000,1,True,25.4,38.9,41.0,1013.2,False,0.8,166,laps_2023_monaco_R.csv,80.009
BOT,77,Alfa Romeo,29.0,0 days 00:01:20.208000,1.0,HARD,29.0,0 days 01:39:27.551000,1,True,25.4,38.9,41.0,1013.2,False,0.8,166,laps_2023_monaco_R.csv,80.208
MAG,20,Haas F1 Team,29.0,0 days 00:01:19.910000,1.0,HARD,29.0,0 days 01:39:28.448000,1,True,25.4,38.9,41.0,1013.2,False,0.8,166,laps_2023_monaco_R.csv,79.91
STR,18,Aston Martin,29.0,0 days 00:01:19.831000,1.0,HARD,30.0,0 days 01:39:28.925000,1,True,25.4,38.9,41.0,1013.2,False,0.8,166,laps_2023_monaco_R.csv,79.831
PER,11,Red Bull,29.0,0 days 00:01:19.986000,2.0,HARD,28.0,0 days 01:39:29.538000,1,True,25.4,38.9,41.0,1013.2,False,0.8,166,laps_2023_monaco_R.csv,79.986
HUL,27,Haas F1 Team,29.0,0 days 00:01:21.412000,2.0,HARD,28.0,0 days 01:39:30.922000,1,True,25.4,38.9,41.0,1013.2,False,0.8,166,laps_2023_monaco_R.csv,81.412
VER,1,Red Bull,30.0,0 days 00:01:18.160000,1.0,MEDIUM,30.0,0 days 01:39:32.960000,1,True,25.4,38.9,41.0,1013.2,False,0.8,166,laps_2023_monaco_R.csv,78.16
ZHO,24,Alfa Romeo,29.0,0 days 00:01:18.863000,2.0,HARD,28.0,0 days 01:39:34.424000,1,True,25.4,38.9,41.0,1013.2,False,0.8,166,laps_2023_monaco_R.csv,78.863
ALB,23,Williams,29.0,0 days 00:01:18.952000,2.0,HARD,11.0,0 days 01:39:34.766000,1,True,25.4,38.9,41.0,1013.2,False,0.8,166,laps_2023_monaco_R.csv,78.952
ALO,14,Aston Martin,30.0,0 days 00:01:16.965000,1.0,HARD,31.0,0 days 01:39:43.562000,1,True,25.4,38.9,41.0,1013.2,False,0.8,166,laps_2023_monaco_R.csv,76.965
OCO,31,Alpine,30.0,0 days 00:01:17.334000,1.0,MEDIUM,30.0,0 days 01:40:00.616000,1,True,25.4,38.9,41.0,1013.2,False,0.8,166,laps_2023_monaco_R.csv,77.334
SAI,55,Ferrari,30.0,0 days 00:01:17.220000,1.0,HARD,30.0,0 days 01:40:02.679000,1,True,25.4,38.9,41.0,1013.2,False,0.8,166,laps_2023_monaco_R.csv,77.22
HAM,44,Mercedes,30.0,0 days 00:01:17.742000,1.0,MEDIUM,30.0,0 days 01:40:04.856000,1,True,25.4,38.9,41.0,1013.2,False,0.8,166,laps_2023_monaco_R.csv,77.742
LEC,16,Ferrari,30.0,0 days 00:01:17.559000,1.0,HARD,30.0,0 days 01:40:06.515000,1,True,25.4,38.9,41.0,1013.2,False,0.8,166,laps_2023_monaco_R.csv,77.559
GAS,10,Alpine,30.0,0 days 00:01:17.083000,1.0,HARD,30.0,0 days 01:40:08.758000,1,True,25.4,38.9,41.0,1013.2,False,0.8,166,laps_2023_monaco_R.csv,77.083
RUS,63,Mercedes,30.0,0 days 00:01:17.300000,1.0,HARD,30.0,0 days 01:40:11.004000,1,True,25.4,38.9,41.0,1013.2,False,0.8,166,laps_2023_monaco_R.csv,77.3
SAR,2,Williams,29.0,0 days 00:01:17.753000,3.0,SOFT,6.0,0 days 01:40:14.815000,1,True,25.5,38.8,41.0,1013.2,False,1.1,81,laps_2023_monaco_R.csv,77.753
TSU,22,AlphaTauri,30.0,0 days 00:01:18.335000,1.0,MEDIUM,30.0,0 days 01:40:27.948000,1,True,25.5,38.8,41.0,1013.2,False,1.1,81,laps_2023_monaco_R.csv,78.335
NOR,4,McLaren,30.0,0 days 00:01:18.568000,1.0,MEDIUM,30.0,0 days 01:40:32.879000,1,True,25.5,38.8,41.0,1013.2,False,1.1,81,laps_2023_monaco_R.csv,78.568
PIA,81,McLaren,30.0,0 days 00:01:18.363000,1.0,HARD,30.0,0 days 01:40:39.035000,1,True,25.5,38.8,41.0,1013.2,False,1.1,81,laps_2023_monaco_R.csv,78.363
DEV,21,AlphaTauri,30.0,0 days 00:01:19.267000,1.0,MEDIUM,30.0,0 days 01:40:46.996000,1,True,25.5,38.8,41.0,1013.2,False,1.1,81,laps_2023_monaco_R.csv,79.267
BOT,77,Alfa Romeo,30.0,0 days 00:01:19.393000,1.0,HARD,30.0,0 days 01:40:47.759000,1,True,25.5,38.8,41.0,1013.2,False,1.1,81,laps_2023_monaco_R.csv,79.393
MAG,20,Haas F1 Team,30.0,0 days 00:01:19.753000,1.0,HARD,30.0,0 days 01:40:48.358000,1,True,25.5,38.8,41.0,1013.2,False,1.1,81,laps_2023_monaco_R.csv,79.753
STR,18,Aston Martin,30.0,0 days 00:01:19.860000,1.0,HARD,31.0,0 days 01:40:48.756000,1,True,25.5,38.8,41.0,1013.2,False,1.1,81,laps_2023_monaco_R.csv,79.86
PER,11,Red Bull,30.0,0 days 00:01:20.771000,2.0,HARD,29.0,0 days 01:40:49.524000,1,True,25.5,38.8,41.0,1013.2,False,1.1,81,laps_2023_monaco_R.csv,80.771
VER,1,Red Bull,31.0,0 days 00:01:18.741000,1.0,MEDIUM,31.0,0 days 01:40:51.120000,1,True,25.5,38.8,41.0,1013.2,False,1.1,81,laps_2023_monaco_R.csv,78.741
HUL,27,Haas F1 Team,30.0,0 days 00:01:18.920000,2.0,HARD,29.0,0 days 01:40:52.334000,1,True,25.5,38.8,41.0,1013.2,False,1.1,81,laps_2023_monaco_R.csv,78.92
ZHO,24,Alfa Romeo,30.0,0 days 00:01:19.500000,2.0,HARD,29.0,0 days 01:40:53.287000,1,True,25.5,38.8,41.0,1013.2,False,1.1,81,laps_2023_monaco_R.csv,79.5
ALB,23,Williams,30.0,0 days 00:01:19.457000,2.0,HARD,12.0,0 days 01:40:53.718000,1,True,25.5,38.8,41.0,1013.2,False,1.1,81,laps_2023_monaco_R.csv,79.457
ALO,14,Aston Martin,31.0,0 days 00:01:17.259000,1.0,HARD,32.0,0 days 01:41:00.527000,1,True,25.5,38.8,41.0,1013.2,False,1.1,81,laps_2023_monaco_R.csv,77.259
OCO,31,Alpine,31.0,0 days 00:01:17.331000,1.0,MEDIUM,31.0,0 days 01:41:17.950000,1,True,25.6,38.6,41.0,1013.4,False,0.8,168,laps_2023_monaco_R.csv,77.331
SAI,55,Ferrari,31.0,0 days 00:01:17.465000,1.0,HARD,31.0,0 days 01:41:19.899000,1,True,25.6,38.6,41.0,1013.4,False,0.8,168,laps_2023_monaco_R.csv,77.465
LEC,16,Ferrari,31.0,0 days 00:01:17.876000,1.0,HARD,31.0,0 days 01:41:24.074000,1,True,25.6,38.6,41.0,1013.4,False,0.8,168,laps_2023_monaco_R.csv,77.876
GAS,10,Alpine,31.0,0 days 00:01:18.015000,1.0,HARD,31.0,0 days 01:41:25.841000,1,True,25.6,38.6,41.0,1013.4,False,0.8,168,laps_2023_monaco_R.csv,78.015
RUS,63,Mercedes,31.0,0 days 00:01:17.404000,1.0,HARD,31.0,0 days 01:41:28.304000,1,True,25.6,38.6,41.0,1013.4,False,0.8,168,laps_2023_monaco_R.csv,77.404
SAR,2,Williams,30.0,0 days 00:01:17.535000,3.0,SOFT,7.0,0 days 01:41:32.568000,1,True,25.6,38.6,41.0,1013.4,False,0.8,168,laps_2023_monaco_R.csv,77.535
TSU,22,AlphaTauri,31.0,0 days 00:01:18.463000,1.0,MEDIUM,31.0,0 days 01:41:46.283000,1,True,25.6,38.6,41.0,1013.4,False,0.8,168,laps_2023_monaco_R.csv,78.463
NOR,4,McLaren,31.0,0 days 00:01:18.454000,1.0,MEDIUM,31.0,0 days 01:41:51.447000,1,True,25.6,38.6,41.0,1013.4,False,0.8,168,laps_2023_monaco_R.csv,78.454
PIA,81,McLaren,31.0,0 days 00:01:18.115000,1.0,HARD,31.0,0 days 01:41:57.398000,1,True,25.6,38.6,41.0,1013.4,False,0.8,168,laps_2023_monaco_R.csv,78.115
DEV,21,AlphaTauri,31.0,0 days 00:01:19.067000,1.0,MEDIUM,31.0,0 days 01:42:06.263000,1,True,25.6,38.6,41.0,1013.4,False,0.8,168,laps_2023_monaco_R.csv,79.067
BOT,77,Alfa Romeo,31.0,0 days 00:01:19.021000,1.0,HARD,31.0,0 days 01:42:07.152000,1,True,25.6,38.6,41.0,1013.4,False,0.8,168,laps_2023_monaco_R.csv,79.021
MAG,20,Haas F1 Team,31.0,0 days 00:01:19.276000,1.0,HARD,31.0,0 days 01:42:08.111000,1,True,25.6,38.6,41.0,1013.4,False,0.8,168,laps_2023_monaco_R.csv,79.276
STR,18,Aston Martin,31.0,0 days 00:01:21.753000,1.0,HARD,32.0,0 days 01:42:08.616000,1,True,25.6,38.6,41.0,1013.4,False,0.8,168,laps_2023_monaco_R.csv,81.753
VER,1,Red Bull,32.0,0 days 00:01:18.816000,1.0,MEDIUM,32.0,0 days 01:42:09.861000,1,True,25.6,38.6,41.0,1013.4,False,0.8,168,laps_2023_monaco_R.csv,78.816
PER,11,Red Bull,31.0,0 days 00:01:19.292000,2.0,HARD,30.0,0 days 01:42:10.295000,1,True,25.6,38.6,41.0,1013.4,False,0.8,168,laps_2023_monaco_R.csv,79.292
HUL,27,Haas F1 Team,31.0,0 days 00:01:19.756000,2.0,HARD,30.0,0 days 01:42:11.254000,1,True,25.6,38.6,41.0,1013.4,False,0.8,168,laps_2023_monaco_R.csv,79.756
ZHO,24,Alfa Romeo,31.0,0 days 00:01:19.192000,2.0,HARD,30.0,0 days 01:42:12.787000,1,True,25.6,38.6,41.0,1013.4,False,0.8,168,laps_2023_monaco_R.csv,79.192
ALB,23,Williams,31.0,0 days 00:01:19.152000,2.0,HARD,13.0,0 days 01:42:13.175000,1,True,25.6,38.4,40.0,1013.4,False,1.0,110,laps_2023_monaco_R.csv,79.152
ALO,14,Aston Martin,32.0,0 days 00:01:17.637000,1.0,HARD,33.0,0 days 01:42:17.786000,1,True,25.6,38.4,40.0,1013.4,False,1.0,110,laps_2023_monaco_R.csv,77.637
SAI,55,Ferrari,32.0,0 days 00:01:17.180000,1.0,HARD,32.0,0 days 01:42:37.364000,1,True,25.6,38.4,40.0,1013.4,False,1.0,110,laps_2023_monaco_R.csv,77.18
LEC,16,Ferrari,32.0,0 days 00:01:17.282000,1.0,HARD,32.0,0 days 01:42:41.950000,1,True,25.6,38.4,40.0,1013.4,False,1.0,110,laps_2023_monaco_R.csv,77.282
GAS,10,Alpine,32.0,0 days 00:01:17.384000,1.0,HARD,32.0,0 days 01:42:43.856000,1,True,25.6,38.4,40.0,1013.4,False,1.0,110,laps_2023_monaco_R.csv,77.384
RUS,63,Mercedes,32.0,0 days 00:01:17.474000,1.0,HARD,32.0,0 days 01:42:45.708000,1,True,25.6,38.4,40.0,1013.4,False,1.0,110,laps_2023_monaco_R.csv,77.474
SAR,2,Williams,31.0,0 days 00:01:17.493000,3.0,SOFT,8.0,0 days 01:42:50.103000,1,True,25.6,38.4,40.0,1013.4,False,1.0,110,laps_2023_monaco_R.csv,77.493
TSU,22,AlphaTauri,32.0,0 days 00:01:18.519000,1.0,MEDIUM,32.0,0 days 01:43:04.746000,1,True,25.6,38.4,40.0,1013.4,False,1.0,110,laps_2023_monaco_R.csv,78.519
NOR,4,McLaren,32.0,0 days 00:01:17.914000,1.0,MEDIUM,32.0,0 days 01:43:09.901000,1,True,25.6,38.4,40.0,1013.4,False,1.0,110,laps_2023_monaco_R.csv,77.914
PIA,81,McLaren,32.0,0 days 00:01:18.390000,1.0,HARD,32.0,0 days 01:43:15.513000,1,True,25.6,38.4,40.0,1013.5,False,1.0,137,laps_2023_monaco_R.csv,78.39
DEV,21,AlphaTauri,32.0,0 days 00:01:18.941000,1.0,MEDIUM,32.0,0 days 01:43:25.330000,1,True,25.6,38.4,40.0,1013.5,False,1.0,137,laps_2023_monaco_R.csv,78.941
BOT,77,Alfa Romeo,32.0,0 days 00:01:19.470000,1.0,HARD,32.0,0 days 01:43:26.173000,1,True,25.6,38.4,40.0,1013.5,False,1.0,137,laps_2023_monaco_R.csv,79.47
MAG,20,Haas F1 Team,32.0,0 days 00:01:21.543000,1.0,HARD,32.0,0 days 01:43:27.387000,1,True,25.6,38.4,40.0,1013.5,False,1.0,137,laps_2023_monaco_R.csv,81.543
VER,1,Red Bull,33.0,0 days 00:01:18.946000,1.0,MEDIUM,33.0,0 days 01:43:28.677000,1,True,25.6,38.4,40.0,1013.5,False,1.0,137,laps_2023_monaco_R.csv,78.946
PER,11,Red Bull,32.0,0 days 00:01:19.607000,2.0,HARD,31.0,0 days 01:43:29.587000,1,True,25.6,38.4,40.0,1013.5,False,1.0,137,laps_2023_monaco_R.csv,79.607
STR,18,Aston Martin,32.0,0 days 00:01:19.387000,1.0,HARD,33.0,0 days 01:43:30.369000,1,True,25.6,38.4,40.0,1013.5,False,1.0,137,laps_2023_monaco_R.csv,79.387
HUL,27,Haas F1 Team,32.0,0 days 00:01:19.708000,2.0,HARD,31.0,0 days 01:43:31.010000,1,True,25.6,38.4,40.0,1013.5,False,1.0,137,laps_2023_monaco_R.csv,79.708
ZHO,24,Alfa Romeo,32.0,0 days 00:01:19.626000,2.0,HARD,31.0,0 days 01:43:31.979000,1,True,25.6,38.4,40.0,1013.5,False,1.0,137,laps_2023_monaco_R.csv,79.626
ALB,23,Williams,32.0,0 days 00:01:19.589000,2.0,HARD,14.0,0 days 01:43:32.327000,1,True,25.6,38.4,40.0,1013.5,False,1.0,137,laps_2023_monaco_R.csv,79.589
ALO,14,Aston Martin,33.0,0 days 00:01:17.816000,1.0,HARD,34.0,0 days 01:43:35.423000,1,True,25.6,38.4,40.0,1013.5,False,1.0,137,laps_2023_monaco_R.csv,77.816
LEC,16,Ferrari,33.0,0 days 00:01:17.163000,1.0,HARD,33.0,0 days 01:43:59.232000,1,True,25.6,38.4,40.0,1013.5,False,1.0,137,laps_2023_monaco_R.csv,77.163
GAS,10,Alpine,33.0,0 days 00:01:17.450000,1.0,HARD,33.0,0 days 01:44:01.240000,1,True,25.6,38.4,40.0,1013.5,False,1.0,137,laps_2023_monaco_R.csv,77.45
RUS,63,Mercedes,33.0,0 days 00:01:17.556000,1.0,HARD,33.0,0 days 01:44:03.182000,1,True,25.6,38.4,40.0,1013.5,False,1.0,137,laps_2023_monaco_R.csv,77.556
SAR,2,Williams,32.0,0 days 00:01:17.302000,3.0,SOFT,9.0,0 days 01:44:07.596000,1,True,25.6,38.4,40.0,1013.5,False,1.0,137,laps_2023_monaco_R.csv,77.302
HAM,44,Mercedes,33.0,0 days 00:01:15.650000,2.0,HARD,2.0,0 days 01:44:16.230000,1,True,25.6,38.4,40.0,1013.4,False,1.0,156,laps_2023_monaco_R.csv,75.65
TSU,22,AlphaTauri,33.0,0 days 00:01:18.457000,1.0,MEDIUM,33.0,0 days 01:44:23.265000,1,True,25.6,38.4,40.0,1013.4,False,1.0,156,laps_2023_monaco_R.csv,78.457
NOR,4,McLaren,33.0,0 days 00:01:18.042000,1.0,MEDIUM,33.0,0 days 01:44:27.815000,1,True,25.6,38.4,40.0,1013.4,False,1.0,156,laps_2023_monaco_R.csv,78.042
PIA,81,McLaren,33.0,0 days 00:01:18.259000,1.0,HARD,33.0,0 days 01:44:33.903000,1,True,25.6,38.4,40.0,1013.4,False,1.0,156,laps_2023_monaco_R.csv,78.259
DEV,21,AlphaTauri,33.0,0 days 00:01:19.071000,1.0,MEDIUM,33.0,0 days 01:44:44.271000,1,True,25.6,38.4,40.0,1013.4,False,1.0,156,laps_2023_monaco_R.csv,79.071
BOT,77,Alfa Romeo,33.0,0 days 00:01:18.655000,1.0,HARD,33.0,0 days 01:44:45.643000,1,True,25.6,38.4,40.0,1013.4,False,1.0,156,laps_2023_monaco_R.csv,78.655
VER,1,Red Bull,34.0,0 days 00:01:18.044000,1.0,MEDIUM,34.0,0 days 01:44:47.623000,1,True,25.6,38.4,40.0,1013.4,False,1.0,156,laps_2023_monaco_R.csv,78.044
MAG,20,Haas F1 Team,33.0,0 days 00:01:20.882000,1.0,HARD,33.0,0 days 01:44:48.930000,1,True,25.6,38.4,40.0,1013.4,False,1.0,156,laps_2023_monaco_R.csv,80.882
PER,11,Red Bull,33.0,0 days 00:01:22.083000,2.0,HARD,32.0,0 days 01:44:49.194000,1,True,25.6,38.4,40.0,1013.4,False,1.0,156,laps_2023_monaco_R.csv,82.083
STR,18,Aston Martin,33.0,0 days 00:01:20.446000,1.0,HARD,34.0,0 days 01:44:49.756000,1,True,25.6,38.4,40.0,1013.4,False,1.0,156,laps_2023_monaco_R.csv,80.446
HUL,27,Haas F1 Team,33.0,0 days 00:01:21.348000,2.0,HARD,32.0,0 days 01:44:50.718000,1,True,25.6,38.4,40.0,1013.4,False,1.0,156,laps_2023_monaco_R.csv,81.348
ZHO,24,Alfa Romeo,33.0,0 days 00:01:21.602000,2.0,HARD,32.0,0 days 01:44:51.605000,1,True,25.6,38.4,40.0,1013.4,False,1.0,156,laps_2023_monaco_R.csv,81.602
ALB,23,Williams,33.0,0 days 00:01:21.559000,2.0,HARD,15.0,0 days 01:44:51.916000,1,True,25.6,38.4,40.0,1013.4,False,1.0,156,laps_2023_monaco_R.csv,81.559
ALO,14,Aston Martin,34.0,0 days 00:01:19.297000,1.0,HARD,35.0,0 days 01:44:53.239000,1,True,25.6,38.4,40.0,1013.4,False,1.0,156,laps_2023_monaco_R.csv,79.297
LEC,16,Ferrari,34.0,0 days 00:01:17.461000,1.0,HARD,34.0,0 days 01:45:16.395000,1,True,25.5,38.4,41.0,1013.5,False,1.2,147,laps_2023_monaco_R.csv,77.461
GAS,10,Alpine,34.0,0 days 00:01:17.207000,1.0,HARD,34.0,0 days 01:45:18.690000,1,True,25.5,38.4,41.0,1013.5,False,1.2,147,laps_2023_monaco_R.csv,77.207
RUS,63,Mercedes,34.0,0 days 00:01:17.569000,1.0,HARD,34.0,0 days 01:45:20.738000,1,True,25.5,38.4,41.0,1013.5,False,1.2,147,laps_2023_monaco_R.csv,77.569
SAR,2,Williams,33.0,0 days 00:01:17.344000,3.0,SOFT,10.0,0 days 01:45:24.898000,1,True,25.5,38.4,41.0,1013.5,False,1.2,147,laps_2023_monaco_R.csv,77.344
OCO,31,Alpine,34.0,0 days 00:01:16.950000,2.0,HARD,2.0,0 days 01:45:29.238000,1,True,25.5,38.4,41.0,1013.5,False,1.2,147,laps_2023_monaco_R.csv,76.95
HAM,44,Mercedes,34.0,0 days 00:01:18.357000,2.0,HARD,3.0,0 days 01:45:31.880000,1,True,25.5,38.4,41.0,1013.5,False,1.2,147,laps_2023_monaco_R.csv,78.357
TSU,22,AlphaTauri,34.0,0 days 00:01:18.039000,1.0,MEDIUM,34.0,0 days 01:45:41.722000,1,True,25.5,38.4,41.0,1013.5,False,1.2,147,laps_2023_monaco_R.csv,78.039
NOR,4,McLaren,34.0,0 days 00:01:18.026000,1.0,MEDIUM,34.0,0 days 01:45:45.857000,1,True,25.5,38.4,41.0,1013.5,False,1.2,147,laps_2023_monaco_R.csv,78.026
PIA,81,McLaren,34.0,0 days 00:01:18.311000,1.0,HARD,34.0,0 days 01:45:52.162000,1,True,25.5,38.4,41.0,1013.5,False,1.2,147,laps_2023_monaco_R.csv,78.311
DEV,21,AlphaTauri,34.0,0 days 00:01:19.328000,1.0,MEDIUM,34.0,0 days 01:46:03.342000,1,True,25.5,38.4,41.0,1013.5,False,1.2,147,laps_2023_monaco_R.csv,79.328
BOT,77,Alfa Romeo,34.0,0 days 00:01:20.226000,1.0,HARD,34.0,0 days 01:46:04.298000,1,True,25.5,38.4,41.0,1013.5,False,1.2,147,laps_2023_monaco_R.csv,80.226
VER,1,Red Bull,35.0,0 days 00:01:18.024000,1.0,MEDIUM,35.0,0 days 01:46:05.667000,1,True,25.5,38.4,41.0,1013.5,False,1.2,147,laps_2023_monaco_R.csv,78.024
MAG,20,Haas F1 Team,34.0,0 days 00:01:18.747000,1.0,HARD,34.0,0 days 01:46:09.812000,1,True,25.5,38.4,41.0,1013.5,False,1.2,147,laps_2023_monaco_R.csv,78.747
STR,18,Aston Martin,34.0,0 days 00:01:18.583000,1.0,HARD,35.0,0 days 01:46:10.202000,1,True,25.5,38.4,41.0,1013.5,False,1.2,147,laps_2023_monaco_R.csv,78.583
HUL,27,Haas F1 Team,34.0,0 days 00:01:20.956000,2.0,HARD,33.0,0 days 01:46:12.066000,1,True,25.5,38.4,41.0,1013.5,False,1.2,147,laps_2023_monaco_R.csv,80.956
ALO,14,Aston Martin,35.0,0 days 00:01:18.634000,1.0,HARD,36.0,0 days 01:46:12.536000,1,True,25.5,38.4,41.0,1013.5,False,1.2,147,laps_2023_monaco_R.csv,78.634
ZHO,24,Alfa Romeo,34.0,0 days 00:01:20.587000,2.0,HARD,33.0,0 days 01:46:13.207000,1,True,25.5,37.9,41.0,1013.4,False,1.0,92,laps_2023_monaco_R.csv,80.587
ALB,23,Williams,34.0,0 days 00:01:20.731000,2.0,HARD,16.0,0 days 01:46:13.475000,1,True,25.5,37.9,41.0,1013.4,False,1.0,92,laps_2023_monaco_R.csv,80.731
LEC,16,Ferrari,35.0,0 days 00:01:17.467000,1.0,HARD,35.0,0 days 01:46:33.856000,1,True,25.5,37.9,41.0,1013.4,False,1.0,92,laps_2023_monaco_R.csv,77.467
GAS,10,Alpine,35.0,0 days 00:01:17.421000,1.0,HARD,35.0,0 days 01:46:35.897000,1,True,25.5,37.9,41.0,1013.4,False,1.0,92,laps_2023_monaco_R.csv,77.421
RUS,63,Mercedes,35.0,0 days 00:01:17.568000,1.0,HARD,35.0,0 days 01:46:38.307000,1,True,25.5,37.9,41.0,1013.4,False,1.0,92,laps_2023_monaco_R.csv,77.568
SAR,2,Williams,34.0,0 days 00:01:17.666000,3.0,SOFT,11.0,0 days 01:46:42.242000,1,True,25.5,37.9,41.0,1013.4,False,1.0,92,laps_2023_monaco_R.csv,77.666
OCO,31,Alpine,35.0,0 days 00:01:17.095000,2.0,HARD,3.0,0 days 01:46:46.188000,1,True,25.5,37.9,41.0,1013.4,False,1.0,92,laps_2023_monaco_R.csv,77.095
SAI,55,Ferrari,35.0,0 days 00:01:16.628000,2.0,MEDIUM,2.0,0 days 01:46:48.923000,1,True,25.5,37.9,41.0,1013.4,False,1.0,92,laps_2023_monaco_R.csv,76.628
HAM,44,Mercedes,35.0,0 days 00:01:17.159000,2.0,HARD,4.0,0 days 01:46:50.237000,1,True,25.5,37.9,41.0,1013.4,False,1.0,92,laps_2023_monaco_R.csv,77.159
TSU,22,AlphaTauri,35.0,0 days 00:01:17.750000,1.0,MEDIUM,35.0,0 days 01:46:59.761000,1,True,25.5,37.9,41.0,1013.4,False,1.0,92,laps_2023_monaco_R.csv,77.75
NOR,4,McLaren,35.0,0 days 00:01:18.192000,1.0,MEDIUM,35.0,0 days 01:47:03.883000,1,True,25.5,37.9,41.0,1013.4,False,1.0,92,laps_2023_monaco_R.csv,78.192
PIA,81,McLaren,35.0,0 days 00:01:18.328000,1.0,HARD,35.0,0 days 01:47:10.473000,1,True,25.5,37.9,41.0,1013.4,False,1.0,92,laps_2023_monaco_R.csv,78.328
DEV,21,AlphaTauri,35.0,0 days 00:01:20.911000,1.0,MEDIUM,35.0,0 days 01:47:22.670000,1,True,25.5,37.9,41.0,1013.4,False,1.1,174,laps_2023_monaco_R.csv,80.911
VER,1,Red Bull,36.0,0 days 00:01:17.974000,1.0,MEDIUM,36.0,0 days 01:47:23.691000,1,True,25.5,37.9,41.0,1013.4,False,1.1,174,laps_2023_monaco_R.csv,77.974
BOT,77,Alfa Romeo,35.0,0 days 00:01:19.889000,1.0,HARD,35.0,0 days 01:47:24.524000,1,True,25.5,37.9,41.0,1013.4,False,1.1,174,laps_2023_monaco_R.csv,79.889
MAG,20,Haas F1 Team,35.0,0 days 00:01:19.274000,1.0,HARD,35.0,0 days 01:47:28.559000,1,True,25.5,37.9,41.0,1013.4,False,1.1,174,laps_2023_monaco_R.csv,79.274
STR,18,Aston Martin,35.0,0 days 00:01:21.072000,1.0,HARD,36.0,0 days 01:47:28.785000,1,True,25.5,37.9,41.0,1013.4,False,1.1,174,laps_2023_monaco_R.csv,81.072
ALO,14,Aston Martin,36.0,0 days 00:01:17.876000,1.0,HARD,37.0,0 days 01:47:31.170000,1,True,25.5,37.9,41.0,1013.4,False,1.1,174,laps_2023_monaco_R.csv,77.876
HUL,27,Haas F1 Team,35.0,0 days 00:01:18.327000,2.0,HARD,34.0,0 days 01:47:33.022000,1,True,25.5,37.9,41.0,1013.4,False,1.1,174,laps_2023_monaco_R.csv,78.327
ZHO,24,Alfa Romeo,35.0,0 days 00:01:18.586000,2.0,HARD,34.0,0 days 01:47:33.794000,1,True,25.5,37.9,41.0,1013.4,False,1.1,174,laps_2023_monaco_R.csv,78.586
ALB,23,Williams,35.0,0 days 00:01:18.619000,2.0,HARD,17.0,0 days 01:47:34.206000,1,True,25.5,37.9,41.0,1013.4,False,1.1,174,laps_2023_monaco_R.csv,78.619
LEC,16,Ferrari,36.0,0 days 00:01:17.491000,1.0,HARD,36.0,0 days 01:47:51.323000,1,True,25.5,37.9,41.0,1013.4,False,1.1,174,laps_2023_monaco_R.csv,77.491
GAS,10,Alpine,36.0,0 days 00:01:17.668000,1.0,HARD,36.0,0 days 01:47:53.318000,1,True,25.5,37.9,41.0,1013.4,False,1.1,174,laps_2023_monaco_R.csv,77.668
RUS,63,Mercedes,36.0,0 days 00:01:17.111000,1.0,HARD,36.0,0 days 01:47:55.875000,1,True,25.5,37.9,41.0,1013.4,False,1.1,174,laps_2023_monaco_R.csv,77.111
SAR,2,Williams,35.0,0 days 00:01:18.638000,3.0,SOFT,12.0,0 days 01:47:59.908000,1,True,25.5,37.9,41.0,1013.4,False,1.1,174,laps_2023_monaco_R.csv,78.638
OCO,31,Alpine,36.0,0 days 00:01:17.304000,2.0,HARD,4.0,0 days 01:48:03.283000,1,True,25.5,37.9,41.0,1013.4,False,1.1,174,laps_2023_monaco_R.csv,77.304
SAI,55,Ferrari,36.0,0 days 00:01:17.979000,2.0,MEDIUM,3.0,0 days 01:48:05.551000,1,True,25.5,37.9,41.0,1013.4,False,1.1,174,laps_2023_monaco_R.csv,77.979
HAM,44,Mercedes,36.0,0 days 00:01:17.688000,2.0,HARD,5.0,0 days 01:48:07.396000,1,True,25.5,37.9,41.0,1013.4,False,1.1,174,laps_2023_monaco_R.csv,77.688
TSU,22,AlphaTauri,36.0,0 days 00:01:17.680000,1.0,MEDIUM,36.0,0 days 01:48:17.511000,1,True,25.4,37.9,41.0,1013.4,False,1.6,154,laps_2023_monaco_R.csv,77.68
NOR,4,McLaren,36.0,0 days 00:01:18.050000,1.0,MEDIUM,36.0,0 days 01:48:22.075000,1,True,25.4,37.9,41.0,1013.4,False,1.6,154,laps_2023_monaco_R.csv,78.05
PIA,81,McLaren,36.0,0 days 00:01:17.701000,1.0,HARD,36.0,0 days 01:48:28.801000,1,True,25.4,37.9,41.0,1013.4,False,1.6,154,laps_2023_monaco_R.csv,77.701
VER,1,Red Bull,37.0,0 days 00:01:17.273000,1.0,MEDIUM,37.0,0 days 01:48:41.665000,1,True,25.4,37.9,41.0,1013.4,False,1.6,154,laps_2023_monaco_R.csv,77.273
DEV,21,AlphaTauri,36.0,0 days 00:01:19.072000,1.0,MEDIUM,36.0,0 days 01:48:43.581000,1,True,25.4,37.9,41.0,1013.4,False,1.6,154,laps_2023_monaco_R.csv,79.072
BOT,77,Alfa Romeo,36.0,0 days 00:01:19.139000,1.0,HARD,36.0,0 days 01:48:44.413000,1,True,25.4,37.9,41.0,1013.4,False,1.6,154,laps_2023_monaco_R.csv,79.139
MAG,20,Haas F1 Team,36.0,0 days 00:01:20.942000,1.0,HARD,36.0,0 days 01:48:47.833000,1,True,25.4,37.9,41.0,1013.4,False,1.6,154,laps_2023_monaco_R.csv,80.942
ALO,14,Aston Martin,37.0,0 days 00:01:17.974000,1.0,HARD,38.0,0 days 01:48:49.046000,1,True,25.4,37.9,41.0,1013.4,False,1.6,154,laps_2023_monaco_R.csv,77.974
STR,18,Aston Martin,36.0,0 days 00:01:19.544000,1.0,HARD,37.0,0 days 01:48:49.857000,1,True,25.4,37.9,41.0,1013.4,False,1.6,154,laps_2023_monaco_R.csv,79.544
HUL,27,Haas F1 Team,36.0,0 days 00:01:19.148000,2.0,HARD,35.0,0 days 01:48:51.349000,1,True,25.4,37.9,41.0,1013.4,False,1.6,154,laps_2023_monaco_R.csv,79.148
ZHO,24,Alfa Romeo,36.0,0 days 00:01:18.846000,2.0,HARD,35.0,0 days 01:48:52.380000,1,True,25.4,37.9,41.0,1013.4,False,1.6,154,laps_2023_monaco_R.csv,78.846
ALB,23,Williams,36.0,0 days 00:01:18.804000,2.0,HARD,18.0,0 days 01:48:52.825000,1,True,25.4,37.9,41.0,1013.4,False,1.6,154,laps_2023_monaco_R.csv,78.804
LEC,16,Ferrari,37.0,0 days 00:01:17.361000,1.0,HARD,37.0,0 days 01:49:08.814000,1,True,25.4,37.9,41.0,1013.4,False,1.6,154,laps_2023_monaco_R.csv,77.361
GAS,10,Alpine,37.0,0 days 00:01:17.212000,1.0,HARD,37.0,0 days 01:49:10.986000,1,True,25.4,37.9,41.0,1013.4,False,1.6,154,laps_2023_monaco_R.csv,77.212
RUS,63,Mercedes,37.0,0 days 00:01:17.335000,1.0,HARD,37.0,0 days 01:49:12.986000,1,True,25.3,37.6,41.0,1013.4,False,1.1,145,laps_2023_monaco_R.csv,77.335
PER,11,Red Bull,36.0,0 days 00:01:16.882000,3.0,MEDIUM,3.0,0 days 01:49:17.309000,1,True,25.3,37.6,41.0,1013.4,False,1.1,145,laps_2023_monaco_R.csv,76.882
SAR,2,Williams,36.0,0 days 00:01:17.372000,3.0,SOFT,13.0,0 days 01:49:18.546000,1,True,25.3,37.6,41.0,1013.4,False,1.1,145,laps_2023_monaco_R.csv,77.372
OCO,31,Alpine,37.0,0 days 00:01:17.140000,2.0,HARD,5.0,0 days 01:49:20.587000,1,True,25.3,37.6,41.0,1013.4,False,1.1,145,laps_2023_monaco_R.csv,77.14
SAI,55,Ferrari,37.0,0 days 00:01:17.565000,2.0,MEDIUM,4.0,0 days 01:49:23.530000,1,True,25.3,37.6,41.0,1013.4,False,1.1,145,laps_2023_monaco_R.csv,77.565
HAM,44,Mercedes,37.0,0 days 00:01:17.711000,2.0,HARD,6.0,0 days 01:49:25.084000,1,True,25.3,37.6,41.0,1013.4,False,1.1,145,laps_2023_monaco_R.csv,77.711
TSU,22,AlphaTauri,37.0,0 days 00:01:17.992000,1.0,MEDIUM,37.0,0 days 01:49:35.191000,1,True,25.3,37.6,41.0,1013.4,False,1.1,145,laps_2023_monaco_R.csv,77.992
NOR,4,McLaren,37.0,0 days 00:01:18.303000,1.0,MEDIUM,37.0,0 days 01:49:40.125000,1,True,25.3,37.6,41.0,1013.4,False,1.1,145,laps_2023_monaco_R.csv,78.303
PIA,81,McLaren,37.0,0 days 00:01:17.842000,1.0,HARD,37.0,0 days 01:49:46.502000,1,True,25.3,37.6,41.0,1013.4,False,1.1,145,laps_2023_monaco_R.csv,77.842
VER,1,Red Bull,38.0,0 days 00:01:17.122000,1.0,MEDIUM,38.0,0 days 01:49:58.938000,1,True,25.3,37.6,41.0,1013.4,False,1.1,145,laps_2023_monaco_R.csv,77.122
DEV,21,AlphaTauri,37.0,0 days 00:01:19.096000,1.0,MEDIUM,37.0,0 days 01:50:02.653000,1,True,25.3,37.6,41.0,1013.4,False,1.1,145,laps_2023_monaco_R.csv,79.096
BOT,77,Alfa Romeo,37.0,0 days 00:01:19.112000,1.0,HARD,37.0,0 days 01:50:03.552000,1,True,25.3,37.6,41.0,1013.4,False,1.1,145,laps_2023_monaco_R.csv,79.112
ALO,14,Aston Martin,38.0,0 days 00:01:17.141000,1.0,HARD,39.0,0 days 01:50:07.020000,1,True,25.3,37.6,41.0,1013.4,False,1.1,145,laps_2023_monaco_R.csv,77.141
MAG,20,Haas F1 Team,37.0,0 days 00:01:18.849000,1.0,HARD,37.0,0 days 01:50:08.775000,1,True,25.3,37.6,41.0,1013.4,False,1.1,145,laps_2023_monaco_R.csv,78.849
STR,18,Aston Martin,37.0,0 days 00:01:18.760000,1.0,HARD,38.0,0 days 01:50:09.401000,1,True,25.3,37.6,41.0,1013.4,False,1.1,145,laps_2023_monaco_R.csv,78.76
HUL,27,Haas F1 Team,37.0,0 days 00:01:19.009000,2.0,HARD,36.0,0 days 01:50:10.497000,1,True,25.3,37.6,41.0,1013.4,False,1.1,145,laps_2023_monaco_R.csv,79.009
ZHO,24,Alfa Romeo,37.0,0 days 00:01:19.099000,2.0,HARD,36.0,0 days 01:50:11.226000,1,True,25.3,37.6,41.0,1013.4,False,1.1,145,laps_2023_monaco_R.csv,79.099
ALB,23,Williams,37.0,0 days 00:01:19.143000,2.0,HARD,19.0,0 days 01:50:11.629000,1,True,25.3,37.6,41.0,1013.4,False,1.1,145,laps_2023_monaco_R.csv,79.143
LEC,16,Ferrari,38.0,0 days 00:01:17.483000,1.0,HARD,38.0,0 days 01:50:26.175000,1,True,25.3,37.5,41.0,1013.2,False,1.3,140,laps_2023_monaco_R.csv,77.483
GAS,10,Alpine,38.0,0 days 00:01:17.556000,1.0,HARD,38.0,0 days 01:50:28.198000,1,True,25.3,37.5,41.0,1013.2,False,1.3,140,laps_2023_monaco_R.csv,77.556
RUS,63,Mercedes,38.0,0 days 00:01:17.195000,1.0,HARD,38.0,0 days 01:50:30.321000,1,True,25.3,37.5,41.0,1013.2,False,1.3,140,laps_2023_monaco_R.csv,77.195
PER,11,Red Bull,37.0,0 days 00:01:16.706000,3.0,MEDIUM,4.0,0 days 01:50:34.191000,1,True,25.3,37.5,41.0,1013.2,False,1.3,140,laps_2023_monaco_R.csv,76.706
SAR,2,Williams,37.0,0 days 00:01:17.383000,3.0,SOFT,14.0,0 days 01:50:35.918000,1,True,25.3,37.5,41.0,1013.2,False,1.3,140,laps_2023_monaco_R.csv,77.383
OCO,31,Alpine,38.0,0 days 00:01:17.048000,2.0,HARD,6.0,0 days 01:50:37.727000,1,True,25.3,37.5,41.0,1013.2,False,1.3,140,laps_2023_monaco_R.csv,77.048
SAI,55,Ferrari,38.0,0 days 00:01:16.786000,2.0,MEDIUM,5.0,0 days 01:50:41.095000,1,True,25.3,37.5,41.0,1013.2,False,1.3,140,laps_2023_monaco_R.csv,76.786
HAM,44,Mercedes,38.0,0 days 00:01:17.167000,2.0,HARD,7.0,0 days 01:50:42.795000,1,True,25.3,37.5,41.0,1013.2,False,1.3,140,laps_2023_monaco_R.csv,77.167
TSU,22,AlphaTauri,38.0,0 days 00:01:18.195000,1.0,MEDIUM,38.0,0 days 01:50:53.183000,1,True,25.3,37.5,41.0,1013.2,False,1.3,140,laps_2023_monaco_R.csv,78.195
NOR,4,McLaren,38.0,0 days 00:01:18.214000,1.0,MEDIUM,38.0,0 days 01:50:58.428000,1,True,25.3,37.5,41.0,1013.2,False,1.3,140,laps_2023_monaco_R.csv,78.214
PIA,81,McLaren,38.0,0 days 00:01:17.730000,1.0,HARD,38.0,0 days 01:51:04.344000,1,True,25.3,37.5,41.0,1013.2,False,1.3,140,laps_2023_monaco_R.csv,77.73
VER,1,Red Bull,39.0,0 days 00:01:16.966000,1.0,MEDIUM,39.0,0 days 01:51:16.060000,1,True,25.3,36.8,41.0,1013.4,False,0.6,67,laps_2023_monaco_R.csv,76.966
DEV,21,AlphaTauri,38.0,0 days 00:01:18.750000,1.0,MEDIUM,38.0,0 days 01:51:21.749000,1,True,25.3,36.8,41.0,1013.4,False,0.6,67,laps_2023_monaco_R.csv,78.75
BOT,77,Alfa Romeo,38.0,0 days 00:01:20.070000,1.0,HARD,38.0,0 days 01:51:22.664000,1,True,25.3,36.8,41.0,1013.4,False,0.6,67,laps_2023_monaco_R.csv,80.07
ALO,14,Aston Martin,39.0,0 days 00:01:17.705000,1.0,HARD,40.0,0 days 01:51:24.161000,1,True,25.3,36.8,41.0,1013.4,False,0.6,67,laps_2023_monaco_R.csv,77.705
MAG,20,Haas F1 Team,38.0,0 days 00:01:18.498000,1.0,HARD,38.0,0 days 01:51:27.624000,1,True,25.3,36.8,41.0,1013.4,False,0.6,67,laps_2023_monaco_R.csv,78.498
STR,18,Aston Martin,38.0,0 days 00:01:18.424000,1.0,HARD,39.0,0 days 01:51:28.161000,1,True,25.3,36.8,41.0,1013.4,False,0.6,67,laps_2023_monaco_R.csv,78.424
HUL,27,Haas F1 Team,38.0,0 days 00:01:18.602000,2.0,HARD,37.0,0 days 01:51:29.506000,1,True,25.3,36.8,41.0,1013.4,False,0.6,67,laps_2023_monaco_R.csv,78.602
ZHO,24,Alfa Romeo,38.0,0 days 00:01:18.681000,2.0,HARD,37.0,0 days 01:51:30.325000,1,True,25.3,36.8,41.0,1013.4,False,0.6,67,laps_2023_monaco_R.csv,78.681
ALB,23,Williams,38.0,0 days 00:01:18.633000,2.0,HARD,20.0,0 days 01:51:30.772000,1,True,25.3,36.8,41.0,1013.4,False,0.6,67,laps_2023_monaco_R.csv,78.633
LEC,16,Ferrari,39.0,0 days 00:01:17.213000,1.0,HARD,39.0,0 days 01:51:43.658000,1,True,25.3,36.8,41.0,1013.4,False,0.6,67,laps_2023_monaco_R.csv,77.213
GAS,10,Alpine,39.0,0 days 00:01:17.102000,1.0,HARD,39.0,0 days 01:51:45.754000,1,True,25.3,36.8,41.0,1013.4,False,0.6,67,laps_2023_monaco_R.csv,77.102
RUS,63,Mercedes,39.0,0 days 00:01:17.339000,1.0,HARD,39.0,0 days 01:51:47.516000,1,True,25.3,36.8,41.0,1013.4,False,0.6,67,laps_2023_monaco_R.csv,77.339
PER,11,Red Bull,38.0,0 days 00:01:16.353000,3.0,MEDIUM,5.0,0 days 01:51:50.897000,1,True,25.3,36.8,41.0,1013.4,False,0.6,67,laps_2023_monaco_R.csv,76.353
SAR,2,Williams,38.0,0 days 00:01:20.017000,3.0,SOFT,15.0,0 days 01:51:53.301000,1,True,25.3,36.8,41.0,1013.4,False,0.6,67,laps_2023_monaco_R.csv,80.017
OCO,31,Alpine,39.0,0 days 00:01:17.169000,2.0,HARD,7.0,0 days 01:51:54.775000,1,True,25.3,36.8,41.0,1013.4,False,0.6,67,laps_2023_monaco_R.csv,77.169
SAI,55,Ferrari,39.0,0 days 00:01:17.175000,2.0,MEDIUM,6.0,0 days 01:51:57.881000,1,True,25.3,36.8,41.0,1013.4,False,0.6,67,laps_2023_monaco_R.csv,77.175
HAM,44,Mercedes,39.0,0 days 00:01:17.293000,2.0,HARD,8.0,0 days 01:51:59.962000,1,True,25.3,36.8,41.0,1013.4,False,0.6,67,laps_2023_monaco_R.csv,77.293
TSU,22,AlphaTauri,39.0,0 days 00:01:18.338000,1.0,MEDIUM,39.0,0 days 01:52:11.378000,1,True,25.3,36.8,41.0,1013.4,False,0.6,67,laps_2023_monaco_R.csv,78.338
NOR,4,McLaren,39.0,0 days 00:01:18.151000,1.0,MEDIUM,39.0,0 days 01:52:16.642000,1,True,25.3,36.8,41.0,1013.4,False,1.2,158,laps_2023_monaco_R.csv,78.151
PIA,81,McLaren,39.0,0 days 00:01:17.873000,1.0,HARD,39.0,0 days 01:52:22.074000,1,True,25.3,36.8,41.0,1013.4,False,1.2,158,laps_2023_monaco_R.csv,77.873
VER,1,Red Bull,40.0,0 days 00:01:17.161000,1.0,MEDIUM,40.0,0 days 01:52:33.026000,1,True,25.3,36.8,41.0,1013.4,False,1.2,158,laps_2023_monaco_R.csv,77.161
DEV,21,AlphaTauri,39.0,0 days 00:01:20.380000,1.0,MEDIUM,39.0,0 days 01:52:40.499000,1,True,25.3,36.8,41.0,1013.4,False,1.2,158,laps_2023_monaco_R.csv,80.38
ALO,14,Aston Martin,40.0,0 days 00:01:17.630000,1.0,HARD,41.0,0 days 01:52:41.866000,1,True,25.3,36.8,41.0,1013.4,False,1.2,158,laps_2023_monaco_R.csv,77.63
BOT,77,Alfa Romeo,39.0,0 days 00:01:18.876000,1.0,HARD,39.0,0 days 01:52:42.734000,1,True,25.3,36.8,41.0,1013.4,False,1.2,158,laps_2023_monaco_R.csv,78.876
MAG,20,Haas F1 Team,39.0,0 days 00:01:18.634000,1.0,HARD,39.0,0 days 01:52:46.122000,1,True,25.3,36.8,41.0,1013.4,False,1.2,158,laps_2023_monaco_R.csv,78.634
STR,18,Aston Martin,39.0,0 days 00:01:18.498000,1.0,HARD,40.0,0 days 01:52:46.585000,1,True,25.3,36.8,41.0,1013.4,False,1.2,158,laps_2023_monaco_R.csv,78.498
HUL,27,Haas F1 Team,39.0,0 days 00:01:18.557000,2.0,HARD,38.0,0 days 01:52:48.108000,1,True,25.3,36.8,41.0,1013.4,False,1.2,158,laps_2023_monaco_R.csv,78.557
ZHO,24,Alfa Romeo,39.0,0 days 00:01:18.659000,2.0,HARD,38.0,0 days 01:52:49.006000,1,True,25.3,36.8,41.0,1013.4,False,1.2,158,laps_2023_monaco_R.csv,78.659
ALB,23,Williams,39.0,0 days 00:01:18.774000,2.0,HARD,21.0,0 days 01:52:49.405000,1,True,25.3,36.8,41.0,1013.4,False,1.2,158,laps_2023_monaco_R.csv,78.774
LEC,16,Ferrari,40.0,0 days 00:01:17.237000,1.0,HARD,40.0,0 days 01:53:00.871000,1,True,25.3,36.8,41.0,1013.4,False,1.2,158,laps_2023_monaco_R.csv,77.237
GAS,10,Alpine,40.0,0 days 00:01:17.221000,1.0,HARD,40.0,0 days 01:53:02.856000,1,True,25.3,36.8,41.0,1013.4,False,1.2,158,laps_2023_monaco_R.csv,77.221
RUS,63,Mercedes,40.0,0 days 00:01:17.215000,1.0,HARD,40.0,0 days 01:53:04.855000,1,True,25.3,36.8,41.0,1013.4,False,1.2,158,laps_2023_monaco_R.csv,77.215
PER,11,Red Bull,39.0,0 days 00:01:16.445000,3.0,MEDIUM,6.0,0 days 01:53:07.250000,1,True,25.3,36.8,41.0,1013.4,False,1.2,158,laps_2023_monaco_R.csv,76.445
OCO,31,Alpine,40.0,0 days 00:01:17.025000,2.0,HARD,8.0,0 days 01:53:11.944000,1,True,25.3,36.8,41.0,1013.4,False,1.2,158,laps_2023_monaco_R.csv,77.025
SAR,2,Williams,39.0,0 days 00:01:21.035000,3.0,SOFT,16.0,0 days 01:53:13.318000,1,True,25.3,36.7,41.0,1013.2,False,1.0,143,laps_2023_monaco_R.csv,81.035
SAI,55,Ferrari,40.0,0 days 00:01:17.023000,2.0,MEDIUM,7.0,0 days 01:53:15.056000,1,True,25.3,36.7,41.0,1013.2,False,1.0,143,laps_2023_monaco_R.csv,77.023
HAM,44,Mercedes,40.0,0 days 00:01:16.962000,2.0,HARD,9.0,0 days 01:53:17.255000,1,True,25.3,36.7,41.0,1013.2,False,1.0,143,laps_2023_monaco_R.csv,76.962
TSU,22,AlphaTauri,40.0,0 days 00:01:18.328000,1.0,MEDIUM,40.0,0 days 01:53:29.716000,1,True,25.3,36.7,41.0,1013.2,False,1.0,143,laps_2023_monaco_R.csv,78.328
NOR,4,McLaren,40.0,0 days 00:01:18.529000,1.0,MEDIUM,40.0,0 days 01:53:34.793000,1,True,25.3,36.7,41.0,1013.2,False,1.0,143,laps_2023_monaco_R.csv,78.529
PIA,81,McLaren,40.0,0 days 00:01:18.184000,1.0,HARD,40.0,0 days 01:53:39.947000,1,True,25.3,36.7,41.0,1013.2,False,1.0,143,laps_2023_monaco_R.csv,78.184
VER,1,Red Bull,41.0,0 days 00:01:16.944000,1.0,MEDIUM,41.0,0 days 01:53:50.187000,1,True,25.3,36.7,41.0,1013.2,False,1.0,143,laps_2023_monaco_R.csv,76.944
ALO,14,Aston Martin,41.0,0 days 00:01:17.016000,1.0,HARD,42.0,0 days 01:53:59.496000,1,True,25.3,36.7,41.0,1013.2,False,1.0,143,laps_2023_monaco_R.csv,77.016
DEV,21,AlphaTauri,40.0,0 days 00:01:18.413000,1.0,MEDIUM,40.0,0 days 01:54:00.879000,1,True,25.3,36.7,41.0,1013.2,False,1.0,143,laps_2023_monaco_R.csv,78.413
BOT,77,Alfa Romeo,40.0,0 days 00:01:18.968000,1.0,HARD,40.0,0 days 01:54:01.610000,1,True,25.3,36.7,41.0,1013.2,False,1.0,143,laps_2023_monaco_R.csv,78.968
MAG,20,Haas F1 Team,40.0,0 days 00:01:18.508000,1.0,HARD,40.0,0 days 01:54:04.756000,1,True,25.3,36.7,41.0,1013.2,False,1.0,143,laps_2023_monaco_R.csv,78.508
STR,18,Aston Martin,40.0,0 days 00:01:18.498000,1.0,HARD,41.0,0 days 01:54:05.083000,1,True,25.3,36.7,41.0,1013.2,False,1.0,143,laps_2023_monaco_R.csv,78.498
HUL,27,Haas F1 Team,40.0,0 days 00:01:18.692000,2.0,HARD,39.0,0 days 01:54:06.665000,1,True,25.3,36.7,41.0,1013.2,False,1.0,143,laps_2023_monaco_R.csv,78.692
ZHO,24,Alfa Romeo,40.0,0 days 00:01:18.607000,2.0,HARD,39.0,0 days 01:54:07.665000,1,True,25.3,36.7,41.0,1013.2,False,1.0,143,laps_2023_monaco_R.csv,78.607
ALB,23,Williams,40.0,0 days 00:01:18.476000,2.0,HARD,22.0,0 days 01:54:08.179000,1,True,25.3,36.7,41.0,1013.2,False,1.0,143,laps_2023_monaco_R.csv,78.476
LEC,16,Ferrari,41.0,0 days 00:01:18.328000,1.0,HARD,41.0,0 days 01:54:18.108000,1,True,25.3,36.8,41.0,1013.4,False,1.2,152,laps_2023_monaco_R.csv,78.328
GAS,10,Alpine,41.0,0 days 00:01:17.654000,1.0,HARD,41.0,0 days 01:54:20.077000,1,True,25.3,36.8,41.0,1013.4,False,1.2,152,laps_2023_monaco_R.csv,77.654
RUS,63,Mercedes,41.0,0 days 00:01:17.323000,1.0,HARD,41.0,0 days 01:54:22.070000,1,True,25.3,36.8,41.0,1013.4,False,1.2,152,laps_2023_monaco_R.csv,77.323
PER,11,Red Bull,40.0,0 days 00:01:16.755000,3.0,MEDIUM,7.0,0 days 01:54:23.695000,1,True,25.3,36.8,41.0,1013.4,False,1.2,152,laps_2023_monaco_R.csv,76.755
OCO,31,Alpine,41.0,0 days 00:01:16.528000,2.0,HARD,9.0,0 days 01:54:28.969000,1,True,25.3,36.8,41.0,1013.4,False,1.2,152,laps_2023_monaco_R.csv,76.528
SAI,55,Ferrari,41.0,0 days 00:01:16.651000,2.0,MEDIUM,8.0,0 days 01:54:32.079000,1,True,25.3,36.8,41.0,1013.4,False,1.2,152,laps_2023_monaco_R.csv,76.651
HAM,44,Mercedes,41.0,0 days 00:01:16.588000,2.0,HARD,10.0,0 days 01:54:34.217000,1,True,25.3,36.8,41.0,1013.4,False,1.2,152,laps_2023_monaco_R.csv,76.588
SAR,2,Williams,40.0,0 days 00:01:19.469000,3.0,SOFT,17.0,0 days 01:54:34.353000,1,True,25.3,36.8,41.0,1013.4,False,1.2,152,laps_2023_monaco_R.csv,79.469
TSU,22,AlphaTauri,41.0,0 days 00:01:18.074000,1.0,MEDIUM,41.0,0 days 01:54:48.044000,1,True,25.3,36.8,41.0,1013.4,False,1.2,152,laps_2023_monaco_R.csv,78.074
NOR,4,McLaren,41.0,0 days 00:01:18.409000,1.0,MEDIUM,41.0,0 days 01:54:53.322000,1,True,25.3,36.8,41.0,1013.4,False,1.2,152,laps_2023_monaco_R.csv,78.409
PIA,81,McLaren,41.0,0 days 00:01:18.555000,1.0,HARD,41.0,0 days 01:54:58.131000,1,True,25.3,36.8,41.0,1013.4,False,1.2,152,laps_2023_monaco_R.csv,78.555
VER,1,Red Bull,42.0,0 days 00:01:16.800000,1.0,MEDIUM,42.0,0 days 01:55:07.131000,1,True,25.3,36.8,41.0,1013.4,False,1.2,152,laps_2023_monaco_R.csv,76.8
ALO,14,Aston Martin,42.0,0 days 00:01:16.719000,1.0,HARD,43.0,0 days 01:55:16.512000,1,True,25.3,36.5,42.0,1013.2,False,1.2,139,laps_2023_monaco_R.csv,76.719
DEV,21,AlphaTauri,41.0,0 days 00:01:18.207000,1.0,MEDIUM,41.0,0 days 01:55:19.292000,1,True,25.3,36.5,42.0,1013.2,False,1.2,139,laps_2023_monaco_R.csv,78.207
BOT,77,Alfa Romeo,41.0,0 days 00:01:18.706000,1.0,HARD,41.0,0 days 01:55:20.578000,1,True,25.3,36.5,42.0,1013.2,False,1.2,139,laps_2023_monaco_R.csv,78.706
MAG,20,Haas F1 Team,41.0,0 days 00:01:18.351000,1.0,HARD,41.0,0 days 01:55:23.264000,1,True,25.3,36.5,42.0,1013.2,False,1.2,139,laps_2023_monaco_R.csv,78.351
STR,18,Aston Martin,41.0,0 days 00:01:18.574000,1.0,HARD,42.0,0 days 01:55:23.581000,1,True,25.3,36.5,42.0,1013.2,False,1.2,139,laps_2023_monaco_R.csv,78.574
HUL,27,Haas F1 Team,41.0,0 days 00:01:18.606000,2.0,HARD,40.0,0 days 01:55:25.357000,1,True,25.3,36.5,42.0,1013.2,False,1.2,139,laps_2023_monaco_R.csv,78.606
ZHO,24,Alfa Romeo,41.0,0 days 00:01:18.831000,2.0,HARD,40.0,0 days 01:55:26.272000,1,True,25.3,36.5,42.0,1013.2,False,1.2,139,laps_2023_monaco_R.csv,78.831
ALB,23,Williams,41.0,0 days 00:01:18.825000,2.0,HARD,23.0,0 days 01:55:26.655000,1,True,25.3,36.5,42.0,1013.2,False,1.2,139,laps_2023_monaco_R.csv,78.825
LEC,16,Ferrari,42.0,0 days 00:01:17.801000,1.0,HARD,42.0,0 days 01:55:36.436000,1,True,25.3,36.5,42.0,1013.2,False,1.2,139,laps_2023_monaco_R.csv,77.801
GAS,10,Alpine,42.0,0 days 00:01:18.559000,1.0,HARD,42.0,0 days 01:55:37.731000,1,True,25.3,36.5,42.0,1013.2,False,1.2,139,laps_2023_monaco_R.csv,78.559
RUS,63,Mercedes,42.0,0 days 00:01:17.979000,1.0,HARD,42.0,0 days 01:55:39.393000,1,True,25.3,36.5,42.0,1013.2,False,1.2,139,laps_2023_monaco_R.csv,77.979
PER,11,Red Bull,41.0,0 days 00:01:17.959000,3.0,MEDIUM,8.0,0 days 01:55:40.450000,1,True,25.3,36.5,42.0,1013.2,False,1.2,139,laps_2023_monaco_R.csv,77.959
OCO,31,Alpine,42.0,0 days 00:01:17.010000,2.0,HARD,10.0,0 days 01:55:45.497000,1,True,25.3,36.5,42.0,1013.2,False,1.2,139,laps_2023_monaco_R.csv,77.01
SAI,55,Ferrari,42.0,0 days 00:01:16.467000,2.0,MEDIUM,9.0,0 days 01:55:48.730000,1,True,25.3,36.5,42.0,1013.2,False,1.2,139,laps_2023_monaco_R.csv,76.467
HAM,44,Mercedes,42.0,0 days 00:01:16.580000,2.0,HARD,11.0,0 days 01:55:50.805000,1,True,25.3,36.5,42.0,1013.2,False,1.2,139,laps_2023_monaco_R.csv,76.58
SAR,2,Williams,41.0,0 days 00:01:18.519000,3.0,SOFT,18.0,0 days 01:55:53.822000,1,True,25.3,36.5,42.0,1013.2,False,1.2,139,laps_2023_monaco_R.csv,78.519
TSU,22,AlphaTauri,42.0,0 days 00:01:18.189000,1.0,MEDIUM,42.0,0 days 01:56:06.118000,1,True,25.3,36.5,42.0,1013.2,False,1.2,139,laps_2023_monaco_R.csv,78.189
NOR,4,McLaren,42.0,0 days 00:01:18.149000,1.0,MEDIUM,42.0,0 days 01:56:11.731000,1,True,25.3,36.5,42.0,1013.2,False,1.2,139,laps_2023_monaco_R.csv,78.149
PIA,81,McLaren,42.0,0 days 00:01:18.065000,1.0,HARD,42.0,0 days 01:56:16.686000,1,True,25.3,36.5,41.0,1013.2,False,1.2,109,laps_2023_monaco_R.csv,78.065
VER,1,Red Bull,43.0,0 days 00:01:16.963000,1.0,MEDIUM,43.0,0 days 01:56:23.931000,1,True,25.3,36.5,41.0,1013.2,False,1.2,109,laps_2023_monaco_R.csv,76.963
ALO,14,Aston Martin,43.0,0 days 00:01:16.674000,1.0,HARD,44.0,0 days 01:56:33.231000,1,True,25.3,36.5,41.0,1013.2,False,1.2,109,laps_2023_monaco_R.csv,76.674
DEV,21,AlphaTauri,42.0,0 days 00:01:17.814000,1.0,MEDIUM,42.0,0 days 01:56:37.499000,1,True,25.3,36.5,41.0,1013.2,False,1.2,109,laps_2023_monaco_R.csv,77.814
BOT,77,Alfa Romeo,42.0,0 days 00:01:18.435000,1.0,HARD,42.0,0 days 01:56:39.284000,1,True,25.3,36.5,41.0,1013.2,False,1.2,109,laps_2023_monaco_R.csv,78.435
MAG,20,Haas F1 Team,42.0,0 days 00:01:18.630000,1.0,HARD,42.0,0 days 01:56:41.615000,1,True,25.3,36.5,41.0,1013.2,False,1.2,109,laps_2023_monaco_R.csv,78.63
STR,18,Aston Martin,42.0,0 days 00:01:18.732000,1.0,HARD,43.0,0 days 01:56:42.155000,1,True,25.3,36.5,41.0,1013.2,False,1.2,109,laps_2023_monaco_R.csv,78.732
HUL,27,Haas F1 Team,42.0,0 days 00:01:18.838000,2.0,HARD,41.0,0 days 01:56:43.963000,1,True,25.3,36.5,41.0,1013.2,False,1.2,109,laps_2023_monaco_R.csv,78.838
ZHO,24,Alfa Romeo,42.0,0 days 00:01:18.666000,2.0,HARD,41.0,0 days 01:56:45.103000,1,True,25.3,36.5,41.0,1013.2,False,1.2,109,laps_2023_monaco_R.csv,78.666
ALB,23,Williams,42.0,0 days 00:01:18.930000,2.0,HARD,24.0,0 days 01:56:45.480000,1,True,25.3,36.5,41.0,1013.2,False,1.2,109,laps_2023_monaco_R.csv,78.93
LEC,16,Ferrari,43.0,0 days 00:01:18.451000,1.0,HARD,43.0,0 days 01:56:54.237000,1,True,25.3,36.5,41.0,1013.2,False,1.2,109,laps_2023_monaco_R.csv,78.451
GAS,10,Alpine,43.0,0 days 00:01:17.699000,1.0,HARD,43.0,0 days 01:56:56.290000,1,True,25.3,36.5,41.0,1013.2,False,1.2,109,laps_2023_monaco_R.csv,77.699
RUS,63,Mercedes,43.0,0 days 00:01:17.847000,1.0,HARD,43.0,0 days 01:56:57.372000,1,True,25.3,36.5,41.0,1013.2,False,1.2,109,laps_2023_monaco_R.csv,77.847
PER,11,Red Bull,42.0,0 days 00:01:17.460000,3.0,MEDIUM,9.0,0 days 01:56:58.409000,1,True,25.3,36.5,41.0,1013.2,False,1.2,109,laps_2023_monaco_R.csv,77.46
OCO,31,Alpine,43.0,0 days 00:01:17.002000,2.0,HARD,11.0,0 days 01:57:02.507000,1,True,25.3,36.5,41.0,1013.2,False,1.2,109,laps_2023_monaco_R.csv,77.002
SAI,55,Ferrari,43.0,0 days 00:01:16.449000,2.0,MEDIUM,10.0,0 days 01:57:05.197000,1,True,25.3,36.5,41.0,1013.2,False,1.2,109,laps_2023_monaco_R.csv,76.449
HAM,44,Mercedes,43.0,0 days 00:01:16.529000,2.0,HARD,12.0,0 days 01:57:07.385000,1,True,25.3,36.5,41.0,1013.2,False,1.2,109,laps_2023_monaco_R.csv,76.529
SAR,2,Williams,42.0,0 days 00:01:18.625000,3.0,SOFT,19.0,0 days 01:57:12.341000,1,True,25.3,36.5,41.0,1013.2,False,1.2,109,laps_2023_monaco_R.csv,78.625
TSU,22,AlphaTauri,43.0,0 days 00:01:18.046000,1.0,MEDIUM,43.0,0 days 01:57:24.307000,1,True,25.2,36.4,42.0,1013.4,False,0.8,151,laps_2023_monaco_R.csv,78.046
NOR,4,McLaren,43.0,0 days 00:01:18.045000,1.0,MEDIUM,43.0,0 days 01:57:29.880000,1,True,25.2,36.4,42.0,1013.4,False,0.8,151,laps_2023_monaco_R.csv,78.045
PIA,81,McLaren,43.0,0 days 00:01:18.148000,1.0,HARD,43.0,0 days 01:57:34.751000,1,True,25.2,36.4,42.0,1013.4,False,0.8,151,laps_2023_monaco_R.csv,78.148
VER,1,Red Bull,44.0,0 days 00:01:16.722000,1.0,MEDIUM,44.0,0 days 01:57:40.894000,1,True,25.2,36.4,42.0,1013.4,False,0.8,151,laps_2023_monaco_R.csv,76.722
ALO,14,Aston Martin,44.0,0 days 00:01:16.919000,1.0,HARD,45.0,0 days 01:57:49.905000,1,True,25.2,36.4,42.0,1013.4,False,0.8,151,laps_2023_monaco_R.csv,76.919
DEV,21,AlphaTauri,43.0,0 days 00:01:17.561000,1.0,MEDIUM,43.0,0 days 01:57:55.313000,1,True,25.2,36.4,42.0,1013.4,False,0.8,151,laps_2023_monaco_R.csv,77.561
BOT,77,Alfa Romeo,43.0,0 days 00:01:18.685000,1.0,HARD,43.0,0 days 01:57:57.719000,1,True,25.2,36.4,42.0,1013.4,False,0.8,151,laps_2023_monaco_R.csv,78.685
MAG,20,Haas F1 Team,43.0,0 days 00:01:18.522000,1.0,HARD,43.0,0 days 01:58:00.245000,1,True,25.2,36.4,42.0,1013.4,False,0.8,151,laps_2023_monaco_R.csv,78.522
STR,18,Aston Martin,43.0,0 days 00:01:18.898000,1.0,HARD,44.0,0 days 01:58:00.887000,1,True,25.2,36.4,42.0,1013.4,False,0.8,151,laps_2023_monaco_R.csv,78.898
HUL,27,Haas F1 Team,43.0,0 days 00:01:18.991000,2.0,HARD,42.0,0 days 01:58:02.801000,1,True,25.2,36.4,42.0,1013.4,False,0.8,151,laps_2023_monaco_R.csv,78.991
ZHO,24,Alfa Romeo,43.0,0 days 00:01:18.701000,2.0,HARD,42.0,0 days 01:58:03.769000,1,True,25.2,36.4,42.0,1013.4,False,0.8,151,laps_2023_monaco_R.csv,78.701
ALB,23,Williams,43.0,0 days 00:01:18.486000,2.0,HARD,25.0,0 days 01:58:04.410000,1,True,25.2,36.4,42.0,1013.4,False,0.8,151,laps_2023_monaco_R.csv,78.486
GAS,10,Alpine,44.0,0 days 00:01:18.042000,1.0,HARD,44.0,0 days 01:58:13.989000,1,True,25.2,36.3,42.0,1013.4,False,1.1,155,laps_2023_monaco_R.csv,78.042
RUS,63,Mercedes,44.0,0 days 00:01:17.967000,1.0,HARD,44.0,0 days 01:58:15.219000,1,True,25.2,36.3,42.0,1013.4,False,1.1,155,laps_2023_monaco_R.csv,77.967
PER,11,Red Bull,43.0,0 days 00:01:17.847000,3.0,MEDIUM,10.0,0 days 01:58:15.869000,1,True,25.2,36.3,42.0,1013.4,False,1.1,155,laps_2023_monaco_R.csv,77.847
OCO,31,Alpine,44.0,0 days 00:01:17.033000,2.0,HARD,12.0,0 days 01:58:19.509000,1,True,25.2,36.3,42.0,1013.4,False,1.1,155,laps_2023_monaco_R.csv,77.033
SAI,55,Ferrari,44.0,0 days 00:01:17.760000,2.0,MEDIUM,11.0,0 days 01:58:21.646000,1,True,25.2,36.3,42.0,1013.4,False,1.1,155,laps_2023_monaco_R.csv,77.76
HAM,44,Mercedes,44.0,0 days 00:01:16.880000,2.0,HARD,13.0,0 days 01:58:23.914000,1,True,25.2,36.3,42.0,1013.4,False,1.1,155,laps_2023_monaco_R.csv,76.88
SAR,2,Williams,43.0,0 days 00:01:18.773000,3.0,SOFT,20.0,0 days 01:58:30.966000,1,True,25.2,36.3,42.0,1013.4,False,1.1,155,laps_2023_monaco_R.csv,78.773
TSU,22,AlphaTauri,44.0,0 days 00:01:18,1.0,MEDIUM,44.0,0 days 01:58:42.353000,1,True,25.2,36.3,42.0,1013.4,False,1.1,155,laps_2023_monaco_R.csv,78.0
NOR,4,McLaren,44.0,0 days 00:01:17.991000,1.0,MEDIUM,44.0,0 days 01:58:47.925000,1,True,25.2,36.3,42.0,1013.4,False,1.1,155,laps_2023_monaco_R.csv,77.991
PIA,81,McLaren,44.0,0 days 00:01:18.041000,1.0,HARD,44.0,0 days 01:58:52.899000,1,True,25.2,36.3,42.0,1013.4,False,1.1,155,laps_2023_monaco_R.csv,78.041
VER,1,Red Bull,45.0,0 days 00:01:16.701000,1.0,MEDIUM,45.0,0 days 01:58:57.616000,1,True,25.2,36.3,42.0,1013.4,False,1.1,155,laps_2023_monaco_R.csv,76.701
ALO,14,Aston Martin,45.0,0 days 00:01:16.862000,1.0,HARD,46.0,0 days 01:59:06.824000,1,True,25.2,36.3,42.0,1013.4,False,1.1,155,laps_2023_monaco_R.csv,76.862
DEV,21,AlphaTauri,44.0,0 days 00:01:17.646000,1.0,MEDIUM,44.0,0 days 01:59:12.874000,1,True,25.2,36.3,42.0,1013.4,False,1.1,155,laps_2023_monaco_R.csv,77.646
BOT,77,Alfa Romeo,44.0,0 days 00:01:18.606000,1.0,HARD,44.0,0 days 01:59:16.404000,1,True,25.2,36.3,42.0,1013.4,False,0.0,0,laps_2023_monaco_R.csv,78.606
MAG,20,Haas F1 Team,44.0,0 days 00:01:18.447000,1.0,HARD,44.0,0 days 01:59:18.767000,1,True,25.2,36.3,42.0,1013.4,False,0.0,0,laps_2023_monaco_R.csv,78.447
STR,18,Aston Martin,44.0,0 days 00:01:18.533000,1.0,HARD,45.0,0 days 01:59:19.785000,1,True,25.2,36.3,42.0,1013.4,False,0.0,0,laps_2023_monaco_R.csv,78.533
HUL,27,Haas F1 Team,44.0,0 days 00:01:18.467000,2.0,HARD,43.0,0 days 01:59:21.792000,1,True,25.2,36.3,42.0,1013.4,False,0.0,0,laps_2023_monaco_R.csv,78.467
ZHO,24,Alfa Romeo,44.0,0 days 00:01:18.721000,2.0,HARD,43.0,0 days 01:59:22.470000,1,True,25.2,36.3,42.0,1013.4,False,0.0,0,laps_2023_monaco_R.csv,78.721
ALB,23,Williams,44.0,0 days 00:01:18.767000,2.0,HARD,26.0,0 days 01:59:22.896000,1,True,25.2,36.3,42.0,1013.4,False,0.0,0,laps_2023_monaco_R.csv,78.767
GAS,10,Alpine,45.0,0 days 00:01:16.839000,1.0,HARD,45.0,0 days 01:59:32.031000,1,True,25.2,36.3,42.0,1013.4,False,0.0,0,laps_2023_monaco_R.csv,76.839
RUS,63,Mercedes,45.0,0 days 00:01:17.545000,1.0,HARD,45.0,0 days 01:59:33.186000,1,True,25.2,36.3,42.0,1013.4,False,0.0,0,laps_2023_monaco_R.csv,77.545
PER,11,Red Bull,44.0,0 days 00:01:17.616000,3.0,MEDIUM,11.0,0 days 01:59:33.716000,1,True,25.2,36.3,42.0,1013.4,False,0.0,0,laps_2023_monaco_R.csv,77.616
OCO,31,Alpine,45.0,0 days 00:01:17.271000,2.0,HARD,13.0,0 days 01:59:36.542000,1,True,25.2,36.3,42.0,1013.4,False,0.0,0,laps_2023_monaco_R.csv,77.271
SAI,55,Ferrari,45.0,0 days 00:01:17.146000,2.0,MEDIUM,12.0,0 days 01:59:39.406000,1,True,25.2,36.3,42.0,1013.4,False,0.0,0,laps_2023_monaco_R.csv,77.146
HAM,44,Mercedes,45.0,0 days 00:01:18.833000,2.0,HARD,14.0,0 days 01:59:40.794000,1,True,25.2,36.3,42.0,1013.4,False,0.0,0,laps_2023_monaco_R.csv,78.833
SAR,2,Williams,44.0,0 days 00:01:22.125000,3.0,SOFT,21.0,0 days 01:59:49.739000,1,True,25.2,36.3,42.0,1013.4,False,0.0,0,laps_2023_monaco_R.csv,82.125
TSU,22,AlphaTauri,45.0,0 days 00:01:17.879000,1.0,MEDIUM,45.0,0 days 02:00:00.353000,1,True,25.2,36.3,42.0,1013.4,False,0.0,0,laps_2023_monaco_R.csv,77.879
NOR,4,McLaren,45.0,0 days 00:01:17.862000,1.0,MEDIUM,45.0,0 days 02:00:05.916000,1,True,25.2,36.3,42.0,1013.4,False,0.0,0,laps_2023_monaco_R.csv,77.862
PIA,81,McLaren,45.0,0 days 00:01:17.846000,1.0,HARD,45.0,0 days 02:00:10.940000,1,True,25.2,36.3,42.0,1013.4,False,0.0,0,laps_2023_monaco_R.csv,77.846
VER,1,Red Bull,46.0,0 days 00:01:17.075000,1.0,MEDIUM,46.0,0 days 02:00:14.317000,1,True,25.1,36.1,43.0,1013.4,False,0.8,153,laps_2023_monaco_R.csv,77.075
ALO,14,Aston Martin,46.0,0 days 00:01:17.114000,1.0,HARD,47.0,0 days 02:00:23.686000,1,True,25.1,36.1,43.0,1013.4,False,0.8,153,laps_2023_monaco_R.csv,77.114
DEV,21,AlphaTauri,45.0,0 days 00:01:17.746000,1.0,MEDIUM,45.0,0 days 02:00:30.520000,1,True,25.1,36.1,43.0,1013.4,False,0.8,153,laps_2023_monaco_R.csv,77.746
BOT,77,Alfa Romeo,45.0,0 days 00:01:18.202000,1.0,HARD,45.0,0 days 02:00:35.010000,1,True,25.1,36.1,43.0,1013.4,False,0.8,153,laps_2023_monaco_R.csv,78.202
MAG,20,Haas F1 Team,45.0,0 days 00:01:18.920000,1.0,HARD,45.0,0 days 02:00:37.214000,1,True,25.1,36.1,43.0,1013.4,False,0.8,153,laps_2023_monaco_R.csv,78.92
STR,18,Aston Martin,45.0,0 days 00:01:18.374000,1.0,HARD,46.0,0 days 02:00:38.318000,1,True,25.1,36.1,43.0,1013.4,False,0.8,153,laps_2023_monaco_R.csv,78.374
HUL,27,Haas F1 Team,45.0,0 days 00:01:18.751000,2.0,HARD,44.0,0 days 02:00:40.259000,1,True,25.1,36.1,43.0,1013.4,False,0.8,153,laps_2023_monaco_R.csv,78.751
ZHO,24,Alfa Romeo,45.0,0 days 00:01:18.762000,2.0,HARD,44.0,0 days 02:00:41.191000,1,True,25.1,36.1,43.0,1013.4,False,0.8,153,laps_2023_monaco_R.csv,78.762
ALB,23,Williams,45.0,0 days 00:01:18.829000,2.0,HARD,27.0,0 days 02:00:41.663000,1,True,25.1,36.1,43.0,1013.4,False,0.8,153,laps_2023_monaco_R.csv,78.829
GAS,10,Alpine,46.0,0 days 00:01:16.997000,1.0,HARD,46.0,0 days 02:00:48.870000,1,True,25.1,36.1,43.0,1013.4,False,0.8,153,laps_2023_monaco_R.csv,76.997
RUS,63,Mercedes,46.0,0 days 00:01:17.068000,1.0,HARD,46.0,0 days 02:00:50.731000,1,True,25.1,36.1,43.0,1013.4,False,0.8,153,laps_2023_monaco_R.csv,77.068
PER,11,Red Bull,45.0,0 days 00:01:17.128000,3.0,MEDIUM,12.0,0 days 02:00:51.332000,1,True,25.1,36.1,43.0,1013.4,False,0.8,153,laps_2023_monaco_R.csv,77.128
OCO,31,Alpine,46.0,0 days 00:01:16.775000,2.0,HARD,14.0,0 days 02:00:53.813000,1,True,25.1,36.1,43.0,1013.4,False,0.8,153,laps_2023_monaco_R.csv,76.775
SAI,55,Ferrari,46.0,0 days 00:01:17.220000,2.0,MEDIUM,13.0,0 days 02:00:56.552000,1,True,25.1,36.1,43.0,1013.4,False,0.8,153,laps_2023_monaco_R.csv,77.22
HAM,44,Mercedes,46.0,0 days 00:01:16.850000,2.0,HARD,15.0,0 days 02:00:59.627000,1,True,25.1,36.1,43.0,1013.4,False,0.8,153,laps_2023_monaco_R.csv,76.85
LEC,16,Ferrari,46.0,0 days 00:01:15.773000,2.0,MEDIUM,2.0,0 days 02:01:07.693000,1,True,25.1,36.1,43.0,1013.4,False,0.8,153,laps_2023_monaco_R.csv,75.773
SAR,2,Williams,45.0,0 days 00:01:19.618000,3.0,SOFT,22.0,0 days 02:01:11.864000,1,True,25.1,36.1,43.0,1013.4,False,0.8,153,laps_2023_monaco_R.csv,79.618
TSU,22,AlphaTauri,46.0,0 days 00:01:17.956000,1.0,MEDIUM,46.0,0 days 02:01:18.232000,1,True,25.0,36.1,43.0,1013.2,False,0.8,131,laps_2023_monaco_R.csv,77.956
NOR,4,McLaren,46.0,0 days 00:01:17.844000,1.0,MEDIUM,46.0,0 days 02:01:23.778000,1,True,25.0,36.1,43.0,1013.2,False,0.8,131,laps_2023_monaco_R.csv,77.844
PIA,81,McLaren,46.0,0 days 00:01:17.516000,1.0,HARD,46.0,0 days 02:01:28.786000,1,True,25.0,36.1,43.0,1013.2,False,0.8,131,laps_2023_monaco_R.csv,77.516
VER,1,Red Bull,47.0,0 days 00:01:17.160000,1.0,MEDIUM,47.0,0 days 02:01:31.392000,1,True,25.0,36.1,43.0,1013.2,False,0.8,131,laps_2023_monaco_R.csv,77.16
ALO,14,Aston Martin,47.0,0 days 00:01:17.108000,1.0,HARD,48.0,0 days 02:01:40.800000,1,True,25.0,36.1,43.0,1013.2,False,0.8,131,laps_2023_monaco_R.csv,77.108
DEV,21,AlphaTauri,46.0,0 days 00:01:17.785000,1.0,MEDIUM,46.0,0 days 02:01:48.266000,1,True,25.0,36.1,43.0,1013.2,False,0.8,131,laps_2023_monaco_R.csv,77.785
BOT,77,Alfa Romeo,46.0,0 days 00:01:18.153000,1.0,HARD,46.0,0 days 02:01:53.212000,1,True,25.0,36.1,43.0,1013.2,False,0.8,131,laps_2023_monaco_R.csv,78.153
MAG,20,Haas F1 Team,46.0,0 days 00:01:18.384000,1.0,HARD,46.0,0 days 02:01:56.134000,1,True,25.0,36.1,43.0,1013.2,False,0.8,131,laps_2023_monaco_R.csv,78.384
STR,18,Aston Martin,46.0,0 days 00:01:18.723000,1.0,HARD,47.0,0 days 02:01:56.692000,1,True,25.0,36.1,43.0,1013.2,False,0.8,131,laps_2023_monaco_R.csv,78.723
HUL,27,Haas F1 Team,46.0,0 days 00:01:18.608000,2.0,HARD,45.0,0 days 02:01:59.010000,1,True,25.0,36.1,43.0,1013.2,False,0.8,131,laps_2023_monaco_R.csv,78.608
ZHO,24,Alfa Romeo,46.0,0 days 00:01:18.660000,2.0,HARD,45.0,0 days 02:01:59.953000,1,True,25.0,36.1,43.0,1013.2,False,0.8,131,laps_2023_monaco_R.csv,78.66
ALB,23,Williams,46.0,0 days 00:01:18.900000,2.0,HARD,28.0,0 days 02:02:00.492000,1,True,25.0,36.1,43.0,1013.2,False,0.8,131,laps_2023_monaco_R.csv,78.9
RUS,63,Mercedes,47.0,0 days 00:01:17.060000,1.0,HARD,47.0,0 days 02:02:07.799000,1,True,25.0,36.1,43.0,1013.2,False,0.8,131,laps_2023_monaco_R.csv,77.06
PER,11,Red Bull,46.0,0 days 00:01:17.047000,3.0,MEDIUM,13.0,0 days 02:02:08.460000,1,True,25.0,36.1,43.0,1013.2,False,0.8,131,laps_2023_monaco_R.csv,77.047
OCO,31,Alpine,47.0,0 days 00:01:16.962000,2.0,HARD,15.0,0 days 02:02:10.588000,1,True,25.0,36.1,43.0,1013.2,False,0.8,131,laps_2023_monaco_R.csv,76.962
SAI,55,Ferrari,47.0,0 days 00:01:16.732000,2.0,MEDIUM,14.0,0 days 02:02:13.772000,1,True,25.0,36.0,43.0,1013.4,False,0.8,70,laps_2023_monaco_R.csv,76.732
HAM,44,Mercedes,47.0,0 days 00:01:16.257000,2.0,HARD,16.0,0 days 02:02:16.477000,1,True,25.0,36.0,43.0,1013.4,False,0.8,70,laps_2023_monaco_R.csv,76.257
LEC,16,Ferrari,47.0,0 days 00:01:16.358000,2.0,MEDIUM,3.0,0 days 02:02:23.466000,1,True,25.0,36.0,43.0,1013.4,False,0.8,70,laps_2023_monaco_R.csv,76.358
SAR,2,Williams,46.0,0 days 00:01:19.028000,3.0,SOFT,23.0,0 days 02:02:31.482000,1,True,25.0,36.0,43.0,1013.4,False,0.8,70,laps_2023_monaco_R.csv,79.028
TSU,22,AlphaTauri,47.0,0 days 00:01:18.169000,1.0,MEDIUM,47.0,0 days 02:02:36.188000,1,True,25.0,36.0,43.0,1013.4,False,0.8,70,laps_2023_monaco_R.csv,78.169
NOR,4,McLaren,47.0,0 days 00:01:18.234000,1.0,MEDIUM,47.0,0 days 02:02:41.622000,1,True,25.0,36.0,43.0,1013.4,False,0.8,70,laps_2023_monaco_R.csv,78.234
PIA,81,McLaren,47.0,0 days 00:01:17.513000,1.0,HARD,47.0,0 days 02:02:46.302000,1,True,25.0,36.0,43.0,1013.4,False,0.8,70,laps_2023_monaco_R.csv,77.513
VER,1,Red Bull,48.0,0 days 00:01:17.065000,1.0,MEDIUM,48.0,0 days 02:02:48.552000,1,True,25.0,36.0,43.0,1013.4,False,0.8,70,laps_2023_monaco_R.csv,77.065
ALO,14,Aston Martin,48.0,0 days 00:01:16.931000,1.0,HARD,49.0,0 days 02:02:57.908000,1,True,25.0,36.0,43.0,1013.4,False,0.8,70,laps_2023_monaco_R.csv,76.931
DEV,21,AlphaTauri,47.0,0 days 00:01:17.579000,1.0,MEDIUM,47.0,0 days 02:03:06.051000,1,True,25.0,36.0,43.0,1013.4,False,0.8,70,laps_2023_monaco_R.csv,77.579
BOT,77,Alfa Romeo,47.0,0 days 00:01:18.343000,1.0,HARD,47.0,0 days 02:03:11.365000,1,True,25.0,36.0,43.0,1013.4,False,0.8,70,laps_2023_monaco_R.csv,78.343
MAG,20,Haas F1 Team,47.0,0 days 00:01:18.685000,1.0,HARD,47.0,0 days 02:03:14.518000,1,True,25.1,36.0,42.0,1013.4,False,1.0,145,laps_2023_monaco_R.csv,78.685
STR,18,Aston Martin,47.0,0 days 00:01:19.033000,1.0,HARD,48.0,0 days 02:03:15.415000,1,True,25.1,36.0,42.0,1013.4,False,1.0,145,laps_2023_monaco_R.csv,79.033
HUL,27,Haas F1 Team,47.0,0 days 00:01:18.857000,2.0,HARD,46.0,0 days 02:03:17.618000,1,True,25.1,36.0,42.0,1013.4,False,1.0,145,laps_2023_monaco_R.csv,78.857
ZHO,24,Alfa Romeo,47.0,0 days 00:01:18.809000,2.0,HARD,46.0,0 days 02:03:18.613000,1,True,25.1,36.0,42.0,1013.4,False,1.0,145,laps_2023_monaco_R.csv,78.809
ALB,23,Williams,47.0,0 days 00:01:18.528000,2.0,HARD,29.0,0 days 02:03:19.392000,1,True,25.1,36.0,42.0,1013.4,False,1.0,145,laps_2023_monaco_R.csv,78.528
RUS,63,Mercedes,48.0,0 days 00:01:16.798000,1.0,HARD,48.0,0 days 02:03:24.859000,1,True,25.1,36.0,42.0,1013.4,False,1.0,145,laps_2023_monaco_R.csv,76.798
PER,11,Red Bull,47.0,0 days 00:01:16.859000,3.0,MEDIUM,14.0,0 days 02:03:25.507000,1,True,25.1,36.0,42.0,1013.4,False,1.0,145,laps_2023_monaco_R.csv,76.859
OCO,31,Alpine,48.0,0 days 00:01:16.968000,2.0,HARD,16.0,0 days 02:03:27.550000,1,True,25.1,36.0,42.0,1013.4,False,1.0,145,laps_2023_monaco_R.csv,76.968
SAI,55,Ferrari,48.0,0 days 00:01:16.561000,2.0,MEDIUM,15.0,0 days 02:03:30.504000,1,True,25.1,36.0,42.0,1013.4,False,1.0,145,laps_2023_monaco_R.csv,76.561
HAM,44,Mercedes,48.0,0 days 00:01:16.860000,2.0,HARD,17.0,0 days 02:03:32.734000,1,True,25.1,36.0,42.0,1013.4,False,1.0,145,laps_2023_monaco_R.csv,76.86
LEC,16,Ferrari,48.0,0 days 00:01:16.971000,2.0,MEDIUM,4.0,0 days 02:03:39.824000,1,True,25.1,36.0,42.0,1013.4,False,1.0,145,laps_2023_monaco_R.csv,76.971
SAR,2,Williams,47.0,0 days 00:01:18.910000,3.0,SOFT,24.0,0 days 02:03:50.510000,1,True,25.1,36.0,42.0,1013.4,False,1.0,145,laps_2023_monaco_R.csv,78.91
TSU,22,AlphaTauri,48.0,0 days 00:01:18.098000,1.0,MEDIUM,48.0,0 days 02:03:54.357000,1,True,25.1,36.0,42.0,1013.4,False,1.0,145,laps_2023_monaco_R.csv,78.098
NOR,4,McLaren,48.0,0 days 00:01:18.297000,1.0,MEDIUM,48.0,0 days 02:03:59.856000,1,True,25.1,36.0,42.0,1013.4,False,1.0,145,laps_2023_monaco_R.csv,78.297
PIA,81,McLaren,48.0,0 days 00:01:18.001000,1.0,HARD,48.0,0 days 02:04:03.815000,1,True,25.1,36.0,42.0,1013.4,False,1.0,145,laps_2023_monaco_R.csv,78.001
VER,1,Red Bull,49.0,0 days 00:01:17.428000,1.0,MEDIUM,49.0,0 days 02:04:05.617000,1,True,25.1,36.0,42.0,1013.4,False,1.0,145,laps_2023_monaco_R.csv,77.428
ALO,14,Aston Martin,49.0,0 days 00:01:16.992000,1.0,HARD,50.0,0 days 02:04:14.839000,1,True,25.0,35.9,42.0,1013.2,False,2.0,128,laps_2023_monaco_R.csv,76.992
DEV,21,AlphaTauri,48.0,0 days 00:01:17.608000,1.0,MEDIUM,48.0,0 days 02:04:23.630000,1,True,25.0,35.9,42.0,1013.2,False,2.0,128,laps_2023_monaco_R.csv,77.608
BOT,77,Alfa Romeo,48.0,0 days 00:01:18.151000,1.0,HARD,48.0,0 days 02:04:29.708000,1,True,25.0,35.9,42.0,1013.2,False,2.0,128,laps_2023_monaco_R.csv,78.151
MAG,20,Haas F1 Team,48.0,0 days 00:01:18.745000,1.0,HARD,48.0,0 days 02:04:33.203000,1,True,25.0,35.9,42.0,1013.2,False,2.0,128,laps_2023_monaco_R.csv,78.745
STR,18,Aston Martin,48.0,0 days 00:01:18.573000,1.0,HARD,49.0,0 days 02:04:34.448000,1,True,25.0,35.9,42.0,1013.2,False,2.0,128,laps_2023_monaco_R.csv,78.573
HUL,27,Haas F1 Team,48.0,0 days 00:01:18.789000,2.0,HARD,47.0,0 days 02:04:36.475000,1,True,25.0,35.9,42.0,1013.2,False,2.0,128,laps_2023_monaco_R.csv,78.789
ZHO,24,Alfa Romeo,48.0,0 days 00:01:18.947000,2.0,HARD,47.0,0 days 02:04:37.422000,1,True,25.0,35.9,42.0,1013.2,False,2.0,128,laps_2023_monaco_R.csv,78.947
ALB,23,Williams,48.0,0 days 00:01:18.882000,2.0,HARD,30.0,0 days 02:04:37.920000,1,True,25.0,35.9,42.0,1013.2,False,2.0,128,laps_2023_monaco_R.csv,78.882
RUS,63,Mercedes,49.0,0 days 00:01:17.223000,1.0,HARD,49.0,0 days 02:04:41.657000,1,True,25.0,35.9,42.0,1013.2,False,2.0,128,laps_2023_monaco_R.csv,77.223
PER,11,Red Bull,48.0,0 days 00:01:16.980000,3.0,MEDIUM,15.0,0 days 02:04:42.366000,1,True,25.0,35.9,42.0,1013.2,False,2.0,128,laps_2023_monaco_R.csv,76.98
OCO,31,Alpine,49.0,0 days 00:01:17.090000,2.0,HARD,17.0,0 days 02:04:44.518000,1,True,25.0,35.9,42.0,1013.2,False,2.0,128,laps_2023_monaco_R.csv,77.09
SAI,55,Ferrari,49.0,0 days 00:01:17.014000,2.0,MEDIUM,16.0,0 days 02:04:47.065000,1,True,25.0,35.9,42.0,1013.2,False,2.0,128,laps_2023_monaco_R.csv,77.014
HAM,44,Mercedes,49.0,0 days 00:01:16.781000,2.0,HARD,18.0,0 days 02:04:49.594000,1,True,25.0,35.9,42.0,1013.2,False,2.0,128,laps_2023_monaco_R.csv,76.781
LEC,16,Ferrari,49.0,0 days 00:01:16.283000,2.0,MEDIUM,5.0,0 days 02:04:56.795000,1,True,25.0,35.9,42.0,1013.2,False,2.0,128,laps_2023_monaco_R.csv,76.283
GAS,10,Alpine,49.0,0 days 00:01:15.831000,2.0,MEDIUM,2.0,0 days 02:04:59.018000,1,True,25.0,35.9,42.0,1013.2,False,2.0,128,laps_2023_monaco_R.csv,75.831
SAR,2,Williams,48.0,0 days 00:01:19.212000,3.0,SOFT,25.0,0 days 02:05:09.420000,1,True,25.0,35.9,42.0,1013.2,False,2.0,128,laps_2023_monaco_R.csv,79.212
TSU,22,AlphaTauri,49.0,0 days 00:01:18.320000,1.0,MEDIUM,49.0,0 days 02:05:12.455000,1,True,25.0,35.9,42.0,1013.2,False,2.0,128,laps_2023_monaco_R.csv,78.32
NOR,4,McLaren,49.0,0 days 00:01:18.152000,1.0,MEDIUM,49.0,0 days 02:05:18.153000,1,True,25.0,35.8,42.0,1013.2,False,1.0,163,laps_2023_monaco_R.csv,78.152
PIA,81,McLaren,49.0,0 days 00:01:21.248000,1.0,HARD,49.0,0 days 02:05:21.816000,1,True,25.0,35.8,42.0,1013.2,False,1.0,163,laps_2023_monaco_R.csv,81.248
VER,1,Red Bull,50.0,0 days 00:01:17.314000,1.0,MEDIUM,50.0,0 days 02:05:23.045000,1,True,25.0,35.8,42.0,1013.2,False,1.0,163,laps_2023_monaco_R.csv,77.314
ALO,14,Aston Martin,50.0,0 days 00:01:17.408000,1.0,HARD,51.0,0 days 02:05:31.831000,1,True,25.0,35.8,42.0,1013.2,False,1.0,163,laps_2023_monaco_R.csv,77.408
DEV,21,AlphaTauri,49.0,0 days 00:01:18.016000,1.0,MEDIUM,49.0,0 days 02:05:41.238000,1,True,25.0,35.8,42.0,1013.2,False,1.0,163,laps_2023_monaco_R.csv,78.016
BOT,77,Alfa Romeo,49.0,0 days 00:01:18.383000,1.0,HARD,49.0,0 days 02:05:47.859000,1,True,25.0,35.8,42.0,1013.2,False,1.0,163,laps_2023_monaco_R.csv,78.383
MAG,20,Haas F1 Team,49.0,0 days 00:01:18.854000,1.0,HARD,49.0,0 days 02:05:51.948000,1,True,25.0,35.8,42.0,1013.2,False,1.0,163,laps_2023_monaco_R.csv,78.854
STR,18,Aston Martin,49.0,0 days 00:01:18.418000,1.0,HARD,50.0,0 days 02:05:53.021000,1,True,25.0,35.8,42.0,1013.2,False,1.0,163,laps_2023_monaco_R.csv,78.418
HUL,27,Haas F1 Team,49.0,0 days 00:01:19.036000,2.0,HARD,48.0,0 days 02:05:55.264000,1,True,25.0,35.8,42.0,1013.2,False,1.0,163,laps_2023_monaco_R.csv,79.036
ZHO,24,Alfa Romeo,49.0,0 days 00:01:19.065000,2.0,HARD,48.0,0 days 02:05:56.369000,1,True,25.0,35.8,42.0,1013.2,False,1.0,163,laps_2023_monaco_R.csv,79.065
ALB,23,Williams,49.0,0 days 00:01:20.597000,2.0,HARD,31.0,0 days 02:05:56.802000,1,True,25.0,35.8,42.0,1013.2,False,1.0,163,laps_2023_monaco_R.csv,80.597
RUS,63,Mercedes,50.0,0 days 00:01:17.635000,1.0,HARD,50.0,0 days 02:05:58.880000,1,True,25.0,35.8,42.0,1013.2,False,1.0,163,laps_2023_monaco_R.csv,77.635
PER,11,Red Bull,49.0,0 days 00:01:18.524000,3.0,MEDIUM,16.0,0 days 02:05:59.346000,1,True,25.0,35.8,42.0,1013.2,False,1.0,163,laps_2023_monaco_R.csv,78.524
OCO,31,Alpine,50.0,0 days 00:01:17.836000,2.0,HARD,18.0,0 days 02:06:01.608000,1,True,25.0,35.8,42.0,1013.2,False,1.0,163,laps_2023_monaco_R.csv,77.836
SAI,55,Ferrari,50.0,0 days 00:01:16.917000,2.0,MEDIUM,17.0,0 days 02:06:04.079000,1,True,25.0,35.8,42.0,1013.2,False,1.0,163,laps_2023_monaco_R.csv,76.917
HAM,44,Mercedes,50.0,0 days 00:01:17.110000,2.0,HARD,19.0,0 days 02:06:06.375000,1,True,25.0,35.8,42.0,1013.2,False,1.0,163,laps_2023_monaco_R.csv,77.11
LEC,16,Ferrari,50.0,0 days 00:01:15.956000,2.0,MEDIUM,6.0,0 days 02:06:13.078000,1,True,25.0,35.8,43.0,1013.4,False,0.6,158,laps_2023_monaco_R.csv,75.956
GAS,10,Alpine,50.0,0 days 00:01:15.955000,2.0,MEDIUM,3.0,0 days 02:06:14.849000,1,True,25.0,35.8,43.0,1013.4,False,0.6,158,laps_2023_monaco_R.csv,75.955
SAR,2,Williams,49.0,0 days 00:01:22.128000,3.0,SOFT,26.0,0 days 02:06:28.632000,1,True,25.0,35.8,43.0,1013.4,False,0.6,158,laps_2023_monaco_R.csv,82.128
TSU,22,AlphaTauri,50.0,0 days 00:01:18.640000,1.0,MEDIUM,50.0,0 days 02:06:30.775000,1,True,25.0,35.8,43.0,1013.4,False,0.6,158,laps_2023_monaco_R.csv,78.64
VER,1,Red Bull,51.0,0 days 00:01:17.427000,1.0,MEDIUM,51.0,0 days 02:06:40.359000,1,True,25.0,35.8,43.0,1013.4,False,0.6,158,laps_2023_monaco_R.csv,77.427
PIA,81,McLaren,50.0,0 days 00:01:18.201000,1.0,HARD,50.0,0 days 02:06:43.064000,1,True,25.0,35.8,43.0,1013.4,False,0.6,158,laps_2023_monaco_R.csv,78.201
ALO,14,Aston Martin,51.0,0 days 00:01:19.991000,1.0,HARD,52.0,0 days 02:06:49.239000,1,True,25.0,35.8,43.0,1013.4,False,0.6,158,laps_2023_monaco_R.csv,79.991
DEV,21,AlphaTauri,50.0,0 days 00:01:18.497000,1.0,MEDIUM,50.0,0 days 02:06:59.254000,1,True,25.0,35.8,43.0,1013.4,False,0.6,158,laps_2023_monaco_R.csv,78.497
BOT,77,Alfa Romeo,50.0,0 days 00:01:19.704000,1.0,HARD,50.0,0 days 02:07:06.242000,1,True,25.0,35.8,43.0,1013.4,False,0.6,158,laps_2023_monaco_R.csv,79.704
MAG,20,Haas F1 Team,50.0,0 days 00:01:20.301000,1.0,HARD,50.0,0 days 02:07:10.802000,1,True,25.0,35.8,43.0,1013.4,False,0.6,158,laps_2023_monaco_R.csv,80.301
STR,18,Aston Martin,50.0,0 days 00:01:20.218000,1.0,HARD,51.0,0 days 02:07:11.439000,1,True,25.0,35.8,43.0,1013.4,False,0.6,158,laps_2023_monaco_R.csv,80.218
HUL,27,Haas F1 Team,50.0,0 days 00:01:20.238000,2.0,HARD,49.0,0 days 02:07:14.300000,1,True,25.0,35.7,43.0,1013.2,False,1.1,130,laps_2023_monaco_R.csv,80.238
ZHO,24,Alfa Romeo,50.0,0 days 00:01:21.664000,2.0,HARD,49.0,0 days 02:07:15.434000,1,True,25.0,35.7,43.0,1013.2,False,1.1,130,laps_2023_monaco_R.csv,81.664
RUS,63,Mercedes,51.0,0 days 00:01:19.640000,1.0,HARD,51.0,0 days 02:07:16.515000,1,True,25.0,35.7,43.0,1013.2,False,1.1,130,laps_2023_monaco_R.csv,79.64
ALB,23,Williams,50.0,0 days 00:01:20.166000,2.0,HARD,32.0,0 days 02:07:17.399000,1,True,25.0,35.7,43.0,1013.2,False,1.1,130,laps_2023_monaco_R.csv,80.166
PER,11,Red Bull,50.0,0 days 00:01:24.856000,3.0,MEDIUM,17.0,0 days 02:07:17.870000,1,True,25.0,35.7,43.0,1013.2,False,1.1,130,laps_2023_monaco_R.csv,84.856
OCO,31,Alpine,51.0,0 days 00:01:19.453000,2.0,HARD,19.0,0 days 02:07:19.444000,1,True,25.0,35.7,43.0,1013.2,False,1.1,130,laps_2023_monaco_R.csv,79.453
SAI,55,Ferrari,51.0,0 days 00:01:19.013000,2.0,MEDIUM,18.0,0 days 02:07:20.996000,1,True,25.0,35.7,43.0,1013.2,False,1.1,130,laps_2023_monaco_R.csv,79.013
HAM,44,Mercedes,51.0,0 days 00:01:18.294000,2.0,HARD,20.0,0 days 02:07:23.485000,1,True,25.0,35.7,43.0,1013.2,False,1.1,130,laps_2023_monaco_R.csv,78.294
LEC,16,Ferrari,51.0,0 days 00:01:17.017000,2.0,MEDIUM,7.0,0 days 02:07:29.034000,1,True,25.0,35.7,43.0,1013.2,False,1.1,130,laps_2023_monaco_R.csv,77.017
GAS,10,Alpine,51.0,0 days 00:01:16.711000,2.0,MEDIUM,4.0,0 days 02:07:30.804000,1,True,25.0,35.7,43.0,1013.2,False,1.1,130,laps_2023_monaco_R.csv,76.711
TSU,22,AlphaTauri,51.0,0 days 00:01:23.804000,1.0,MEDIUM,51.0,0 days 02:07:49.415000,1,True,25.0,35.7,43.0,1013.2,False,1.1,130,laps_2023_monaco_R.csv,83.804
SAR,2,Williams,50.0,0 days 00:01:23.120000,3.0,SOFT,27.0,0 days 02:07:50.760000,1,True,25.0,35.7,43.0,1013.2,False,1.1,130,laps_2023_monaco_R.csv,83.12
VER,1,Red Bull,52.0,0 days 00:01:24.046000,1.0,MEDIUM,52.0,0 days 02:07:57.786000,1,True,25.0,35.7,43.0,1013.2,False,1.1,130,laps_2023_monaco_R.csv,84.046
PIA,81,McLaren,51.0,0 days 00:01:23.586000,1.0,HARD,51.0,0 days 02:08:01.265000,1,True,25.0,35.7,43.0,1013.2,False,1.1,130,laps_2023_monaco_R.csv,83.586
ALO,14,Aston Martin,52.0,0 days 00:01:24.967000,1.0,HARD,53.0,0 days 02:08:09.230000,1,True,25.0,35.7,43.0,1013.2,False,1.1,130,laps_2023_monaco_R.csv,84.967
DEV,21,AlphaTauri,51.0,0 days 00:01:24.546000,1.0,MEDIUM,51.0,0 days 02:08:17.751000,1,True,25.0,35.7,43.0,1013.4,False,0.4,0,laps_2023_monaco_R.csv,84.546
MAG,20,Haas F1 Team,51.0,0 days 00:01:25.595000,1.0,HARD,51.0,0 days 02:08:31.103000,1,True,25.0,35.7,43.0,1013.4,False,0.4,0,laps_2023_monaco_R.csv,85.595
HUL,27,Haas F1 Team,51.0,0 days 00:01:28.292000,2.0,HARD,50.0,0 days 02:08:34.538000,1,True,25.0,35.7,43.0,1013.4,False,0.4,0,laps_2023_monaco_R.csv,88.292
RUS,63,Mercedes,52.0,0 days 00:01:24.754000,1.0,HARD,52.0,0 days 02:08:36.155000,1,True,25.0,35.7,43.0,1013.4,False,0.4,0,laps_2023_monaco_R.csv,84.754
ZHO,24,Alfa Romeo,51.0,0 days 00:01:30.253000,2.0,HARD,50.0,0 days 02:08:37.098000,1,True,25.0,35.7,43.0,1013.4,False,0.4,0,laps_2023_monaco_R.csv,90.253
ALB,23,Williams,51.0,0 days 00:01:29.941000,2.0,HARD,33.0,0 days 02:08:37.565000,1,True,25.0,35.7,43.0,1013.4,False,0.4,0,laps_2023_monaco_R.csv,89.941
OCO,31,Alpine,52.0,0 days 00:01:26.990000,2.0,HARD,20.0,0 days 02:08:38.897000,1,True,25.0,35.7,43.0,1013.4,False,0.4,0,laps_2023_monaco_R.csv,86.99
SAI,55,Ferrari,52.0,0 days 00:01:26.201000,2.0,MEDIUM,19.0,0 days 02:08:40.009000,1,True,25.0,35.7,43.0,1013.4,False,0.4,0,laps_2023_monaco_R.csv,86.201
HAM,44,Mercedes,52.0,0 days 00:01:26.237000,2.0,HARD,21.0,0 days 02:08:41.779000,1,True,25.0,35.7,43.0,1013.4,False,0.4,0,laps_2023_monaco_R.csv,86.237
PER,11,Red Bull,51.0,0 days 00:01:25.645000,3.0,MEDIUM,18.0,0 days 02:08:42.726000,1,True,25.0,35.7,43.0,1013.4,False,0.4,0,laps_2023_monaco_R.csv,85.645
LEC,16,Ferrari,52.0,0 days 00:01:23.243000,2.0,MEDIUM,8.0,0 days 02:08:46.051000,1,True,25.0,35.7,43.0,1013.4,False,0.4,0,laps_2023_monaco_R.csv,83.243
GAS,10,Alpine,52.0,0 days 00:01:22.349000,2.0,MEDIUM,5.0,0 days 02:08:47.515000,1,True,25.0,35.7,43.0,1013.4,False,0.4,0,laps_2023_monaco_R.csv,82.349
TSU,22,AlphaTauri,52.0,0 days 00:01:32.268000,1.0,MEDIUM,52.0,0 days 02:09:13.219000,1,True,25.0,35.3,42.0,1013.2,False,0.5,97,laps_2023_monaco_R.csv,92.268
SAR,2,Williams,51.0,0 days 00:01:32.385000,3.0,SOFT,28.0,0 days 02:09:13.880000,1,True,25.0,35.3,42.0,1013.2,False,0.5,97,laps_2023_monaco_R.csv,92.385
VER,1,Red Bull,53.0,0 days 00:01:29.919000,1.0,MEDIUM,53.0,0 days 02:09:21.832000,1,True,25.0,35.3,42.0,1013.2,False,0.5,97,laps_2023_monaco_R.csv,89.919
PIA,81,McLaren,52.0,0 days 00:01:29.897000,1.0,HARD,52.0,0 days 02:09:24.851000,1,True,25.0,35.3,42.0,1013.2,False,0.5,97,laps_2023_monaco_R.csv,89.897
ALO,14,Aston Martin,53.0,0 days 00:01:30.862000,1.0,HARD,54.0,0 days 02:09:34.197000,1,True,25.0,35.3,42.0,1013.2,False,0.5,97,laps_2023_monaco_R.csv,90.862
NOR,4,McLaren,52.0,0 days 00:01:28.675000,2.0,HARD,2.0,0 days 02:09:39.985000,1,True,25.0,35.3,42.0,1013.2,False,0.5,97,laps_2023_monaco_R.csv,88.675
DEV,21,AlphaTauri,52.0,0 days 00:01:29.326000,1.0,MEDIUM,52.0,0 days 02:09:42.297000,1,True,25.0,35.3,42.0,1013.2,False,0.5,97,laps_2023_monaco_R.csv,89.326
MAG,20,Haas F1 Team,52.0,0 days 00:01:30.696000,1.0,HARD,52.0,0 days 02:09:56.698000,1,True,25.0,35.3,42.0,1013.2,False,0.5,97,laps_2023_monaco_R.csv,90.696
RUS,63,Mercedes,53.0,0 days 00:01:28.625000,1.0,HARD,53.0,0 days 02:10:00.909000,1,True,25.0,35.3,42.0,1013.2,False,0.5,97,laps_2023_monaco_R.csv,88.625
HUL,27,Haas F1 Team,52.0,0 days 00:01:31.149000,2.0,HARD,51.0,0 days 02:10:02.830000,1,True,25.0,35.3,42.0,1013.2,False,0.5,97,laps_2023_monaco_R.csv,91.149
OCO,31,Alpine,53.0,0 days 00:01:29.909000,2.0,HARD,21.0,0 days 02:10:05.887000,1,True,25.0,35.3,42.0,1013.2,False,0.5,97,laps_2023_monaco_R.csv,89.909
SAI,55,Ferrari,53.0,0 days 00:01:30.068000,2.0,MEDIUM,20.0,0 days 02:10:06.210000,1,True,25.0,35.3,42.0,1013.2,False,0.5,97,laps_2023_monaco_R.csv,90.068
HAM,44,Mercedes,53.0,0 days 00:01:31.341000,2.0,HARD,22.0,0 days 02:10:08.016000,1,True,25.0,35.3,42.0,1013.2,False,0.5,97,laps_2023_monaco_R.csv,91.341
PER,11,Red Bull,52.0,0 days 00:01:38.200000,3.0,MEDIUM,19.0,0 days 02:10:08.371000,1,True,25.0,35.3,42.0,1013.2,False,0.5,97,laps_2023_monaco_R.csv,98.2
LEC,16,Ferrari,53.0,0 days 00:01:33.259000,2.0,MEDIUM,9.0,0 days 02:10:09.294000,1,True,25.0,35.3,42.0,1013.2,False,0.5,97,laps_2023_monaco_R.csv,93.259
GAS,10,Alpine,53.0,0 days 00:01:35.781000,2.0,MEDIUM,6.0,0 days 02:10:09.864000,1,True,25.0,35.3,42.0,1013.2,False,0.5,97,laps_2023_monaco_R.csv,95.781
VER,1,Red Bull,54.0,0 days 00:01:38.946000,1.0,MEDIUM,54.0,0 days 02:10:51.751000,1,True,24.9,35.2,42.0,1013.2,False,1.2,172,laps_2023_monaco_R.csv,98.946
PIA,81,McLaren,53.0,0 days 00:01:36.843000,1.0,HARD,53.0,0 days 02:10:54.748000,1,True,24.9,35.2,42.0,1013.2,False,1.2,172,laps_2023_monaco_R.csv,96.843
NOR,4,McLaren,53.0,0 days 00:01:32.162000,2.0,HARD,3.0,0 days 02:11:08.660000,1,True,24.9,35.2,42.0,1013.2,False,1.2,172,laps_2023_monaco_R.csv,92.162
MAG,20,Haas F1 Team,53.0,0 days 00:01:38.955000,1.0,HARD,53.0,0 days 02:11:27.394000,1,True,24.8,35.1,42.0,1013.2,True,0.6,75,laps_2023_monaco_R.csv,98.955
HUL,27,Haas F1 Team,53.0,0 days 00:01:40.881000,2.0,HARD,52.0,0 days 02:11:33.979000,1,True,24.8,35.1,42.0,1013.2,True,0.6,75,laps_2023_monaco_R.csv,100.881
SAI,55,Ferrari,54.0,0 days 00:01:37.315000,2.0,MEDIUM,21.0,0 days 02:11:36.278000,1,True,24.8,35.1,42.0,1013.2,True,0.6,75,laps_2023_monaco_R.csv,97.315
LEC,16,Ferrari,54.0,0 days 00:01:35.725000,2.0,MEDIUM,10.0,0 days 02:11:42.553000,1,True,24.8,35.1,42.0,1013.2,True,0.6,75,laps_2023_monaco_R.csv,95.725
BOT,77,Alfa Romeo,53.0,0 days 00:01:32.720000,2.0,INTERMEDIATE,2.0,0 days 02:11:47.686000,1,True,24.8,35.1,42.0,1013.2,True,0.6,75,laps_2023_monaco_R.csv,92.72
STR,18,Aston Martin,53.0,0 days 00:01:36.321000,2.0,INTERMEDIATE,2.0,0 days 02:11:48.347000,1,True,24.8,35.1,42.0,1013.2,True,0.6,75,laps_2023_monaco_R.csv,96.321
MAG,20,Haas F1 Team,54.0,0 days 00:01:50.776000,1.0,HARD,54.0,0 days 02:13:06.349000,12,True,24.7,34.9,42.0,1013.2,True,0.8,133,laps_2023_monaco_R.csv,110.776
BOT,77,Alfa Romeo,54.0,0 days 00:01:38.747000,2.0,INTERMEDIATE,3.0,0 days 02:13:20.406000,12,True,24.7,34.7,43.0,1013.2,True,0.8,0,laps_2023_monaco_R.csv,98.747
ZHO,24,Alfa Romeo,54.0,0 days 00:01:40.446000,3.0,INTERMEDIATE,2.0,0 days 02:13:36.283000,12,True,24.7,34.7,43.0,1013.2,True,0.8,0,laps_2023_monaco_R.csv,100.446
ALB,23,Williams,54.0,0 days 00:01:38.297000,3.0,INTERMEDIATE,2.0,0 days 02:13:39.639000,12,True,24.7,34.7,43.0,1013.2,True,0.8,0,laps_2023_monaco_R.csv,98.297
SAR,2,Williams,54.0,0 days 00:01:38.806000,4.0,INTERMEDIATE,2.0,0 days 02:14:26.224000,21,True,24.6,34.5,43.0,1013.2,True,0.5,217,laps_2023_monaco_R.csv,98.806
TSU,22,AlphaTauri,55.0,0 days 00:01:41.834000,2.0,INTERMEDIATE,2.0,0 days 02:14:32.184000,12,True,24.6,34.5,43.0,1013.2,True,0.5,217,laps_2023_monaco_R.csv,101.834
MAG,20,Haas F1 Team,55.0,0 days 00:02:07.055000,1.0,HARD,55.0,0 days 02:14:57.125000,21,True,24.6,34.5,43.0,1013.2,True,0.5,217,laps_2023_monaco_R.csv,127.055
DEV,21,AlphaTauri,55.0,0 days 00:01:48.770000,2.0,INTERMEDIATE,2.0,0 days 02:14:58.276000,21,True,24.6,34.5,43.0,1013.2,True,0.5,217,laps_2023_monaco_R.csv,108.77
BOT,77,Alfa Romeo,55.0,0 days 00:01:43.627000,2.0,INTERMEDIATE,4.0,0 days 02:14:59.153000,21,True,24.6,34.5,43.0,1013.2,True,0.5,217,laps_2023_monaco_R.csv,103.627
OCO,31,Alpine,56.0,0 days 00:01:41.755000,3.0,INTERMEDIATE,2.0,0 days 02:15:12.722000,21,True,24.6,34.5,43.0,1013.2,True,0.5,217,laps_2023_monaco_R.csv,101.755
HAM,44,Mercedes,56.0,0 days 00:01:41.277000,3.0,INTERMEDIATE,2.0,0 days 02:15:14.101000,21,True,24.6,34.0,44.0,1013.2,True,0.8,201,laps_2023_monaco_R.csv,101.277
ZHO,24,Alfa Romeo,55.0,0 days 00:01:46.545000,3.0,INTERMEDIATE,3.0,0 days 02:15:16.729000,21,True,24.6,34.0,44.0,1013.2,True,0.8,201,laps_2023_monaco_R.csv,106.545
ALB,23,Williams,55.0,0 days 00:01:45.721000,3.0,INTERMEDIATE,3.0,0 days 02:15:17.936000,21,True,24.6,34.0,44.0,1013.2,True,0.8,201,laps_2023_monaco_R.csv,105.721
RUS,63,Mercedes,56.0,0 days 00:01:41.302000,2.0,INTERMEDIATE,2.0,0 days 02:15:22.883000,21,True,24.6,34.0,44.0,1013.2,True,0.8,201,laps_2023_monaco_R.csv,101.302
PER,11,Red Bull,55.0,0 days 00:01:40.446000,4.0,INTERMEDIATE,2.0,0 days 02:15:24.447000,21,True,24.6,34.0,44.0,1013.2,True,0.8,201,laps_2023_monaco_R.csv,100.446
GAS,10,Alpine,56.0,0 days 00:01:41.478000,3.0,INTERMEDIATE,2.0,0 days 02:15:29.962000,21,True,24.6,34.0,44.0,1013.2,True,0.8,201,laps_2023_monaco_R.csv,101.478
SAR,2,Williams,55.0,0 days 00:01:41.078000,4.0,INTERMEDIATE,3.0,0 days 02:16:05.030000,1,True,24.6,34.0,44.0,1013.2,True,0.8,201,laps_2023_monaco_R.csv,101.078
TSU,22,AlphaTauri,56.0,0 days 00:01:42.479000,2.0,INTERMEDIATE,3.0,0 days 02:16:14.018000,1,True,24.5,33.9,45.0,1013.2,True,0.6,104,laps_2023_monaco_R.csv,102.479
VER,1,Red Bull,57.0,0 days 00:01:43.464000,2.0,INTERMEDIATE,2.0,0 days 02:16:27.395000,1,True,24.5,33.9,45.0,1013.2,True,0.6,104,laps_2023_monaco_R.csv,103.464
PIA,81,McLaren,56.0,0 days 00:01:43.482000,2.0,INTERMEDIATE,2.0,0 days 02:16:29.476000,1,True,24.5,33.9,45.0,1013.2,True,0.6,104,laps_2023_monaco_R.csv,103.482
NOR,4,McLaren,56.0,0 days 00:01:40.384000,3.0,INTERMEDIATE,2.0,0 days 02:16:36.205000,1,True,24.5,33.9,45.0,1013.2,True,0.6,104,laps_2023_monaco_R.csv,100.384
BOT,77,Alfa Romeo,56.0,0 days 00:01:40.028000,2.0,INTERMEDIATE,5.0,0 days 02:16:42.780000,1,True,24.5,33.9,45.0,1013.2,True,0.6,104,laps_2023_monaco_R.csv,100.028
DEV,21,AlphaTauri,56.0,0 days 00:01:44.129000,2.0,INTERMEDIATE,3.0,0 days 02:16:47.046000,1,True,24.5,33.9,45.0,1013.2,True,0.6,104,laps_2023_monaco_R.csv,104.129
ALO,14,Aston Martin,57.0,0 days 00:01:42.581000,3.0,INTERMEDIATE,2.0,0 days 02:16:50.536000,1,True,24.5,33.9,45.0,1013.2,True,0.6,104,laps_2023_monaco_R.csv,102.581
OCO,31,Alpine,57.0,0 days 00:01:42.554000,3.0,INTERMEDIATE,3.0,0 days 02:16:54.477000,1,True,24.5,33.9,45.0,1013.2,True,0.6,104,laps_2023_monaco_R.csv,102.554
HAM,44,Mercedes,57.0,0 days 00:01:43.278000,3.0,INTERMEDIATE,3.0,0 days 02:16:55.378000,1,True,24.5,33.9,45.0,1013.2,True,0.6,104,laps_2023_monaco_R.csv,103.278
ZHO,24,Alfa Romeo,56.0,0 days 00:01:41.908000,3.0,INTERMEDIATE,4.0,0 days 02:17:03.274000,1,True,24.5,33.9,45.0,1013.2,True,0.6,104,laps_2023_monaco_R.csv,101.908
ALB,23,Williams,56.0,0 days 00:01:44.909000,3.0,INTERMEDIATE,4.0,0 days 02:17:03.657000,1,True,24.5,33.9,45.0,1013.2,True,0.6,104,laps_2023_monaco_R.csv,104.909
RUS,63,Mercedes,57.0,0 days 00:01:43.554000,2.0,INTERMEDIATE,3.0,0 days 02:17:04.185000,1,True,24.5,33.9,45.0,1013.2,True,0.6,104,laps_2023_monaco_R.csv,103.554
PER,11,Red Bull,56.0,0 days 00:01:45.055000,4.0,INTERMEDIATE,3.0,0 days 02:17:04.893000,1,True,24.5,33.9,45.0,1013.2,True,0.6,104,laps_2023_monaco_R.csv,105.055
LEC,16,Ferrari,57.0,0 days 00:01:43.373000,3.0,INTERMEDIATE,2.0,0 days 02:17:10.532000,1,True,24.5,33.9,45.0,1013.2,True,0.6,104,laps_2023_monaco_R.csv,103.373
GAS,10,Alpine,57.0,0 days 00:01:43.496000,3.0,INTERMEDIATE,3.0,0 days 02:17:11.440000,1,True,24.5,33.9,45.0,1013.2,True,0.6,104,laps_2023_monaco_R.csv,103.496
SAI,55,Ferrari,57.0,0 days 00:01:41.192000,3.0,INTERMEDIATE,2.0,0 days 02:17:15.294000,1,True,24.3,32.8,48.0,1013.2,True,0.5,276,laps_2023_monaco_R.csv,101.192
HUL,27,Haas F1 Team,56.0,0 days 00:01:43.790000,3.0,INTERMEDIATE,2.0,0 days 02:17:18.723000,1,True,24.3,32.8,48.0,1013.2,True,0.5,276,laps_2023_monaco_R.csv,103.79
SAR,2,Williams,56.0,0 days 00:01:42.285000,4.0,INTERMEDIATE,4.0,0 days 02:17:46.108000,12,True,24.3,32.8,48.0,1013.2,True,0.5,276,laps_2023_monaco_R.csv,102.285
TSU,22,AlphaTauri,57.0,0 days 00:01:42.945000,2.0,INTERMEDIATE,4.0,0 days 02:17:56.497000,12,True,24.3,32.8,48.0,1013.2,True,0.5,276,laps_2023_monaco_R.csv,102.945
VER,1,Red Bull,58.0,0 days 00:01:42.808000,2.0,INTERMEDIATE,3.0,0 days 02:18:10.859000,12,True,24.3,32.8,48.0,1013.2,True,0.5,276,laps_2023_monaco_R.csv,102.808
PIA,81,McLaren,57.0,0 days 00:01:43.431000,2.0,INTERMEDIATE,3.0,0 days 02:18:12.958000,12,True,24.3,32.8,48.0,1013.2,True,0.5,276,laps_2023_monaco_R.csv,103.431
NOR,4,McLaren,57.0,0 days 00:01:40.421000,3.0,INTERMEDIATE,3.0,0 days 02:18:16.589000,12,True,24.0,31.7,49.0,1013.2,True,0.6,147,laps_2023_monaco_R.csv,100.421
BOT,77,Alfa Romeo,57.0,0 days 00:01:40.402000,2.0,INTERMEDIATE,6.0,0 days 02:18:22.808000,12,True,24.0,31.7,49.0,1013.2,True,0.6,147,laps_2023_monaco_R.csv,100.402
DEV,21,AlphaTauri,57.0,0 days 00:01:46.026000,2.0,INTERMEDIATE,4.0,0 days 02:18:31.175000,12,True,24.0,31.7,49.0,1013.2,True,0.6,147,laps_2023_monaco_R.csv,106.026
ALO,14,Aston Martin,58.0,0 days 00:01:41.267000,3.0,INTERMEDIATE,3.0,0 days 02:18:33.117000,12,True,24.0,31.7,49.0,1013.2,True,0.6,147,laps_2023_monaco_R.csv,101.267
OCO,31,Alpine,58.0,0 days 00:01:43.729000,3.0,INTERMEDIATE,4.0,0 days 02:18:37.031000,12,True,24.0,31.7,49.0,1013.2,True,0.6,147,laps_2023_monaco_R.csv,103.729
HAM,44,Mercedes,58.0,0 days 00:01:43.378000,3.0,INTERMEDIATE,4.0,0 days 02:18:38.656000,12,True,24.0,31.7,49.0,1013.2,True,0.6,147,laps_2023_monaco_R.csv,103.378
ZHO,24,Alfa Romeo,57.0,0 days 00:01:44.702000,3.0,INTERMEDIATE,5.0,0 days 02:18:45.182000,12,True,24.0,31.7,49.0,1013.2,True,0.6,147,laps_2023_monaco_R.csv,104.702
RUS,63,Mercedes,58.0,0 days 00:01:42.155000,2.0,INTERMEDIATE,4.0,0 days 02:18:47.739000,12,True,24.0,31.7,49.0,1013.2,True,0.6,147,laps_2023_monaco_R.csv,102.155
ALB,23,Williams,57.0,0 days 00:01:42.200000,3.0,INTERMEDIATE,5.0,0 days 02:18:48.566000,12,True,24.0,31.7,49.0,1013.2,True,0.6,147,laps_2023_monaco_R.csv,102.2
LEC,16,Ferrari,58.0,0 days 00:01:43.473000,3.0,INTERMEDIATE,3.0,0 days 02:18:53.905000,12,True,24.0,31.7,49.0,1013.2,True,0.6,147,laps_2023_monaco_R.csv,103.473
GAS,10,Alpine,58.0,0 days 00:01:43.238000,3.0,INTERMEDIATE,4.0,0 days 02:18:54.936000,12,True,24.0,31.7,49.0,1013.2,True,0.6,147,laps_2023_monaco_R.csv,103.238
SAI,55,Ferrari,58.0,0 days 00:01:43.462000,3.0,INTERMEDIATE,3.0,0 days 02:18:56.486000,12,True,24.0,31.7,49.0,1013.2,True,0.6,147,laps_2023_monaco_R.csv,103.462
HUL,27,Haas F1 Team,57.0,0 days 00:01:42.598000,3.0,INTERMEDIATE,3.0,0 days 02:19:02.513000,12,True,24.0,31.7,49.0,1013.2,True,0.6,147,laps_2023_monaco_R.csv,102.598
SAR,2,Williams,57.0,0 days 00:01:58.063000,4.0,INTERMEDIATE,5.0,0 days 02:19:28.393000,12,True,24.0,31.3,51.0,1013.2,True,1.2,0,laps_2023_monaco_R.csv,118.063
TSU,22,AlphaTauri,58.0,0 days 00:01:45.898000,2.0,INTERMEDIATE,5.0,0 days 02:19:39.442000,12,True,24.0,31.3,51.0,1013.2,True,1.2,0,laps_2023_monaco_R.csv,105.898
VER,1,Red Bull,59.0,0 days 00:01:43.791000,2.0,INTERMEDIATE,4.0,0 days 02:19:53.667000,12,True,24.0,31.3,51.0,1013.2,True,1.2,0,laps_2023_monaco_R.csv,103.791
PIA,81,McLaren,58.0,0 days 00:01:43.803000,2.0,INTERMEDIATE,4.0,0 days 02:19:56.389000,12,True,24.0,31.3,51.0,1013.2,True,1.2,0,laps_2023_monaco_R.csv,103.803
NOR,4,McLaren,58.0,0 days 00:01:42.130000,3.0,INTERMEDIATE,4.0,0 days 02:19:57.010000,12,True,24.0,31.3,51.0,1013.2,True,1.2,0,laps_2023_monaco_R.csv,102.13
BOT,77,Alfa Romeo,58.0,0 days 00:01:42.952000,2.0,INTERMEDIATE,7.0,0 days 02:20:03.210000,12,True,24.0,31.3,51.0,1013.2,True,1.2,0,laps_2023_monaco_R.csv,102.952
ALO,14,Aston Martin,59.0,0 days 00:01:40.897000,3.0,INTERMEDIATE,4.0,0 days 02:20:14.384000,21,True,24.0,30.1,52.0,1013.2,True,0.6,127,laps_2023_monaco_R.csv,100.897
DEV,21,AlphaTauri,58.0,0 days 00:01:43.778000,2.0,INTERMEDIATE,5.0,0 days 02:20:17.201000,21,True,24.0,30.1,52.0,1013.2,True,0.6,127,laps_2023_monaco_R.csv,103.778
OCO,31,Alpine,59.0,0 days 00:01:45.002000,3.0,INTERMEDIATE,5.0,0 days 02:20:20.760000,21,True,24.0,30.1,52.0,1013.2,True,0.6,127,laps_2023_monaco_R.csv,105.002
HAM,44,Mercedes,59.0,0 days 00:01:45.199000,3.0,INTERMEDIATE,5.0,0 days 02:20:22.034000,21,True,24.0,30.1,52.0,1013.2,True,0.6,127,laps_2023_monaco_R.csv,105.199
ZHO,24,Alfa Romeo,58.0,0 days 00:01:45.564000,3.0,INTERMEDIATE,6.0,0 days 02:20:29.884000,12,True,24.0,30.1,52.0,1013.2,True,0.6,127,laps_2023_monaco_R.csv,105.564
RUS,63,Mercedes,59.0,0 days 00:01:43.463000,2.0,INTERMEDIATE,5.0,0 days 02:20:29.894000,12,True,24.0,30.1,52.0,1013.2,True,0.6,127,laps_2023_monaco_R.csv,103.463
ALB,23,Williams,58.0,0 days 00:01:46.101000,3.0,INTERMEDIATE,6.0,0 days 02:20:30.766000,12,True,24.0,30.1,52.0,1013.2,True,0.6,127,laps_2023_monaco_R.csv,106.101
LEC,16,Ferrari,59.0,0 days 00:01:42.305000,3.0,INTERMEDIATE,4.0,0 days 02:20:37.378000,12,True,24.0,30.1,52.0,1013.2,True,0.6,127,laps_2023_monaco_R.csv,102.305
GAS,10,Alpine,59.0,0 days 00:01:43.477000,3.0,INTERMEDIATE,5.0,0 days 02:20:38.174000,12,True,24.0,30.1,52.0,1013.2,True,0.6,127,laps_2023_monaco_R.csv,103.477
SAI,55,Ferrari,59.0,0 days 00:01:42.820000,3.0,INTERMEDIATE,4.0,0 days 02:20:39.948000,12,True,24.0,30.1,52.0,1013.2,True,0.6,127,laps_2023_monaco_R.csv,102.82
HUL,27,Haas F1 Team,58.0,0 days 00:01:42.188000,3.0,INTERMEDIATE,4.0,0 days 02:20:45.111000,12,True,24.0,30.1,52.0,1013.2,True,0.6,127,laps_2023_monaco_R.csv,102.188
TSU,22,AlphaTauri,59.0,0 days 00:01:42.608000,2.0,INTERMEDIATE,6.0,0 days 02:21:25.340000,12,True,24.0,29.7,50.0,1013.2,True,0.8,150,laps_2023_monaco_R.csv,102.608
SAR,2,Williams,58.0,0 days 00:01:42.599000,4.0,INTERMEDIATE,6.0,0 days 02:21:26.456000,12,True,24.0,29.7,50.0,1013.2,True,0.8,150,laps_2023_monaco_R.csv,102.599
VER,1,Red Bull,60.0,0 days 00:01:41.540000,2.0,INTERMEDIATE,5.0,0 days 02:21:37.458000,12,True,24.0,29.7,50.0,1013.2,True,0.8,150,laps_2023_monaco_R.csv,101.54
NOR,4,McLaren,59.0,0 days 00:01:41.216000,3.0,INTERMEDIATE,5.0,0 days 02:21:39.140000,12,True,24.0,29.7,50.0,1013.2,True,0.8,150,laps_2023_monaco_R.csv,101.216
PIA,81,McLaren,59.0,0 days 00:01:42.379000,2.0,INTERMEDIATE,5.0,0 days 02:21:40.192000,12,True,24.0,29.7,50.0,1013.2,True,0.8,150,laps_2023_monaco_R.csv,102.379
BOT,77,Alfa Romeo,59.0,0 days 00:01:42.622000,2.0,INTERMEDIATE,8.0,0 days 02:21:46.162000,12,True,24.0,29.7,50.0,1013.2,True,0.8,150,laps_2023_monaco_R.csv,102.622
ALO,14,Aston Martin,60.0,0 days 00:01:40.638000,3.0,INTERMEDIATE,5.0,0 days 02:21:55.281000,12,True,24.0,29.7,50.0,1013.2,True,0.8,150,laps_2023_monaco_R.csv,100.638
DEV,21,AlphaTauri,59.0,0 days 00:01:44.385000,2.0,INTERMEDIATE,6.0,0 days 02:22:00.979000,12,True,24.0,29.7,50.0,1013.2,True,0.8,150,laps_2023_monaco_R.csv,104.385
MAG,20,Haas F1 Team,58.0,0 days 00:02:26.648000,2.0,WET,2.0,0 days 02:22:04.300000,12,True,24.0,29.7,50.0,1013.2,True,0.8,150,laps_2023_monaco_R.csv,146.648
OCO,31,Alpine,60.0,0 days 00:01:42.527000,3.0,INTERMEDIATE,6.0,0 days 02:22:05.762000,12,True,24.0,29.7,50.0,1013.2,True,0.8,150,laps_2023_monaco_R.csv,102.527
HAM,44,Mercedes,60.0,0 days 00:01:43.041000,3.0,INTERMEDIATE,6.0,0 days 02:22:07.233000,12,True,24.0,29.7,50.0,1013.2,True,0.8,150,laps_2023_monaco_R.csv,103.041
RUS,63,Mercedes,60.0,0 days 00:01:43.530000,2.0,INTERMEDIATE,6.0,0 days 02:22:13.357000,21,True,23.9,29.6,51.0,1013.2,True,1.2,189,laps_2023_monaco_R.csv,103.53
ZHO,24,Alfa Romeo,59.0,0 days 00:01:43.592000,3.0,INTERMEDIATE,7.0,0 days 02:22:15.448000,21,True,23.9,29.6,51.0,1013.2,True,1.2,189,laps_2023_monaco_R.csv,103.592
ALB,23,Williams,59.0,0 days 00:01:43.133000,3.0,INTERMEDIATE,7.0,0 days 02:22:16.867000,21,True,23.9,29.6,51.0,1013.2,True,1.2,189,laps_2023_monaco_R.csv,103.133
LEC,16,Ferrari,60.0,0 days 00:01:42.852000,3.0,INTERMEDIATE,5.0,0 days 02:22:19.683000,21,True,23.9,29.6,51.0,1013.2,True,1.2,189,laps_2023_monaco_R.csv,102.852
GAS,10,Alpine,60.0,0 days 00:01:42.923000,3.0,INTERMEDIATE,6.0,0 days 02:22:21.651000,21,True,23.9,29.6,51.0,1013.2,True,1.2,189,laps_2023_monaco_R.csv,102.923
SAI,55,Ferrari,60.0,0 days 00:01:43.041000,3.0,INTERMEDIATE,5.0,0 days 02:22:22.768000,21,True,23.9,29.6,51.0,1013.2,True,1.2,189,laps_2023_monaco_R.csv,103.041
PER,11,Red Bull,59.0,0 days 00:01:40.595000,5.0,WET,2.0,0 days 02:22:41.776000,21,True,23.9,29.6,51.0,1013.2,True,1.2,189,laps_2023_monaco_R.csv,100.595
TSU,22,AlphaTauri,60.0,0 days 00:01:43.593000,2.0,INTERMEDIATE,7.0,0 days 02:23:07.948000,12,True,23.9,29.6,51.0,1013.2,True,1.2,189,laps_2023_monaco_R.csv,103.593
SAR,2,Williams,59.0,0 days 00:01:43.687000,4.0,INTERMEDIATE,7.0,0 days 02:23:09.055000,12,True,23.9,29.6,51.0,1013.2,True,1.2,189,laps_2023_monaco_R.csv,103.687
VER,1,Red Bull,61.0,0 days 00:01:40.797000,2.0,INTERMEDIATE,6.0,0 days 02:23:18.998000,12,True,23.8,29.5,47.0,1013.2,True,0.6,142,laps_2023_monaco_R.csv,100.797
NOR,4,McLaren,60.0,0 days 00:01:41.789000,3.0,INTERMEDIATE,6.0,0 days 02:23:20.356000,12,True,23.8,29.5,47.0,1013.2,True,0.6,142,laps_2023_monaco_R.csv,101.789
PIA,81,McLaren,60.0,0 days 00:01:41.431000,2.0,INTERMEDIATE,6.0,0 days 02:23:22.571000,12,True,23.8,29.5,47.0,1013.2,True,0.6,142,laps_2023_monaco_R.csv,101.431
BOT,77,Alfa Romeo,60.0,0 days 00:01:41.926000,2.0,INTERMEDIATE,9.0,0 days 02:23:28.784000,12,True,23.8,29.5,47.0,1013.2,True,0.6,142,laps_2023_monaco_R.csv,101.926
ALO,14,Aston Martin,61.0,0 days 00:01:42.727000,3.0,INTERMEDIATE,6.0,0 days 02:23:35.919000,12,True,23.8,29.5,47.0,1013.2,True,0.6,142,laps_2023_monaco_R.csv,102.727
DEV,21,AlphaTauri,60.0,0 days 00:01:42.056000,2.0,INTERMEDIATE,7.0,0 days 02:23:45.364000,12,True,23.8,29.5,47.0,1013.2,True,0.6,142,laps_2023_monaco_R.csv,102.056
OCO,31,Alpine,61.0,0 days 00:01:42.630000,3.0,INTERMEDIATE,7.0,0 days 02:23:48.289000,12,True,23.8,29.5,47.0,1013.2,True,0.6,142,laps_2023_monaco_R.csv,102.63
HAM,44,Mercedes,61.0,0 days 00:01:42.396000,3.0,INTERMEDIATE,7.0,0 days 02:23:50.274000,12,True,23.8,29.5,47.0,1013.2,True,0.6,142,laps_2023_monaco_R.csv,102.396
RUS,63,Mercedes,61.0,0 days 00:01:41.329000,2.0,INTERMEDIATE,7.0,0 days 02:23:56.887000,12,True,23.8,29.5,47.0,1013.2,True,0.6,142,laps_2023_monaco_R.csv,101.329
ZHO,24,Alfa Romeo,60.0,0 days 00:01:41.620000,3.0,INTERMEDIATE,8.0,0 days 02:23:59.040000,12,True,23.8,29.5,47.0,1013.2,True,0.6,142,laps_2023_monaco_R.csv,101.62
ALB,23,Williams,60.0,0 days 00:01:55.401000,3.0,INTERMEDIATE,8.0,0 days 02:24:00,12,True,23.8,29.5,47.0,1013.2,True,0.6,142,laps_2023_monaco_R.csv,115.401
LEC,16,Ferrari,61.0,0 days 00:01:42.262000,3.0,INTERMEDIATE,6.0,0 days 02:24:02.535000,12,True,23.8,29.5,47.0,1013.2,True,0.6,142,laps_2023_monaco_R.csv,102.262
GAS,10,Alpine,61.0,0 days 00:01:42.263000,3.0,INTERMEDIATE,7.0,0 days 02:24:04.574000,12,True,23.8,29.5,47.0,1013.2,True,0.6,142,laps_2023_monaco_R.csv,102.263
SAI,55,Ferrari,61.0,0 days 00:01:42.633000,3.0,INTERMEDIATE,6.0,0 days 02:24:05.809000,12,True,23.8,29.5,47.0,1013.2,True,0.6,142,laps_2023_monaco_R.csv,102.633
PER,11,Red Bull,60.0,0 days 00:01:41.082000,5.0,WET,3.0,0 days 02:24:22.371000,12,True,23.6,29.2,58.0,1013.2,True,1.3,154,laps_2023_monaco_R.csv,101.082
MAG,20,Haas F1 Team,59.0,0 days 00:01:43.755000,2.0,WET,3.0,0 days 02:24:30.948000,12,True,23.6,29.2,58.0,1013.2,True,1.3,154,laps_2023_monaco_R.csv,103.755
TSU,22,AlphaTauri,61.0,0 days 00:01:42.234000,2.0,INTERMEDIATE,8.0,0 days 02:24:51.541000,1,True,23.6,29.2,58.0,1013.2,True,1.3,154,laps_2023_monaco_R.csv,102.234
SAR,2,Williams,60.0,0 days 00:01:42.558000,4.0,INTERMEDIATE,8.0,0 days 02:24:52.742000,1,True,23.6,29.2,58.0,1013.2,True,1.3,154,laps_2023_monaco_R.csv,102.558
VER,1,Red Bull,62.0,0 days 00:01:39.272000,2.0,INTERMEDIATE,7.0,0 days 02:24:59.795000,1,True,23.6,29.2,58.0,1013.2,True,1.3,154,laps_2023_monaco_R.csv,99.272
NOR,4,McLaren,61.0,0 days 00:01:39.545000,3.0,INTERMEDIATE,7.0,0 days 02:25:02.145000,1,True,23.6,29.2,58.0,1013.2,True,1.3,154,laps_2023_monaco_R.csv,99.545
PIA,81,McLaren,61.0,0 days 00:01:41.089000,2.0,INTERMEDIATE,7.0,0 days 02:25:04.002000,1,True,23.6,29.2,58.0,1013.2,True,1.3,154,laps_2023_monaco_R.csv,101.089
BOT,77,Alfa Romeo,61.0,0 days 00:01:40.096000,2.0,INTERMEDIATE,10.0,0 days 02:25:10.710000,1,True,23.6,29.2,58.0,1013.2,True,1.3,154,laps_2023_monaco_R.csv,100.096
ALO,14,Aston Martin,62.0,0 days 00:01:40.467000,3.0,INTERMEDIATE,7.0,0 days 02:25:18.646000,1,True,23.5,28.7,58.0,1013.2,True,1.0,147,laps_2023_monaco_R.csv,100.467
DEV,21,AlphaTauri,61.0,0 days 00:01:41.415000,2.0,INTERMEDIATE,8.0,0 days 02:25:27.420000,1,True,23.5,28.7,58.0,1013.2,True,1.0,147,laps_2023_monaco_R.csv,101.415
OCO,31,Alpine,62.0,0 days 00:01:42.139000,3.0,INTERMEDIATE,8.0,0 days 02:25:30.919000,1,True,23.5,28.7,58.0,1013.2,True,1.0,147,laps_2023_monaco_R.csv,102.139
HAM,44,Mercedes,62.0,0 days 00:01:42.287000,3.0,INTERMEDIATE,8.0,0 days 02:25:32.670000,1,True,23.5,28.7,58.0,1013.2,True,1.0,147,laps_2023_monaco_R.csv,102.287
RUS,63,Mercedes,62.0,0 days 00:01:41.104000,2.0,INTERMEDIATE,8.0,0 days 02:25:38.216000,1,True,23.5,28.7,58.0,1013.2,True,1.0,147,laps_2023_monaco_R.csv,101.104
ZHO,24,Alfa Romeo,61.0,0 days 00:01:41.501000,3.0,INTERMEDIATE,9.0,0 days 02:25:40.660000,1,True,23.5,28.7,58.0,1013.2,True,1.0,147,laps_2023_monaco_R.csv,101.501
LEC,16,Ferrari,62.0,0 days 00:01:41.144000,3.0,INTERMEDIATE,7.0,0 days 02:25:44.797000,1,True,23.5,28.7,58.0,1013.2,True,1.0,147,laps_2023_monaco_R.csv,101.144
GAS,10,Alpine,62.0,0 days 00:01:40.864000,3.0,INTERMEDIATE,8.0,0 days 02:25:46.837000,1,True,23.5,28.7,58.0,1013.2,True,1.0,147,laps_2023_monaco_R.csv,100.864
SAI,55,Ferrari,62.0,0 days 00:01:40.780000,3.0,INTERMEDIATE,7.0,0 days 02:25:48.442000,1,True,23.5,28.7,58.0,1013.2,True,1.0,147,laps_2023_monaco_R.csv,100.78
ALB,23,Williams,61.0,0 days 00:01:41.209000,3.0,INTERMEDIATE,9.0,0 days 02:25:55.401000,1,True,23.5,28.7,58.0,1013.2,True,1.0,147,laps_2023_monaco_R.csv,101.209
PER,11,Red Bull,61.0,0 days 00:01:41.220000,5.0,WET,4.0,0 days 02:26:03.453000,1,True,23.5,28.7,58.0,1013.2,True,1.0,147,laps_2023_monaco_R.csv,101.22
HUL,27,Haas F1 Team,61.0,0 days 00:01:39.565000,4.0,WET,2.0,0 days 02:26:09.544000,1,True,23.5,28.7,58.0,1013.2,True,1.0,147,laps_2023_monaco_R.csv,99.565
MAG,20,Haas F1 Team,60.0,0 days 00:01:40.559000,2.0,WET,4.0,0 days 02:26:14.703000,1,True,23.5,28.4,62.0,1013.2,True,1.3,132,laps_2023_monaco_R.csv,100.559
TSU,22,AlphaTauri,62.0,0 days 00:01:40.840000,2.0,INTERMEDIATE,9.0,0 days 02:26:33.775000,1,True,23.5,28.4,62.0,1013.2,True,1.3,132,laps_2023_monaco_R.csv,100.84
SAR,2,Williams,61.0,0 days 00:01:40.969000,4.0,INTERMEDIATE,9.0,0 days 02:26:35.300000,1,True,23.5,28.4,62.0,1013.2,True,1.3,132,laps_2023_monaco_R.csv,100.969
VER,1,Red Bull,63.0,0 days 00:01:39.610000,2.0,INTERMEDIATE,8.0,0 days 02:26:39.067000,1,True,23.5,28.4,62.0,1013.2,True,1.3,132,laps_2023_monaco_R.csv,99.61
NOR,4,McLaren,62.0,0 days 00:01:38.893000,3.0,INTERMEDIATE,8.0,0 days 02:26:41.690000,1,True,23.5,28.4,62.0,1013.2,True,1.3,132,laps_2023_monaco_R.csv,98.893
PIA,81,McLaren,62.0,0 days 00:01:39.780000,2.0,INTERMEDIATE,8.0,0 days 02:26:45.091000,1,True,23.5,28.4,62.0,1013.2,True,1.3,132,laps_2023_monaco_R.csv,99.78
BOT,77,Alfa Romeo,62.0,0 days 00:01:39.577000,2.0,INTERMEDIATE,11.0,0 days 02:26:50.806000,1,True,23.5,28.4,62.0,1013.2,True,1.3,132,laps_2023_monaco_R.csv,99.577
ALO,14,Aston Martin,63.0,0 days 00:01:39.671000,3.0,INTERMEDIATE,8.0,0 days 02:26:59.113000,1,True,23.5,28.4,62.0,1013.2,True,1.3,132,laps_2023_monaco_R.csv,99.671
DEV,21,AlphaTauri,62.0,0 days 00:01:40.276000,2.0,INTERMEDIATE,9.0,0 days 02:27:08.835000,1,True,23.5,28.4,62.0,1013.2,True,1.3,132,laps_2023_monaco_R.csv,100.276
OCO,31,Alpine,63.0,0 days 00:01:41.123000,3.0,INTERMEDIATE,9.0,0 days 02:27:13.058000,1,True,23.3,28.2,62.0,1013.2,True,1.8,146,laps_2023_monaco_R.csv,101.123
HAM,44,Mercedes,63.0,0 days 00:01:41.315000,3.0,INTERMEDIATE,9.0,0 days 02:27:14.957000,1,True,23.3,28.2,62.0,1013.2,True,1.8,146,laps_2023_monaco_R.csv,101.315
RUS,63,Mercedes,63.0,0 days 00:01:39.713000,2.0,INTERMEDIATE,9.0,0 days 02:27:19.320000,1,True,23.3,28.2,62.0,1013.2,True,1.8,146,laps_2023_monaco_R.csv,99.713
ZHO,24,Alfa Romeo,62.0,0 days 00:01:40.987000,3.0,INTERMEDIATE,10.0,0 days 02:27:22.161000,1,True,23.3,28.2,62.0,1013.2,True,1.8,146,laps_2023_monaco_R.csv,100.987
LEC,16,Ferrari,63.0,0 days 00:01:40.396000,3.0,INTERMEDIATE,8.0,0 days 02:27:25.941000,1,True,23.3,28.2,62.0,1013.2,True,1.8,146,laps_2023_monaco_R.csv,100.396
GAS,10,Alpine,63.0,0 days 00:01:40.280000,3.0,INTERMEDIATE,9.0,0 days 02:27:27.701000,1,True,23.3,28.2,62.0,1013.2,True,1.8,146,laps_2023_monaco_R.csv,100.28
SAI,55,Ferrari,63.0,0 days 00:01:39.899000,3.0,INTERMEDIATE,8.0,0 days 02:27:29.222000,1,True,23.3,28.2,62.0,1013.2,True,1.8,146,laps_2023_monaco_R.csv,99.899
ALB,23,Williams,62.0,0 days 00:01:39.897000,3.0,INTERMEDIATE,10.0,0 days 02:27:36.610000,1,True,23.3,28.2,62.0,1013.2,True,1.8,146,laps_2023_monaco_R.csv,99.897
PER,11,Red Bull,62.0,0 days 00:01:39.631000,5.0,WET,5.0,0 days 02:27:44.673000,1,True,23.3,28.2,62.0,1013.2,True,1.8,146,laps_2023_monaco_R.csv,99.631
HUL,27,Haas F1 Team,62.0,0 days 00:01:38.291000,4.0,WET,3.0,0 days 02:27:49.109000,1,True,23.3,28.2,62.0,1013.2,True,1.8,146,laps_2023_monaco_R.csv,98.291
MAG,20,Haas F1 Team,61.0,0 days 00:01:41.219000,2.0,WET,5.0,0 days 02:27:55.262000,1,True,23.3,28.2,62.0,1013.2,True,1.8,146,laps_2023_monaco_R.csv,101.219
TSU,22,AlphaTauri,63.0,0 days 00:01:39.932000,2.0,INTERMEDIATE,10.0,0 days 02:28:14.615000,1,True,23.1,27.7,65.0,1013.2,True,1.7,145,laps_2023_monaco_R.csv,99.932
SAR,2,Williams,62.0,0 days 00:01:39.586000,4.0,INTERMEDIATE,10.0,0 days 02:28:16.269000,1,True,23.1,27.7,65.0,1013.2,True,1.7,145,laps_2023_monaco_R.csv,99.586
VER,1,Red Bull,64.0,0 days 00:01:38.364000,2.0,INTERMEDIATE,9.0,0 days 02:28:18.677000,1,True,23.1,27.7,65.0,1013.2,True,1.7,145,laps_2023_monaco_R.csv,98.364
NOR,4,McLaren,63.0,0 days 00:01:38.511000,3.0,INTERMEDIATE,9.0,0 days 02:28:20.583000,1,True,23.1,27.7,65.0,1013.2,True,1.7,145,laps_2023_monaco_R.csv,98.511
PIA,81,McLaren,63.0,0 days 00:01:38.882000,2.0,INTERMEDIATE,9.0,0 days 02:28:24.871000,1,True,23.1,27.7,65.0,1013.2,True,1.7,145,laps_2023_monaco_R.csv,98.882
BOT,77,Alfa Romeo,63.0,0 days 00:01:39.237000,2.0,INTERMEDIATE,12.0,0 days 02:28:30.383000,1,True,23.1,27.7,65.0,1013.2,True,1.7,145,laps_2023_monaco_R.csv,99.237
ALO,14,Aston Martin,64.0,0 days 00:01:38.135000,3.0,INTERMEDIATE,9.0,0 days 02:28:38.784000,1,True,23.1,27.7,65.0,1013.2,True,1.7,145,laps_2023_monaco_R.csv,98.135
DEV,21,AlphaTauri,63.0,0 days 00:01:40.486000,2.0,INTERMEDIATE,10.0,0 days 02:28:49.111000,1,True,23.1,27.7,65.0,1013.2,True,1.7,145,laps_2023_monaco_R.csv,100.486
OCO,31,Alpine,64.0,0 days 00:01:40.375000,3.0,INTERMEDIATE,10.0,0 days 02:28:54.181000,1,True,23.1,27.7,65.0,1013.2,True,1.7,145,laps_2023_monaco_R.csv,100.375
HAM,44,Mercedes,64.0,0 days 00:01:38.957000,3.0,INTERMEDIATE,10.0,0 days 02:28:56.272000,1,True,23.1,27.7,65.0,1013.2,True,1.7,145,laps_2023_monaco_R.csv,98.957
RUS,63,Mercedes,64.0,0 days 00:01:38.229000,2.0,INTERMEDIATE,10.0,0 days 02:28:59.033000,1,True,23.1,27.7,65.0,1013.2,True,1.7,145,laps_2023_monaco_R.csv,98.229
ZHO,24,Alfa Romeo,63.0,0 days 00:01:40.738000,3.0,INTERMEDIATE,11.0,0 days 02:29:03.148000,1,True,23.1,27.7,65.0,1013.2,True,1.7,145,laps_2023_monaco_R.csv,100.738
LEC,16,Ferrari,64.0,0 days 00:01:39.223000,3.0,INTERMEDIATE,9.0,0 days 02:29:06.337000,1,True,23.1,27.7,65.0,1013.2,True,1.7,145,laps_2023_monaco_R.csv,99.223
GAS,10,Alpine,64.0,0 days 00:01:39.374000,3.0,INTERMEDIATE,10.0,0 days 02:29:07.981000,1,True,23.1,27.7,65.0,1013.2,True,1.7,145,laps_2023_monaco_R.csv,99.374
SAI,55,Ferrari,64.0,0 days 00:01:39.306000,3.0,INTERMEDIATE,9.0,0 days 02:29:09.121000,1,True,23.1,27.7,65.0,1013.2,True,1.7,145,laps_2023_monaco_R.csv,99.306
ALB,23,Williams,63.0,0 days 00:01:38.649000,3.0,INTERMEDIATE,11.0,0 days 02:29:16.507000,1,True,23.0,27.7,65.0,1013.2,True,1.7,146,laps_2023_monaco_R.csv,98.649
PER,11,Red Bull,63.0,0 days 00:01:39.405000,5.0,WET,6.0,0 days 02:29:24.304000,1,True,23.0,27.7,65.0,1013.2,True,1.7,146,laps_2023_monaco_R.csv,99.405
HUL,27,Haas F1 Team,63.0,0 days 00:01:37.973000,4.0,WET,4.0,0 days 02:29:27.400000,1,True,23.0,27.7,65.0,1013.2,True,1.7,146,laps_2023_monaco_R.csv,97.973
MAG,20,Haas F1 Team,62.0,0 days 00:01:39.789000,2.0,WET,6.0,0 days 02:29:36.481000,1,True,23.0,27.7,65.0,1013.2,True,1.7,146,laps_2023_monaco_R.csv,99.789
TSU,22,AlphaTauri,64.0,0 days 00:01:43.104000,2.0,INTERMEDIATE,11.0,0 days 02:29:54.547000,1,True,23.0,27.7,65.0,1013.2,True,1.7,146,laps_2023_monaco_R.csv,103.104
SAR,2,Williams,63.0,0 days 00:01:43.289000,4.0,INTERMEDIATE,11.0,0 days 02:29:55.855000,1,True,23.0,27.7,65.0,1013.2,True,1.7,146,laps_2023_monaco_R.csv,103.289
VER,1,Red Bull,65.0,0 days 00:01:37.160000,2.0,INTERMEDIATE,10.0,0 days 02:29:57.041000,1,True,23.0,27.7,65.0,1013.2,True,1.7,146,laps_2023_monaco_R.csv,97.16
NOR,4,McLaren,64.0,0 days 00:01:38.750000,3.0,INTERMEDIATE,10.0,0 days 02:29:59.094000,1,True,23.0,27.7,65.0,1013.2,True,1.7,146,laps_2023_monaco_R.csv,98.75
PIA,81,McLaren,64.0,0 days 00:01:38.530000,2.0,INTERMEDIATE,10.0,0 days 02:30:03.753000,1,True,23.0,27.7,65.0,1013.2,True,1.7,146,laps_2023_monaco_R.csv,98.53
BOT,77,Alfa Romeo,64.0,0 days 00:01:37.459000,2.0,INTERMEDIATE,13.0,0 days 02:30:09.620000,1,True,23.0,27.7,65.0,1013.2,True,1.7,146,laps_2023_monaco_R.csv,97.459
ALO,14,Aston Martin,65.0,0 days 00:01:37.640000,3.0,INTERMEDIATE,10.0,0 days 02:30:16.919000,1,True,23.0,27.2,66.0,1013.2,True,1.6,141,laps_2023_monaco_R.csv,97.64
DEV,21,AlphaTauri,64.0,0 days 00:01:38.636000,2.0,INTERMEDIATE,11.0,0 days 02:30:29.597000,1,True,23.0,27.2,66.0,1013.2,True,1.6,141,laps_2023_monaco_R.csv,98.636
OCO,31,Alpine,65.0,0 days 00:01:37.029000,3.0,INTERMEDIATE,11.0,0 days 02:30:34.556000,1,True,23.0,27.2,66.0,1013.2,True,1.6,141,laps_2023_monaco_R.csv,97.029
HAM,44,Mercedes,65.0,0 days 00:01:37.636000,3.0,INTERMEDIATE,11.0,0 days 02:30:35.229000,1,True,23.0,27.2,66.0,1013.2,True,1.6,141,laps_2023_monaco_R.csv,97.636
RUS,63,Mercedes,65.0,0 days 00:01:36.696000,2.0,INTERMEDIATE,11.0,0 days 02:30:37.262000,1,True,23.0,27.2,66.0,1013.2,True,1.6,141,laps_2023_monaco_R.csv,96.696
ZHO,24,Alfa Romeo,64.0,0 days 00:01:42.573000,3.0,INTERMEDIATE,12.0,0 days 02:30:43.886000,1,True,23.0,27.2,66.0,1013.2,True,1.6,141,laps_2023_monaco_R.csv,102.573
LEC,16,Ferrari,65.0,0 days 00:01:38.481000,3.0,INTERMEDIATE,10.0,0 days 02:30:45.560000,1,True,23.0,27.2,66.0,1013.2,True,1.6,141,laps_2023_monaco_R.csv,98.481
GAS,10,Alpine,65.0,0 days 00:01:38.169000,3.0,INTERMEDIATE,11.0,0 days 02:30:47.355000,1,True,23.0,27.2,66.0,1013.2,True,1.6,141,laps_2023_monaco_R.csv,98.169
SAI,55,Ferrari,65.0,0 days 00:01:37.838000,3.0,INTERMEDIATE,10.0,0 days 02:30:48.427000,1,True,23.0,27.2,66.0,1013.2,True,1.6,141,laps_2023_monaco_R.csv,97.838
ALB,23,Williams,64.0,0 days 00:01:37.428000,3.0,INTERMEDIATE,12.0,0 days 02:30:55.156000,1,True,23.0,27.2,66.0,1013.2,True,1.6,141,laps_2023_monaco_R.csv,97.428
PER,11,Red Bull,64.0,0 days 00:01:37.112000,5.0,WET,7.0,0 days 02:31:03.709000,1,True,23.0,27.2,66.0,1013.2,True,1.6,141,laps_2023_monaco_R.csv,97.112
HUL,27,Haas F1 Team,64.0,0 days 00:01:37.628000,4.0,WET,5.0,0 days 02:31:05.373000,1,True,23.0,27.2,66.0,1013.2,True,1.6,141,laps_2023_monaco_R.csv,97.628
MAG,20,Haas F1 Team,63.0,0 days 00:01:40.016000,2.0,WET,7.0,0 days 02:31:16.270000,1,True,23.1,27.4,67.0,1013.2,True,1.6,134,laps_2023_monaco_R.csv,100.016
VER,1,Red Bull,66.0,0 days 00:01:34.035000,2.0,INTERMEDIATE,11.0,0 days 02:31:34.201000,1,True,23.1,27.4,67.0,1013.2,True,1.6,134,laps_2023_monaco_R.csv,94.035
TSU,22,AlphaTauri,65.0,0 days 00:01:38.497000,2.0,INTERMEDIATE,12.0,0 days 02:31:37.651000,1,True,23.1,27.4,67.0,1013.2,True,1.6,134,laps_2023_monaco_R.csv,98.497
NOR,4,McLaren,65.0,0 days 00:01:38.818000,3.0,INTERMEDIATE,11.0,0 days 02:31:37.844000,1,True,23.1,27.4,67.0,1013.2,True,1.6,134,laps_2023_monaco_R.csv,98.818
SAR,2,Williams,64.0,0 days 00:01:38.302000,4.0,INTERMEDIATE,12.0,0 days 02:31:39.144000,1,True,23.1,27.4,67.0,1013.2,True,1.6,134,laps_2023_monaco_R.csv,98.302
PIA,81,McLaren,65.0,0 days 00:01:37.419000,2.0,INTERMEDIATE,11.0,0 days 02:31:42.283000,1,True,23.1,27.4,67.0,1013.2,True,1.6,134,laps_2023_monaco_R.csv,97.419
BOT,77,Alfa Romeo,65.0,0 days 00:01:36.440000,2.0,INTERMEDIATE,14.0,0 days 02:31:47.079000,1,True,23.1,27.4,67.0,1013.2,True,1.6,134,laps_2023_monaco_R.csv,96.44
ALO,14,Aston Martin,66.0,0 days 00:01:36.332000,3.0,INTERMEDIATE,11.0,0 days 02:31:54.559000,1,True,23.1,27.4,67.0,1013.2,True,1.6,134,laps_2023_monaco_R.csv,96.332
DEV,21,AlphaTauri,65.0,0 days 00:01:36.475000,2.0,INTERMEDIATE,12.0,0 days 02:32:08.233000,1,True,23.1,27.4,67.0,1013.2,True,1.6,134,laps_2023_monaco_R.csv,96.475
OCO,31,Alpine,66.0,0 days 00:01:35.456000,3.0,INTERMEDIATE,12.0,0 days 02:32:11.585000,1,True,23.1,27.4,67.0,1013.2,True,1.6,134,laps_2023_monaco_R.csv,95.456
HAM,44,Mercedes,66.0,0 days 00:01:36.203000,3.0,INTERMEDIATE,12.0,0 days 02:32:12.865000,1,True,23.1,27.4,67.0,1013.2,True,1.6,134,laps_2023_monaco_R.csv,96.203
RUS,63,Mercedes,66.0,0 days 00:01:35.991000,2.0,INTERMEDIATE,12.0,0 days 02:32:13.958000,1,True,23.1,27.4,66.0,1013.2,True,1.6,146,laps_2023_monaco_R.csv,95.991
LEC,16,Ferrari,66.0,0 days 00:01:35.050000,3.0,INTERMEDIATE,11.0,0 days 02:32:24.041000,1,True,23.1,27.4,66.0,1013.2,True,1.6,146,laps_2023_monaco_R.csv,95.05
GAS,10,Alpine,66.0,0 days 00:01:36.252000,3.0,INTERMEDIATE,12.0,0 days 02:32:25.524000,1,True,23.1,27.4,66.0,1013.2,True,1.6,146,laps_2023_monaco_R.csv,96.252
SAI,55,Ferrari,66.0,0 days 00:01:36.238000,3.0,INTERMEDIATE,11.0,0 days 02:32:26.265000,1,True,23.1,27.4,66.0,1013.2,True,1.6,146,laps_2023_monaco_R.csv,96.238
ZHO,24,Alfa Romeo,65.0,0 days 00:01:39.444000,3.0,INTERMEDIATE,13.0,0 days 02:32:26.459000,1,True,23.1,27.4,66.0,1013.2,True,1.6,146,laps_2023_monaco_R.csv,99.444
ALB,23,Williams,65.0,0 days 00:01:35.420000,3.0,INTERMEDIATE,13.0,0 days 02:32:32.584000,1,True,23.1,27.4,66.0,1013.2,True,1.6,146,laps_2023_monaco_R.csv,95.42
PER,11,Red Bull,65.0,0 days 00:01:37.675000,5.0,WET,8.0,0 days 02:32:40.821000,1,True,23.1,27.4,66.0,1013.2,True,1.6,146,laps_2023_monaco_R.csv,97.675
HUL,27,Haas F1 Team,65.0,0 days 00:01:36.647000,4.0,WET,6.0,0 days 02:32:43.001000,1,True,23.1,27.4,66.0,1013.2,True,1.6,146,laps_2023_monaco_R.csv,96.647
MAG,20,Haas F1 Team,64.0,0 days 00:01:39.995000,2.0,WET,8.0,0 days 02:32:56.286000,1,True,23.1,27.4,66.0,1013.2,True,1.6,146,laps_2023_monaco_R.csv,99.995
VER,1,Red Bull,67.0,0 days 00:01:32.921000,2.0,INTERMEDIATE,12.0,0 days 02:33:08.236000,1,True,23.1,27.4,66.0,1013.2,True,1.6,146,laps_2023_monaco_R.csv,92.921
TSU,22,AlphaTauri,66.0,0 days 00:01:37.427000,2.0,INTERMEDIATE,13.0,0 days 02:33:16.148000,1,True,23.2,27.3,66.0,1013.2,True,1.7,142,laps_2023_monaco_R.csv,97.427
NOR,4,McLaren,66.0,0 days 00:01:36.981000,3.0,INTERMEDIATE,12.0,0 days 02:33:16.662000,1,True,23.2,27.3,66.0,1013.2,True,1.7,142,laps_2023_monaco_R.csv,96.981
SAR,2,Williams,65.0,0 days 00:01:38.073000,4.0,INTERMEDIATE,13.0,0 days 02:33:17.446000,1,True,23.2,27.3,66.0,1013.2,True,1.7,142,laps_2023_monaco_R.csv,98.073
PIA,81,McLaren,66.0,0 days 00:01:34.942000,2.0,INTERMEDIATE,12.0,0 days 02:33:19.702000,1,True,23.2,27.3,66.0,1013.2,True,1.7,142,laps_2023_monaco_R.csv,94.942
BOT,77,Alfa Romeo,66.0,0 days 00:01:35.048000,2.0,INTERMEDIATE,15.0,0 days 02:33:23.519000,1,True,23.2,27.3,66.0,1013.2,True,1.7,142,laps_2023_monaco_R.csv,95.048
ALO,14,Aston Martin,67.0,0 days 00:01:33.205000,3.0,INTERMEDIATE,12.0,0 days 02:33:30.891000,1,True,23.2,27.3,66.0,1013.2,True,1.7,142,laps_2023_monaco_R.csv,93.205
DEV,21,AlphaTauri,66.0,0 days 00:01:35.654000,2.0,INTERMEDIATE,13.0,0 days 02:33:44.708000,1,True,23.2,27.3,66.0,1013.2,True,1.7,142,laps_2023_monaco_R.csv,95.654
OCO,31,Alpine,67.0,0 days 00:01:34.457000,3.0,INTERMEDIATE,13.0,0 days 02:33:47.041000,1,True,23.2,27.3,66.0,1013.2,True,1.7,142,laps_2023_monaco_R.csv,94.457
HAM,44,Mercedes,67.0,0 days 00:01:34.539000,3.0,INTERMEDIATE,13.0,0 days 02:33:49.068000,1,True,23.2,27.3,66.0,1013.2,True,1.7,142,laps_2023_monaco_R.csv,94.539
RUS,63,Mercedes,67.0,0 days 00:01:34.751000,2.0,INTERMEDIATE,13.0,0 days 02:33:49.949000,1,True,23.2,27.3,66.0,1013.2,True,1.7,142,laps_2023_monaco_R.csv,94.751
LEC,16,Ferrari,67.0,0 days 00:01:34.515000,3.0,INTERMEDIATE,12.0,0 days 02:33:59.091000,1,True,23.2,27.3,66.0,1013.2,True,1.7,142,laps_2023_monaco_R.csv,94.515
GAS,10,Alpine,67.0,0 days 00:01:34.612000,3.0,INTERMEDIATE,13.0,0 days 02:34:01.776000,1,True,23.2,27.3,66.0,1013.2,True,1.7,142,laps_2023_monaco_R.csv,94.612
SAI,55,Ferrari,67.0,0 days 00:01:34.999000,3.0,INTERMEDIATE,12.0,0 days 02:34:02.503000,1,True,23.2,27.3,66.0,1013.2,True,1.7,142,laps_2023_monaco_R.csv,94.999
ZHO,24,Alfa Romeo,66.0,0 days 00:01:34.287000,3.0,INTERMEDIATE,14.0,0 days 02:34:05.903000,1,True,23.2,27.3,66.0,1013.2,True,1.7,142,laps_2023_monaco_R.csv,94.287
ALB,23,Williams,66.0,0 days 00:01:34.016000,3.0,INTERMEDIATE,14.0,0 days 02:34:08.004000,1,True,23.2,27.3,66.0,1013.2,True,1.7,142,laps_2023_monaco_R.csv,94.016
PER,11,Red Bull,66.0,0 days 00:01:36.451000,5.0,WET,9.0,0 days 02:34:18.496000,1,True,23.1,27.4,65.0,1013.2,True,1.7,152,laps_2023_monaco_R.csv,96.451
HUL,27,Haas F1 Team,66.0,0 days 00:01:36.301000,4.0,WET,7.0,0 days 02:34:19.648000,1,True,23.1,27.4,65.0,1013.2,True,1.7,152,laps_2023_monaco_R.csv,96.301
MAG,20,Haas F1 Team,65.0,0 days 00:01:40.703000,2.0,WET,9.0,0 days 02:34:36.281000,1,True,23.1,27.4,65.0,1013.2,True,1.7,152,laps_2023_monaco_R.csv,100.703
VER,1,Red Bull,68.0,0 days 00:01:33.659000,2.0,INTERMEDIATE,13.0,0 days 02:34:41.157000,1,True,23.1,27.4,65.0,1013.2,True,1.7,152,laps_2023_monaco_R.csv,93.659
TSU,22,AlphaTauri,67.0,0 days 00:01:37.623000,2.0,INTERMEDIATE,14.0,0 days 02:34:53.575000,1,True,23.1,27.4,65.0,1013.2,True,1.7,152,laps_2023_monaco_R.csv,97.623
NOR,4,McLaren,67.0,0 days 00:01:32.417000,3.0,INTERMEDIATE,13.0,0 days 02:34:53.643000,1,True,23.1,27.4,65.0,1013.2,True,1.7,152,laps_2023_monaco_R.csv,92.417
PIA,81,McLaren,67.0,0 days 00:01:36.653000,2.0,INTERMEDIATE,13.0,0 days 02:34:54.644000,1,True,23.1,27.4,65.0,1013.2,True,1.7,152,laps_2023_monaco_R.csv,96.653
SAR,2,Williams,66.0,0 days 00:01:36.293000,4.0,INTERMEDIATE,14.0,0 days 02:34:55.519000,1,True,23.1,27.4,65.0,1013.2,True,1.7,152,laps_2023_monaco_R.csv,96.293
BOT,77,Alfa Romeo,67.0,0 days 00:01:35.077000,2.0,INTERMEDIATE,16.0,0 days 02:34:58.567000,1,True,23.1,27.4,65.0,1013.2,True,1.7,152,laps_2023_monaco_R.csv,95.077
ALO,14,Aston Martin,68.0,0 days 00:01:32.841000,3.0,INTERMEDIATE,13.0,0 days 02:35:04.096000,1,True,23.1,27.4,65.0,1013.2,True,1.7,152,laps_2023_monaco_R.csv,92.841
DEV,21,AlphaTauri,67.0,0 days 00:01:34.011000,2.0,INTERMEDIATE,14.0,0 days 02:35:20.362000,1,True,23.1,27.6,65.0,1013.2,True,1.7,136,laps_2023_monaco_R.csv,94.011
OCO,31,Alpine,68.0,0 days 00:01:33.484000,3.0,INTERMEDIATE,14.0,0 days 02:35:21.498000,1,True,23.1,27.6,65.0,1013.2,True,1.7,136,laps_2023_monaco_R.csv,93.484
HAM,44,Mercedes,68.0,0 days 00:01:32.866000,3.0,INTERMEDIATE,14.0,0 days 02:35:23.607000,1,True,23.1,27.6,65.0,1013.2,True,1.7,136,laps_2023_monaco_R.csv,92.866
RUS,63,Mercedes,68.0,0 days 00:01:33.647000,2.0,INTERMEDIATE,14.0,0 days 02:35:24.700000,1,True,23.1,27.6,65.0,1013.2,True,1.7,136,laps_2023_monaco_R.csv,93.647
LEC,16,Ferrari,68.0,0 days 00:01:33.903000,3.0,INTERMEDIATE,13.0,0 days 02:35:33.606000,12,True,23.1,27.6,65.0,1013.2,True,1.7,136,laps_2023_monaco_R.csv,93.903
GAS,10,Alpine,68.0,0 days 00:01:33.318000,3.0,INTERMEDIATE,14.0,0 days 02:35:36.388000,12,True,23.1,27.6,65.0,1013.2,True,1.7,136,laps_2023_monaco_R.csv,93.318
SAI,55,Ferrari,68.0,0 days 00:01:33.322000,3.0,INTERMEDIATE,13.0,0 days 02:35:37.502000,12,True,23.1,27.6,65.0,1013.2,True,1.7,136,laps_2023_monaco_R.csv,93.322
ZHO,24,Alfa Romeo,67.0,0 days 00:01:33.464000,3.0,INTERMEDIATE,15.0,0 days 02:35:40.190000,12,True,23.1,27.6,65.0,1013.2,True,1.7,136,laps_2023_monaco_R.csv,93.464
ALB,23,Williams,67.0,0 days 00:01:33.223000,3.0,INTERMEDIATE,15.0,0 days 02:35:42.020000,12,True,23.1,27.6,65.0,1013.2,True,1.7,136,laps_2023_monaco_R.csv,93.223
PER,11,Red Bull,67.0,0 days 00:01:35.957000,5.0,WET,10.0,0 days 02:35:54.947000,12,True,23.1,27.6,65.0,1013.2,True,1.7,136,laps_2023_monaco_R.csv,95.957
HUL,27,Haas F1 Team,67.0,0 days 00:01:35.656000,4.0,WET,8.0,0 days 02:35:55.949000,12,True,23.1,27.6,65.0,1013.2,True,1.7,136,laps_2023_monaco_R.csv,95.656
VER,1,Red Bull,69.0,0 days 00:01:31.607000,2.0,INTERMEDIATE,14.0,0 days 02:36:14.816000,12,True,23.3,27.7,64.0,1013.2,True,1.7,143,laps_2023_monaco_R.csv,91.607
MAG,20,Haas F1 Team,66.0,0 days 00:01:37.778000,2.0,WET,10.0,0 days 02:36:16.984000,12,True,23.3,27.7,64.0,1013.2,True,1.7,143,laps_2023_monaco_R.csv,97.778
NOR,4,McLaren,68.0,0 days 00:01:31.037000,3.0,INTERMEDIATE,14.0,0 days 02:36:26.060000,12,True,23.3,27.7,64.0,1013.2,True,1.7,143,laps_2023_monaco_R.csv,91.037
TSU,22,AlphaTauri,68.0,0 days 00:02:17.012000,2.0,INTERMEDIATE,15.0,0 days 02:36:31.198000,12,True,23.3,27.7,64.0,1013.2,True,1.7,143,laps_2023_monaco_R.csv,137.012
PIA,81,McLaren,68.0,0 days 00:01:31.909000,2.0,INTERMEDIATE,14.0,0 days 02:36:31.297000,12,True,23.3,27.7,64.0,1013.2,True,1.7,143,laps_2023_monaco_R.csv,91.909
SAR,2,Williams,67.0,0 days 00:01:39.467000,4.0,INTERMEDIATE,15.0,0 days 02:36:31.812000,12,True,23.3,27.7,64.0,1013.2,True,1.7,143,laps_2023_monaco_R.csv,99.467
BOT,77,Alfa Romeo,68.0,0 days 00:01:34.038000,2.0,INTERMEDIATE,17.0,0 days 02:36:33.644000,12,True,23.3,27.7,64.0,1013.2,True,1.7,143,laps_2023_monaco_R.csv,94.038
ALO,14,Aston Martin,69.0,0 days 00:01:33.864000,3.0,INTERMEDIATE,14.0,0 days 02:36:36.937000,12,True,23.3,27.7,64.0,1013.2,True,1.7,143,laps_2023_monaco_R.csv,93.864
DEV,21,AlphaTauri,68.0,0 days 00:01:39.526000,2.0,INTERMEDIATE,15.0,0 days 02:36:54.373000,12,True,23.3,27.7,64.0,1013.2,True,1.7,143,laps_2023_monaco_R.csv,99.526
OCO,31,Alpine,69.0,0 days 00:01:32.501000,3.0,INTERMEDIATE,15.0,0 days 02:36:54.982000,12,True,23.3,27.7,64.0,1013.2,True,1.7,143,laps_2023_monaco_R.csv,92.501
HAM,44,Mercedes,69.0,0 days 00:01:33.757000,3.0,INTERMEDIATE,15.0,0 days 02:36:56.473000,12,True,23.3,27.7,64.0,1013.2,True,1.7,143,laps_2023_monaco_R.csv,93.757
RUS,63,Mercedes,69.0,0 days 00:01:33.734000,2.0,INTERMEDIATE,15.0,0 days 02:36:58.347000,12,True,23.3,27.7,64.0,1013.2,True,1.7,143,laps_2023_monaco_R.csv,93.734
LEC,16,Ferrari,69.0,0 days 00:01:35.087000,3.0,INTERMEDIATE,14.0,0 days 02:37:07.509000,21,True,23.3,27.7,64.0,1013.2,True,1.7,143,laps_2023_monaco_R.csv,95.087
GAS,10,Alpine,69.0,0 days 00:01:36.097000,3.0,INTERMEDIATE,15.0,0 days 02:37:09.706000,21,True,23.3,27.7,64.0,1013.2,True,1.7,143,laps_2023_monaco_R.csv,96.097
SAI,55,Ferrari,69.0,0 days 00:01:35.394000,3.0,INTERMEDIATE,14.0,0 days 02:37:10.824000,21,True,23.3,27.7,64.0,1013.2,True,1.7,143,laps_2023_monaco_R.csv,95.394
ZHO,24,Alfa Romeo,68.0,0 days 00:01:34.679000,3.0,INTERMEDIATE,16.0,0 days 02:37:13.654000,21,True,23.3,27.8,63.0,1013.2,False,2.0,138,laps_2023_monaco_R.csv,94.679
ALB,23,Williams,68.0,0 days 00:01:33.322000,3.0,INTERMEDIATE,16.0,0 days 02:37:15.243000,21,True,23.3,27.8,63.0,1013.2,False,2.0,138,laps_2023_monaco_R.csv,93.322
PER,11,Red Bull,68.0,0 days 00:01:36.297000,5.0,WET,11.0,0 days 02:37:30.904000,21,True,23.3,27.8,63.0,1013.2,False,2.0,138,laps_2023_monaco_R.csv,96.297
HUL,27,Haas F1 Team,68.0,0 days 00:01:36.655000,4.0,WET,9.0,0 days 02:37:31.605000,21,True,23.3,27.8,63.0,1013.2,False,2.0,138,laps_2023_monaco_R.csv,96.655
VER,1,Red Bull,70.0,0 days 00:01:31.244000,2.0,INTERMEDIATE,15.0,0 days 02:37:46.423000,1,True,23.3,27.8,63.0,1013.2,False,2.0,138,laps_2023_monaco_R.csv,91.244
MAG,20,Haas F1 Team,67.0,0 days 00:01:40.088000,2.0,WET,11.0,0 days 02:37:54.762000,1,True,23.3,27.8,63.0,1013.2,False,2.0,138,laps_2023_monaco_R.csv,100.088
NOR,4,McLaren,69.0,0 days 00:01:30.126000,3.0,INTERMEDIATE,15.0,0 days 02:37:57.097000,1,True,23.3,27.8,63.0,1013.2,False,2.0,138,laps_2023_monaco_R.csv,90.126
PIA,81,McLaren,69.0,0 days 00:01:31.253000,2.0,INTERMEDIATE,15.0,0 days 02:38:03.206000,1,True,23.3,27.8,63.0,1013.2,False,2.0,138,laps_2023_monaco_R.csv,91.253
BOT,77,Alfa Romeo,69.0,0 days 00:01:30.766000,2.0,INTERMEDIATE,18.0,0 days 02:38:07.682000,1,True,23.3,27.8,63.0,1013.2,False,2.0,138,laps_2023_monaco_R.csv,90.766
ALO,14,Aston Martin,70.0,0 days 00:01:31.230000,3.0,INTERMEDIATE,15.0,0 days 02:38:10.801000,1,True,23.3,27.8,63.0,1013.2,False,2.0,138,laps_2023_monaco_R.csv,91.23
SAR,2,Williams,68.0,0 days 00:01:31.921000,4.0,INTERMEDIATE,16.0,0 days 02:38:11.279000,1,True,23.3,27.8,63.0,1013.2,False,2.0,138,laps_2023_monaco_R.csv,91.921
OCO,31,Alpine,70.0,0 days 00:01:30.300000,3.0,INTERMEDIATE,16.0,0 days 02:38:27.483000,1,True,23.4,28.1,62.0,1013.2,False,1.6,151,laps_2023_monaco_R.csv,90.3
HAM,44,Mercedes,70.0,0 days 00:01:29.680000,3.0,INTERMEDIATE,16.0,0 days 02:38:30.230000,1,True,23.4,28.1,62.0,1013.2,False,1.6,151,laps_2023_monaco_R.csv,89.68
RUS,63,Mercedes,70.0,0 days 00:01:30.929000,2.0,INTERMEDIATE,16.0,0 days 02:38:32.081000,1,True,23.4,28.1,62.0,1013.2,False,1.6,151,laps_2023_monaco_R.csv,90.929
DEV,21,AlphaTauri,69.0,0 days 00:01:31.939000,2.0,INTERMEDIATE,16.0,0 days 02:38:33.899000,1,True,23.4,28.1,62.0,1013.2,False,1.6,151,laps_2023_monaco_R.csv,91.939
LEC,16,Ferrari,70.0,0 days 00:01:32.309000,3.0,INTERMEDIATE,15.0,0 days 02:38:42.596000,1,True,23.4,28.1,62.0,1013.2,False,1.6,151,laps_2023_monaco_R.csv,92.309
GAS,10,Alpine,70.0,0 days 00:01:31.098000,3.0,INTERMEDIATE,16.0,0 days 02:38:45.803000,1,True,23.4,28.1,62.0,1013.2,False,1.6,151,laps_2023_monaco_R.csv,91.098
SAI,55,Ferrari,70.0,0 days 00:01:32.130000,3.0,INTERMEDIATE,15.0,0 days 02:38:46.218000,1,True,23.4,28.1,62.0,1013.2,False,1.6,151,laps_2023_monaco_R.csv,92.13
TSU,22,AlphaTauri,69.0,0 days 00:01:40.440000,2.0,INTERMEDIATE,16.0,0 days 02:38:48.210000,1,True,23.4,28.1,62.0,1013.2,False,1.6,151,laps_2023_monaco_R.csv,100.44
ZHO,24,Alfa Romeo,69.0,0 days 00:01:33.879000,3.0,INTERMEDIATE,17.0,0 days 02:38:48.333000,1,True,23.4,28.1,62.0,1013.2,False,1.6,151,laps_2023_monaco_R.csv,93.879
ALB,23,Williams,69.0,0 days 00:01:34.087000,3.0,INTERMEDIATE,17.0,0 days 02:38:48.565000,1,True,23.4,28.1,62.0,1013.2,False,1.6,151,laps_2023_monaco_R.csv,94.087
PER,11,Red Bull,69.0,0 days 00:01:35.708000,5.0,WET,12.0,0 days 02:39:07.201000,1,True,23.4,28.1,62.0,1013.2,False,1.6,151,laps_2023_monaco_R.csv,95.708
HUL,27,Haas F1 Team,69.0,0 days 00:01:35.297000,4.0,WET,10.0,0 days 02:39:08.260000,1,True,23.4,28.1,62.0,1013.2,False,1.6,151,laps_2023_monaco_R.csv,95.297
VER,1,Red Bull,71.0,0 days 00:01:30.363000,2.0,INTERMEDIATE,16.0,0 days 02:39:17.667000,1,True,23.5,28.2,63.0,1013.2,False,1.7,140,laps_2023_monaco_R.csv,90.363
NOR,4,McLaren,70.0,0 days 00:01:28.512000,3.0,INTERMEDIATE,16.0,0 days 02:39:27.223000,1,True,23.5,28.2,63.0,1013.2,False,1.7,140,laps_2023_monaco_R.csv,88.512
PIA,81,McLaren,70.0,0 days 00:01:28.820000,2.0,INTERMEDIATE,16.0,0 days 02:39:34.459000,1,True,23.5,28.2,63.0,1013.2,False,1.7,140,laps_2023_monaco_R.csv,88.82
MAG,20,Haas F1 Team,68.0,0 days 00:01:43.925000,2.0,WET,12.0,0 days 02:39:34.850000,1,True,23.5,28.2,63.0,1013.2,False,1.7,140,laps_2023_monaco_R.csv,103.925
BOT,77,Alfa Romeo,70.0,0 days 00:01:32.495000,2.0,INTERMEDIATE,19.0,0 days 02:39:38.448000,1,True,23.5,28.2,63.0,1013.2,False,1.7,140,laps_2023_monaco_R.csv,92.495
ALO,14,Aston Martin,71.0,0 days 00:01:31.057000,3.0,INTERMEDIATE,16.0,0 days 02:39:42.031000,1,True,23.5,28.2,63.0,1013.2,False,1.7,140,laps_2023_monaco_R.csv,91.057
SAR,2,Williams,69.0,0 days 00:01:33.193000,4.0,INTERMEDIATE,17.0,0 days 02:39:43.200000,1,True,23.5,28.2,63.0,1013.2,False,1.7,140,laps_2023_monaco_R.csv,93.193
OCO,31,Alpine,71.0,0 days 00:01:30.027000,3.0,INTERMEDIATE,17.0,0 days 02:39:57.783000,1,True,23.5,28.2,63.0,1013.2,False,1.7,140,laps_2023_monaco_R.csv,90.027
HAM,44,Mercedes,71.0,0 days 00:01:29.667000,3.0,INTERMEDIATE,17.0,0 days 02:39:59.910000,1,True,23.5,28.2,63.0,1013.2,False,1.7,140,laps_2023_monaco_R.csv,89.667
RUS,63,Mercedes,71.0,0 days 00:01:30.709000,2.0,INTERMEDIATE,17.0,0 days 02:40:03.010000,1,True,23.5,28.2,63.0,1013.2,False,1.7,140,laps_2023_monaco_R.csv,90.709
DEV,21,AlphaTauri,70.0,0 days 00:01:31.636000,2.0,INTERMEDIATE,17.0,0 days 02:40:05.838000,1,True,23.5,28.2,63.0,1013.2,False,1.7,140,laps_2023_monaco_R.csv,91.636
LEC,16,Ferrari,71.0,0 days 00:01:30.198000,3.0,INTERMEDIATE,16.0,0 days 02:40:14.905000,1,True,23.5,28.7,62.0,1013.0,False,1.7,148,laps_2023_monaco_R.csv,90.198
GAS,10,Alpine,71.0,0 days 00:01:30.098000,3.0,INTERMEDIATE,17.0,0 days 02:40:16.901000,1,True,23.5,28.7,62.0,1013.0,False,1.7,148,laps_2023_monaco_R.csv,90.098
SAI,55,Ferrari,71.0,0 days 00:01:29.920000,3.0,INTERMEDIATE,16.0,0 days 02:40:18.348000,1,True,23.5,28.7,62.0,1013.0,False,1.7,148,laps_2023_monaco_R.csv,89.92
ZHO,24,Alfa Romeo,70.0,0 days 00:01:30.405000,3.0,INTERMEDIATE,18.0,0 days 02:40:22.212000,1,True,23.5,28.7,62.0,1013.0,False,1.7,148,laps_2023_monaco_R.csv,90.405
ALB,23,Williams,70.0,0 days 00:01:30.630000,3.0,INTERMEDIATE,18.0,0 days 02:40:22.652000,1,True,23.5,28.7,62.0,1013.0,False,1.7,148,laps_2023_monaco_R.csv,90.63
TSU,22,AlphaTauri,70.0,0 days 00:01:33.923000,2.0,INTERMEDIATE,17.0,0 days 02:40:28.650000,1,True,23.5,28.7,62.0,1013.0,False,1.7,148,laps_2023_monaco_R.csv,93.923
HUL,27,Haas F1 Team,70.0,0 days 00:01:40.947000,4.0,WET,11.0,0 days 02:40:43.557000,1,True,23.5,28.7,62.0,1013.0,False,1.7,148,laps_2023_monaco_R.csv,100.947
VER,1,Red Bull,72.0,0 days 00:01:30.402000,2.0,INTERMEDIATE,17.0,0 days 02:40:48.030000,1,True,23.5,28.7,62.0,1013.0,False,1.7,148,laps_2023_monaco_R.csv,90.402
NOR,4,McLaren,71.0,0 days 00:01:28.373000,3.0,INTERMEDIATE,17.0,0 days 02:40:55.735000,1,True,23.5,28.7,62.0,1013.0,False,1.7,148,laps_2023_monaco_R.csv,88.373
PIA,81,McLaren,71.0,0 days 00:01:27.670000,2.0,INTERMEDIATE,17.0,0 days 02:41:03.279000,1,True,23.5,28.7,62.0,1013.0,False,1.7,148,laps_2023_monaco_R.csv,87.67
BOT,77,Alfa Romeo,71.0,0 days 00:01:31.967000,2.0,INTERMEDIATE,20.0,0 days 02:41:10.943000,1,True,23.5,28.7,62.0,1013.0,False,1.7,148,laps_2023_monaco_R.csv,91.967
ALO,14,Aston Martin,72.0,0 days 00:01:29.419000,3.0,INTERMEDIATE,17.0,0 days 02:41:13.088000,1,True,23.6,29.0,59.0,1013.0,False,2.0,137,laps_2023_monaco_R.csv,89.419
SAR,2,Williams,70.0,0 days 00:01:58.263000,4.0,INTERMEDIATE,18.0,0 days 02:41:16.393000,1,True,23.6,29.0,59.0,1013.0,False,2.0,137,laps_2023_monaco_R.csv,118.263
MAG,20,Haas F1 Team,69.0,0 days 00:01:39.407000,2.0,WET,13.0,0 days 02:41:18.775000,1,True,23.6,29.0,59.0,1013.0,False,2.0,137,laps_2023_monaco_R.csv,99.407
OCO,31,Alpine,72.0,0 days 00:01:29.541000,3.0,INTERMEDIATE,18.0,0 days 02:41:27.810000,1,True,23.6,29.0,59.0,1013.0,False,2.0,137,laps_2023_monaco_R.csv,89.541
HAM,44,Mercedes,72.0,0 days 00:01:29.415000,3.0,INTERMEDIATE,18.0,0 days 02:41:29.577000,1,True,23.6,29.0,59.0,1013.0,False,2.0,137,laps_2023_monaco_R.csv,89.415
RUS,63,Mercedes,72.0,0 days 00:01:30.012000,2.0,INTERMEDIATE,18.0,0 days 02:41:33.719000,1,True,23.6,29.0,59.0,1013.0,False,2.0,137,laps_2023_monaco_R.csv,90.012
DEV,21,AlphaTauri,71.0,0 days 00:01:30.107000,2.0,INTERMEDIATE,18.0,0 days 02:41:37.474000,1,True,23.6,29.0,59.0,1013.0,False,2.0,137,laps_2023_monaco_R.csv,90.107
LEC,16,Ferrari,72.0,0 days 00:01:28.677000,3.0,INTERMEDIATE,17.0,0 days 02:41:45.103000,1,True,23.6,29.0,59.0,1013.0,False,2.0,137,laps_2023_monaco_R.csv,88.677
GAS,10,Alpine,72.0,0 days 00:01:29.916000,3.0,INTERMEDIATE,18.0,0 days 02:41:46.999000,1,True,23.6,29.0,59.0,1013.0,False,2.0,137,laps_2023_monaco_R.csv,89.916
SAI,55,Ferrari,72.0,0 days 00:01:29.849000,3.0,INTERMEDIATE,17.0,0 days 02:41:48.268000,1,True,23.6,29.0,59.0,1013.0,False,2.0,137,laps_2023_monaco_R.csv,89.849
ZHO,24,Alfa Romeo,71.0,0 days 00:01:29.336000,3.0,INTERMEDIATE,19.0,0 days 02:41:52.617000,1,True,23.6,29.0,59.0,1013.0,False,2.0,137,laps_2023_monaco_R.csv,89.336
ALB,23,Williams,71.0,0 days 00:01:29.729000,3.0,INTERMEDIATE,19.0,0 days 02:41:53.282000,1,True,23.6,29.0,59.0,1013.0,False,2.0,137,laps_2023_monaco_R.csv,89.729
TSU,22,AlphaTauri,71.0,0 days 00:01:31.757000,2.0,INTERMEDIATE,18.0,0 days 02:42:02.573000,1,True,23.6,29.0,59.0,1013.0,False,2.0,137,laps_2023_monaco_R.csv,91.757
VER,1,Red Bull,73.0,0 days 00:01:28.386000,2.0,INTERMEDIATE,18.0,0 days 02:42:18.432000,1,True,23.6,29.2,58.0,1013.0,False,2.0,136,laps_2023_monaco_R.csv,88.386
NOR,4,McLaren,72.0,0 days 00:01:25.959000,3.0,INTERMEDIATE,18.0,0 days 02:42:24.108000,1,True,23.6,29.2,58.0,1013.0,False,2.0,136,laps_2023_monaco_R.csv,85.959
HUL,27,Haas F1 Team,71.0,0 days 00:01:33.744000,4.0,WET,12.0,0 days 02:42:24.504000,1,True,23.6,29.2,58.0,1013.0,False,2.0,136,laps_2023_monaco_R.csv,93.744
PIA,81,McLaren,72.0,0 days 00:01:28.016000,2.0,INTERMEDIATE,18.0,0 days 02:42:30.949000,1,True,23.6,29.2,58.0,1013.0,False,2.0,136,laps_2023_monaco_R.csv,88.016
ALO,14,Aston Martin,73.0,0 days 00:01:30.346000,3.0,INTERMEDIATE,18.0,0 days 02:42:42.507000,1,True,23.6,29.2,58.0,1013.0,False,2.0,136,laps_2023_monaco_R.csv,90.346
BOT,77,Alfa Romeo,72.0,0 days 00:01:32.025000,2.0,INTERMEDIATE,21.0,0 days 02:42:42.910000,1,True,23.6,29.2,58.0,1013.0,False,2.0,136,laps_2023_monaco_R.csv,92.025
OCO,31,Alpine,73.0,0 days 00:01:27.666000,3.0,INTERMEDIATE,19.0,0 days 02:42:57.351000,1,True,23.6,29.2,58.0,1013.0,False,2.0,136,laps_2023_monaco_R.csv,87.666
MAG,20,Haas F1 Team,70.0,0 days 00:01:41.853000,2.0,WET,14.0,0 days 02:42:58.182000,1,True,23.6,29.2,58.0,1013.0,False,2.0,136,laps_2023_monaco_R.csv,101.853
HAM,44,Mercedes,73.0,0 days 00:01:27.735000,3.0,INTERMEDIATE,19.0,0 days 02:42:58.992000,1,True,23.6,29.2,58.0,1013.0,False,2.0,136,laps_2023_monaco_R.csv,87.735
RUS,63,Mercedes,73.0,0 days 00:01:28.921000,2.0,INTERMEDIATE,19.0,0 days 02:43:03.731000,1,True,23.6,29.2,58.0,1013.0,False,2.0,136,laps_2023_monaco_R.csv,88.921
DEV,21,AlphaTauri,72.0,0 days 00:01:30.085000,2.0,INTERMEDIATE,19.0,0 days 02:43:07.581000,1,True,23.6,29.2,58.0,1013.0,False,2.0,136,laps_2023_monaco_R.csv,90.085
LEC,16,Ferrari,73.0,0 days 00:01:29.177000,3.0,INTERMEDIATE,18.0,0 days 02:43:13.780000,1,True,23.7,29.6,57.0,1013.0,False,1.3,139,laps_2023_monaco_R.csv,89.177
SAR,2,Williams,71.0,0 days 00:01:29.015000,4.0,INTERMEDIATE,19.0,0 days 02:43:14.656000,1,True,23.7,29.6,57.0,1013.0,False,1.3,139,laps_2023_monaco_R.csv,89.015
GAS,10,Alpine,73.0,0 days 00:01:28.128000,3.0,INTERMEDIATE,19.0,0 days 02:43:16.915000,1,True,23.7,29.6,57.0,1013.0,False,1.3,139,laps_2023_monaco_R.csv,88.128
SAI,55,Ferrari,73.0,0 days 00:01:27.840000,3.0,INTERMEDIATE,18.0,0 days 02:43:18.117000,1,True,23.7,29.6,57.0,1013.0,False,1.3,139,laps_2023_monaco_R.csv,87.84
ZHO,24,Alfa Romeo,72.0,0 days 00:01:27.964000,3.0,INTERMEDIATE,20.0,0 days 02:43:21.953000,1,True,23.7,29.6,57.0,1013.0,False,1.3,139,laps_2023_monaco_R.csv,87.964
ALB,23,Williams,72.0,0 days 00:01:29.217000,3.0,INTERMEDIATE,20.0,0 days 02:43:23.011000,1,True,23.7,29.6,57.0,1013.0,False,1.3,139,laps_2023_monaco_R.csv,89.217
TSU,22,AlphaTauri,72.0,0 days 00:01:29.958000,2.0,INTERMEDIATE,19.0,0 days 02:43:34.330000,1,True,23.7,29.6,57.0,1013.0,False,1.3,139,laps_2023_monaco_R.csv,89.958
VER,1,Red Bull,74.0,0 days 00:01:26.864000,2.0,INTERMEDIATE,19.0,0 days 02:43:46.818000,1,True,23.7,29.6,57.0,1013.0,False,1.3,139,laps_2023_monaco_R.csv,86.864
NOR,4,McLaren,73.0,0 days 00:01:25.767000,3.0,INTERMEDIATE,19.0,0 days 02:43:50.067000,1,True,23.7,29.6,57.0,1013.0,False,1.3,139,laps_2023_monaco_R.csv,85.767
HUL,27,Haas F1 Team,72.0,0 days 00:01:32.994000,4.0,WET,13.0,0 days 02:43:58.248000,1,True,23.7,29.6,57.0,1013.0,False,1.3,139,laps_2023_monaco_R.csv,92.994
PIA,81,McLaren,73.0,0 days 00:01:27.443000,2.0,INTERMEDIATE,19.0,0 days 02:43:58.965000,1,True,23.7,29.6,57.0,1013.0,False,1.3,139,laps_2023_monaco_R.csv,87.443
ALO,14,Aston Martin,74.0,0 days 00:01:27.245000,3.0,INTERMEDIATE,19.0,0 days 02:44:12.853000,1,True,23.7,29.6,57.0,1013.0,False,1.3,139,laps_2023_monaco_R.csv,87.245
BOT,77,Alfa Romeo,73.0,0 days 00:01:27.230000,2.0,INTERMEDIATE,22.0,0 days 02:44:14.935000,1,True,23.8,30.0,57.0,1013.0,False,1.3,138,laps_2023_monaco_R.csv,87.23
PER,11,Red Bull,72.0,0 days 00:01:29.537000,6.0,INTERMEDIATE,2.0,0 days 02:44:17.719000,1,True,23.8,30.0,57.0,1013.0,False,1.3,138,laps_2023_monaco_R.csv,89.537
OCO,31,Alpine,74.0,0 days 00:01:26.712000,3.0,INTERMEDIATE,20.0,0 days 02:44:25.017000,1,True,23.8,30.0,57.0,1013.0,False,1.3,138,laps_2023_monaco_R.csv,86.712
HAM,44,Mercedes,74.0,0 days 00:01:26.304000,3.0,INTERMEDIATE,20.0,0 days 02:44:26.727000,1,True,23.8,30.0,57.0,1013.0,False,1.3,138,laps_2023_monaco_R.csv,86.304
RUS,63,Mercedes,74.0,0 days 00:01:27.787000,2.0,INTERMEDIATE,20.0,0 days 02:44:32.652000,1,True,23.8,30.0,57.0,1013.0,False,1.3,138,laps_2023_monaco_R.csv,87.787
DEV,21,AlphaTauri,73.0,0 days 00:01:27.595000,2.0,INTERMEDIATE,20.0,0 days 02:44:37.666000,1,True,23.8,30.0,57.0,1013.0,False,1.3,138,laps_2023_monaco_R.csv,87.595
LEC,16,Ferrari,74.0,0 days 00:01:27.848000,3.0,INTERMEDIATE,19.0,0 days 02:44:42.957000,1,True,23.8,30.0,57.0,1013.0,False,1.3,138,laps_2023_monaco_R.csv,87.848
SAR,2,Williams,72.0,0 days 00:01:32.354000,4.0,INTERMEDIATE,20.0,0 days 02:44:43.671000,1,True,23.8,30.0,57.0,1013.0,False,1.3,138,laps_2023_monaco_R.csv,92.354
GAS,10,Alpine,74.0,0 days 00:01:27.856000,3.0,INTERMEDIATE,20.0,0 days 02:44:45.043000,1,True,23.8,30.0,57.0,1013.0,False,1.3,138,laps_2023_monaco_R.csv,87.856
SAI,55,Ferrari,74.0,0 days 00:01:28.585000,3.0,INTERMEDIATE,19.0,0 days 02:44:45.957000,1,True,23.8,30.0,57.0,1013.0,False,1.3,138,laps_2023_monaco_R.csv,88.585
ZHO,24,Alfa Romeo,73.0,0 days 00:01:30.119000,3.0,INTERMEDIATE,21.0,0 days 02:44:49.917000,1,True,23.8,30.0,57.0,1013.0,False,1.3,138,laps_2023_monaco_R.csv,90.119
ALB,23,Williams,73.0,0 days 00:01:32.141000,3.0,INTERMEDIATE,21.0,0 days 02:44:52.228000,1,True,23.8,30.0,57.0,1013.0,False,1.3,138,laps_2023_monaco_R.csv,92.141
TSU,22,AlphaTauri,73.0,0 days 00:01:28.138000,2.0,INTERMEDIATE,20.0,0 days 02:45:04.288000,1,True,23.8,30.0,57.0,1013.0,False,1.3,138,laps_2023_monaco_R.csv,88.138
VER,1,Red Bull,75.0,0 days 00:01:25.518000,2.0,INTERMEDIATE,20.0,0 days 02:45:13.682000,1,True,23.8,30.0,57.0,1013.0,False,1.1,125,laps_2023_monaco_R.csv,85.518
NOR,4,McLaren,74.0,0 days 00:01:25.471000,3.0,INTERMEDIATE,20.0,0 days 02:45:15.834000,1,True,23.8,30.0,57.0,1013.0,False,1.1,125,laps_2023_monaco_R.csv,85.471
PIA,81,McLaren,74.0,0 days 00:01:26.185000,2.0,INTERMEDIATE,20.0,0 days 02:45:26.408000,1,True,23.8,30.0,57.0,1013.0,False,1.1,125,laps_2023_monaco_R.csv,86.185
HUL,27,Haas F1 Team,73.0,0 days 00:01:33.111000,4.0,WET,14.0,0 days 02:45:31.242000,1,True,23.8,30.0,57.0,1013.0,False,1.1,125,laps_2023_monaco_R.csv,93.111
ALO,14,Aston Martin,75.0,0 days 00:01:25.700000,3.0,INTERMEDIATE,20.0,0 days 02:45:40.098000,1,True,23.8,30.0,57.0,1013.0,False,1.1,125,laps_2023_monaco_R.csv,85.7
BOT,77,Alfa Romeo,74.0,0 days 00:01:26.646000,2.0,INTERMEDIATE,23.0,0 days 02:45:42.165000,1,True,23.8,30.0,57.0,1013.0,False,1.1,125,laps_2023_monaco_R.csv,86.646
PER,11,Red Bull,73.0,0 days 00:01:26.820000,6.0,INTERMEDIATE,3.0,0 days 02:45:47.256000,1,True,23.8,30.0,57.0,1013.0,False,1.1,125,laps_2023_monaco_R.csv,86.82
OCO,31,Alpine,75.0,0 days 00:01:25.133000,3.0,INTERMEDIATE,21.0,0 days 02:45:51.729000,1,True,23.8,30.0,57.0,1013.0,False,1.1,125,laps_2023_monaco_R.csv,85.133
HAM,44,Mercedes,75.0,0 days 00:01:25.242000,3.0,INTERMEDIATE,21.0,0 days 02:45:53.031000,1,True,23.8,30.0,57.0,1013.0,False,1.1,125,laps_2023_monaco_R.csv,85.242
RUS,63,Mercedes,75.0,0 days 00:01:26.399000,2.0,INTERMEDIATE,21.0,0 days 02:46:00.439000,1,True,23.8,30.0,57.0,1013.0,False,1.1,125,laps_2023_monaco_R.csv,86.399
DEV,21,AlphaTauri,74.0,0 days 00:01:26.478000,2.0,INTERMEDIATE,21.0,0 days 02:46:05.261000,1,True,23.8,30.0,57.0,1013.0,False,1.1,125,laps_2023_monaco_R.csv,86.478
LEC,16,Ferrari,75.0,0 days 00:01:26.923000,3.0,INTERMEDIATE,20.0,0 days 02:46:10.805000,1,True,23.8,30.0,57.0,1013.0,False,1.1,125,laps_2023_monaco_R.csv,86.923
GAS,10,Alpine,75.0,0 days 00:01:26.378000,3.0,INTERMEDIATE,21.0,0 days 02:46:12.899000,1,True,23.8,30.0,57.0,1013.0,False,1.1,125,laps_2023_monaco_R.csv,86.378
SAI,55,Ferrari,75.0,0 days 00:01:26.388000,3.0,INTERMEDIATE,20.0,0 days 02:46:14.542000,1,True,23.8,30.3,56.0,1013.0,False,1.5,146,laps_2023_monaco_R.csv,86.388
SAR,2,Williams,73.0,0 days 00:01:27.137000,4.0,INTERMEDIATE,21.0,0 days 02:46:16.025000,1,True,23.8,30.3,56.0,1013.0,False,1.5,146,laps_2023_monaco_R.csv,87.137
ZHO,24,Alfa Romeo,74.0,0 days 00:01:28.049000,3.0,INTERMEDIATE,22.0,0 days 02:46:20.036000,1,True,23.8,30.3,56.0,1013.0,False,1.5,146,laps_2023_monaco_R.csv,88.049
ALB,23,Williams,74.0,0 days 00:01:28.241000,3.0,INTERMEDIATE,22.0,0 days 02:46:24.369000,1,True,23.8,30.3,56.0,1013.0,False,1.5,146,laps_2023_monaco_R.csv,88.241
TSU,22,AlphaTauri,74.0,0 days 00:01:28.759000,2.0,INTERMEDIATE,21.0,0 days 02:46:32.426000,1,True,23.8,30.3,56.0,1013.0,False,1.5,146,laps_2023_monaco_R.csv,88.759
VER,1,Red Bull,76.0,0 days 00:01:25.316000,2.0,INTERMEDIATE,21.0,0 days 02:46:39.200000,1,True,23.8,30.3,56.0,1013.0,False,1.5,146,laps_2023_monaco_R.csv,85.316
NOR,4,McLaren,75.0,0 days 00:01:25.278000,3.0,INTERMEDIATE,21.0,0 days 02:46:41.305000,1,True,23.8,30.3,56.0,1013.0,False,1.5,146,laps_2023_monaco_R.csv,85.278
PIA,81,McLaren,75.0,0 days 00:01:26.143000,2.0,INTERMEDIATE,21.0,0 days 02:46:52.593000,1,True,23.8,30.3,56.0,1013.0,False,1.5,146,laps_2023_monaco_R.csv,86.143
HUL,27,Haas F1 Team,74.0,0 days 00:01:34.924000,4.0,WET,15.0,0 days 02:47:04.353000,1,True,23.8,30.3,56.0,1013.0,False,1.5,146,laps_2023_monaco_R.csv,94.924
ALO,14,Aston Martin,76.0,0 days 00:01:26.931000,3.0,INTERMEDIATE,21.0,0 days 02:47:05.798000,1,True,23.8,30.3,56.0,1013.0,False,1.5,146,laps_2023_monaco_R.csv,86.931
BOT,77,Alfa Romeo,75.0,0 days 00:01:26.553000,2.0,INTERMEDIATE,24.0,0 days 02:47:08.811000,1,True,23.8,30.3,56.0,1013.0,False,1.5,146,laps_2023_monaco_R.csv,86.553
PER,11,Red Bull,74.0,0 days 00:01:25.704000,6.0,INTERMEDIATE,4.0,0 days 02:47:14.076000,1,True,23.9,30.4,57.0,1013.0,False,1.5,138,laps_2023_monaco_R.csv,85.704
OCO,31,Alpine,76.0,0 days 00:01:24.834000,3.0,INTERMEDIATE,22.0,0 days 02:47:16.862000,1,True,23.9,30.4,57.0,1013.0,False,1.5,138,laps_2023_monaco_R.csv,84.834
HAM,44,Mercedes,76.0,0 days 00:01:24.651000,3.0,INTERMEDIATE,22.0,0 days 02:47:18.273000,1,True,23.9,30.4,57.0,1013.0,False,1.5,138,laps_2023_monaco_R.csv,84.651
RUS,63,Mercedes,76.0,0 days 00:01:25.436000,2.0,INTERMEDIATE,22.0,0 days 02:47:26.838000,1,True,23.9,30.4,57.0,1013.0,False,1.5,138,laps_2023_monaco_R.csv,85.436
DEV,21,AlphaTauri,75.0,0 days 00:01:26.435000,2.0,INTERMEDIATE,22.0,0 days 02:47:31.739000,1,True,23.9,30.4,57.0,1013.0,False,1.5,138,laps_2023_monaco_R.csv,86.435
LEC,16,Ferrari,76.0,0 days 00:01:26.435000,3.0,INTERMEDIATE,21.0,0 days 02:47:37.728000,1,True,23.9,30.4,57.0,1013.0,False,1.5,138,laps_2023_monaco_R.csv,86.435
GAS,10,Alpine,76.0,0 days 00:01:26.077000,3.0,INTERMEDIATE,22.0,0 days 02:47:39.277000,1,True,23.9,30.4,57.0,1013.0,False,1.5,138,laps_2023_monaco_R.csv,86.077
SAI,55,Ferrari,76.0,0 days 00:01:25.776000,3.0,INTERMEDIATE,21.0,0 days 02:47:40.930000,1,True,23.9,30.4,57.0,1013.0,False,1.5,138,laps_2023_monaco_R.csv,85.776
SAR,2,Williams,74.0,0 days 00:01:27.954000,4.0,INTERMEDIATE,22.0,0 days 02:47:43.162000,1,True,23.9,30.4,57.0,1013.0,False,1.5,138,laps_2023_monaco_R.csv,87.954
ZHO,24,Alfa Romeo,75.0,0 days 00:01:26.612000,3.0,INTERMEDIATE,23.0,0 days 02:47:48.085000,1,True,23.9,30.4,57.0,1013.0,False,1.5,138,laps_2023_monaco_R.csv,86.612
ALB,23,Williams,75.0,0 days 00:01:27.197000,3.0,INTERMEDIATE,23.0,0 days 02:47:52.610000,1,True,23.9,30.4,57.0,1013.0,False,1.5,138,laps_2023_monaco_R.csv,87.197
TSU,22,AlphaTauri,75.0,0 days 00:01:27.332000,2.0,INTERMEDIATE,22.0,0 days 02:48:01.185000,1,True,23.9,30.4,57.0,1013.0,False,1.5,138,laps_2023_monaco_R.csv,87.332
VER,1,Red Bull,77.0,0 days 00:01:25.460000,2.0,INTERMEDIATE,22.0,0 days 02:48:04.516000,1,True,23.9,30.4,57.0,1013.0,False,1.5,138,laps_2023_monaco_R.csv,85.46
NOR,4,McLaren,76.0,0 days 00:01:25.767000,3.0,INTERMEDIATE,22.0,0 days 02:48:06.583000,1,True,23.9,30.4,57.0,1013.0,False,1.5,138,laps_2023_monaco_R.csv,85.767
PIA,81,McLaren,76.0,0 days 00:01:25.615000,2.0,INTERMEDIATE,22.0,0 days 02:48:18.736000,1,True,23.9,30.7,57.0,1012.9,False,1.7,136,laps_2023_monaco_R.csv,85.615
ALO,14,Aston Martin,77.0,0 days 00:01:24.701000,3.0,INTERMEDIATE,22.0,0 days 02:48:32.729000,1,True,23.9,30.7,57.0,1012.9,False,1.7,136,laps_2023_monaco_R.csv,84.701
BOT,77,Alfa Romeo,76.0,0 days 00:01:24.637000,2.0,INTERMEDIATE,25.0,0 days 02:48:35.364000,1,True,23.9,30.7,57.0,1012.9,False,1.7,136,laps_2023_monaco_R.csv,84.637
HUL,27,Haas F1 Team,75.0,0 days 00:01:34.146000,4.0,WET,16.0,0 days 02:48:39.277000,1,True,23.9,30.7,57.0,1012.9,False,1.7,136,laps_2023_monaco_R.csv,94.146
PER,11,Red Bull,75.0,0 days 00:01:34.148000,6.0,INTERMEDIATE,5.0,0 days 02:48:39.780000,1,True,23.9,30.7,57.0,1012.9,False,1.7,136,laps_2023_monaco_R.csv,94.148
OCO,31,Alpine,77.0,0 days 00:01:26.240000,3.0,INTERMEDIATE,23.0,0 days 02:48:41.696000,1,True,23.9,30.7,57.0,1012.9,False,1.7,136,laps_2023_monaco_R.csv,86.24
HAM,44,Mercedes,77.0,0 days 00:01:26.210000,3.0,INTERMEDIATE,23.0,0 days 02:48:42.924000,1,True,23.9,30.7,57.0,1012.9,False,1.7,136,laps_2023_monaco_R.csv,86.21
RUS,63,Mercedes,77.0,0 days 00:01:26.978000,2.0,INTERMEDIATE,23.0,0 days 02:48:52.274000,1,True,23.9,30.7,57.0,1012.9,False,1.7,136,laps_2023_monaco_R.csv,86.978
DEV,21,AlphaTauri,76.0,0 days 00:01:26.282000,2.0,INTERMEDIATE,23.0,0 days 02:48:58.174000,1,True,23.9,30.7,57.0,1012.9,False,1.7,136,laps_2023_monaco_R.csv,86.282
LEC,16,Ferrari,77.0,0 days 00:01:25.965000,3.0,INTERMEDIATE,22.0,0 days 02:49:04.163000,1,True,23.9,30.7,57.0,1012.9,False,1.7,136,laps_2023_monaco_R.csv,85.965
GAS,10,Alpine,77.0,0 days 00:01:25.607000,3.0,INTERMEDIATE,23.0,0 days 02:49:05.354000,1,True,23.9,30.7,57.0,1012.9,False,1.7,136,laps_2023_monaco_R.csv,85.607
SAI,55,Ferrari,77.0,0 days 00:01:25.579000,3.0,INTERMEDIATE,22.0,0 days 02:49:06.706000,1,True,23.9,30.7,57.0,1012.9,False,1.7,136,laps_2023_monaco_R.csv,85.579
SAR,2,Williams,75.0,0 days 00:01:27.968000,4.0,INTERMEDIATE,23.0,0 days 02:49:11.116000,1,True,23.9,30.7,57.0,1012.9,False,1.7,136,laps_2023_monaco_R.csv,87.968
ZHO,24,Alfa Romeo,76.0,0 days 00:01:25.717000,3.0,INTERMEDIATE,24.0,0 days 02:49:14.697000,1,True,24.0,30.7,59.0,1012.9,False,1.3,144,laps_2023_monaco_R.csv,85.717
ALB,23,Williams,76.0,0 days 00:01:26.764000,3.0,INTERMEDIATE,24.0,0 days 02:49:19.807000,1,True,24.0,30.7,59.0,1012.9,False,1.3,144,laps_2023_monaco_R.csv,86.764
TSU,22,AlphaTauri,76.0,0 days 00:01:34.205000,2.0,INTERMEDIATE,23.0,0 days 02:49:28.517000,1,True,24.0,30.7,59.0,1012.9,False,1.3,144,laps_2023_monaco_R.csv,94.205
VER,1,Red Bull,78.0,0 days 00:01:25.201000,2.0,INTERMEDIATE,23.0,0 days 02:49:29.976000,1,True,24.0,30.7,59.0,1012.9,False,1.3,144,laps_2023_monaco_R.csv,85.201
NOR,4,McLaren,77.0,0 days 00:01:26.888000,3.0,INTERMEDIATE,23.0,0 days 02:49:32.350000,1,True,24.0,30.7,59.0,1012.9,False,1.3,144,laps_2023_monaco_R.csv,86.888
PIA,81,McLaren,77.0,0 days 00:01:24.785000,2.0,INTERMEDIATE,23.0,0 days 02:49:44.351000,1,True,24.0,30.7,59.0,1012.9,False,1.3,144,laps_2023_monaco_R.csv,84.785
ALO,14,Aston Martin,78.0,0 days 00:01:25.668000,3.0,INTERMEDIATE,23.0,0 days 02:49:57.430000,1,True,24.0,30.7,59.0,1012.9,False,1.3,144,laps_2023_monaco_R.csv,85.668
BOT,77,Alfa Romeo,77.0,0 days 00:01:24.139000,2.0,INTERMEDIATE,26.0,0 days 02:50:00.001000,1,True,24.0,30.7,59.0,1012.9,False,1.3,144,laps_2023_monaco_R.csv,84.139
OCO,31,Alpine,78.0,0 days 00:01:24.231000,3.0,INTERMEDIATE,24.0,0 days 02:50:07.936000,1,True,24.0,30.7,59.0,1012.9,False,1.3,144,laps_2023_monaco_R.csv,84.231
HAM,44,Mercedes,78.0,0 days 00:01:25.105000,3.0,INTERMEDIATE,24.0,0 days 02:50:09.134000,1,True,24.0,30.7,59.0,1012.9,False,1.3,144,laps_2023_monaco_R.csv,85.105
HUL,27,Haas F1 Team,76.0,0 days 00:01:30.260000,4.0,WET,17.0,0 days 02:50:13.423000,1,True,23.9,30.7,58.0,1012.9,False,1.5,135,laps_2023_monaco_R.csv,90.26
PER,11,Red Bull,76.0,0 days 00:01:30.273000,6.0,INTERMEDIATE,6.0,0 days 02:50:13.928000,1,True,23.9,30.7,58.0,1012.9,False,1.5,135,laps_2023_monaco_R.csv,90.273
RUS,63,Mercedes,78.0,0 days 00:01:27.209000,2.0,INTERMEDIATE,24.0,0 days 02:50:19.252000,1,True,23.9,30.7,58.0,1012.9,False,1.5,135,laps_2023_monaco_R.csv,87.209
DEV,21,AlphaTauri,77.0,0 days 00:01:28.038000,2.0,INTERMEDIATE,24.0,0 days 02:50:24.456000,1,True,23.9,30.7,58.0,1012.9,False,1.5,135,laps_2023_monaco_R.csv,88.038
LEC,16,Ferrari,78.0,0 days 00:01:26.939000,3.0,INTERMEDIATE,23.0,0 days 02:50:30.128000,1,True,23.9,30.7,58.0,1012.9,False,1.5,135,laps_2023_monaco_R.csv,86.939
GAS,10,Alpine,78.0,0 days 00:01:26.578000,3.0,INTERMEDIATE,24.0,0 days 02:50:30.961000,1,True,23.9,30.7,58.0,1012.9,False,1.5,135,laps_2023_monaco_R.csv,86.578
SAI,55,Ferrari,78.0,0 days 00:01:26.283000,3.0,INTERMEDIATE,23.0,0 days 02:50:32.285000,1,True,23.9,30.7,58.0,1012.9,False,1.5,135,laps_2023_monaco_R.csv,86.283
SAR,2,Williams,76.0,0 days 00:01:29.076000,4.0,INTERMEDIATE,24.0,0 days 02:50:39.084000,1,True,23.9,30.7,58.0,1012.9,False,1.5,135,laps_2023_monaco_R.csv,89.076
ZHO,24,Alfa Romeo,77.0,0 days 00:01:26.615000,3.0,INTERMEDIATE,25.0,0 days 02:50:40.414000,1,True,23.9,30.7,58.0,1012.9,False,1.5,135,laps_2023_monaco_R.csv,86.615
ALB,23,Williams,77.0,0 days 00:01:27.816000,3.0,INTERMEDIATE,25.0,0 days 02:50:46.571000,1,True,23.9,30.7,58.0,1012.9,False,1.5,135,laps_2023_monaco_R.csv,87.816
