Driver,DriverNumber,Team,LapNumber,LapTime,Stint,Compound,TyreLife,LapStartTime,TrackStatus,IsAccurate,AirTemp,TrackTemp,Humidity,Pressure,Rainfall,WindSpeed,WindDirection
VER,1,Red Bull Racing,1.0,0 days 00:01:45.670000,1.0,MEDIUM,1.0,0 days 00:14:02.793000,126,False,17.9,18.5,47.0,940.0,False,2.7,223
PER,11,Red Bull Racing,1.0,0 days 00:02:04.700000,1.0,MEDIUM,1.0,0 days 00:14:02.793000,126,False,17.9,18.5,47.0,940.0,False,2.7,223
BOT,77,Alfa Romeo,1.0,0 days 00:02:28.494000,1.0,MEDIUM,1.0,0 days 00:14:02.793000,126,False,17.9,18.5,47.0,940.0,False,2.7,223
ALO,14,Aston Martin,1.0,0 days 00:02:24.948000,1.0,MEDIUM,1.0,0 days 00:14:02.793000,126,False,17.9,18.5,47.0,940.0,False,2.7,223
RUS,63,Mercedes,1.0,0 days 00:01:48.990000,1.0,MEDIUM,1.0,0 days 00:14:02.793000,126,False,17.9,18.5,47.0,940.0,False,2.7,223
LEC,16,Ferrari,1.0,0 days 00:01:47.347000,1.0,MEDIUM,1.0,0 days 00:14:02.793000,126,False,17.9,18.5,47.0,940.0,False,2.7,223
SAI,55,Ferrari,1.0,0 days 00:02:20.523000,1.0,MEDIUM,1.0,0 days 00:14:02.793000,126,False,17.9,18.5,47.0,940.0,False,2.7,223
STR,18,Aston Martin,1.0,0 days 00:01:59.754000,1.0,SOFT,5.0,0 days 00:14:02.793000,126,False,17.9,18.5,47.0,940.0,False,2.7,223
PIA,81,McLaren,1.0,0 days 00:02:06.811000,1.0,HARD,2.0,0 days 00:14:02.793000,126,False,17.9,18.5,47.0,940.0,False,2.7,223
HAM,44,Mercedes,1.0,0 days 00:02:14.661000,1.0,HARD,1.0,0 days 00:14:02.793000,126,False,17.9,18.5,47.0,940.0,False,2.7,223
SAR,2,Williams,1.0,0 days 00:01:55.541000,1.0,MEDIUM,1.0,0 days 00:14:02.793000,126,False,17.9,18.5,47.0,940.0,False,2.7,223
OCO,31,Alpine,1.0,0 days 00:01:58.932000,1.0,MEDIUM,1.0,0 days 00:14:02.793000,126,False,17.9,18.5,47.0,940.0,False,2.7,223
MAG,20,Haas F1 Team,1.0,0 days 00:01:56.721000,1.0,MEDIUM,1.0,0 days 00:14:02.793000,126,False,17.9,18.5,47.0,940.0,False,2.7,223
RIC,3,AlphaTauri,1.0,0 days 00:02:16.633000,1.0,MEDIUM,1.0,0 days 00:14:02.793000,126,False,17.9,18.5,47.0,940.0,False,2.7,223
TSU,22,AlphaTauri,1.0,0 days 00:02:05.227000,1.0,SOFT,1.0,0 days 00:14:02.793000,126,False,17.9,18.5,47.0,940.0,False,2.7,223
HUL,27,Haas F1 Team,1.0,0 days 00:02:02.459000,1.0,MEDIUM,1.0,0 days 00:14:02.793000,126,False,17.9,18.5,47.0,940.0,False,2.7,223
ALB,23,Williams,1.0,0 days 00:01:52.364000,1.0,MEDIUM,1.0,0 days 00:14:02.793000,126,False,17.9,18.5,47.0,940.0,False,2.7,223
NOR,4,McLaren,1.0,0 days 00:02:10.362000,1.0,MEDIUM,2.0,0 days 00:14:02.793000,126,False,17.9,18.5,47.0,940.0,False,2.7,223
GAS,10,Alpine,1.0,0 days 00:01:50.543000,1.0,MEDIUM,1.0,0 days 00:14:02.793000,126,False,17.9,18.5,47.0,940.0,False,2.7,223
ZHO,24,Alfa Romeo,1.0,0 days 00:02:18.054000,1.0,HARD,1.0,0 days 00:14:02.793000,126,False,17.9,18.5,47.0,940.0,False,2.7,223
VER,1,Red Bull Racing,2.0,0 days 00:02:13.011000,1.0,MEDIUM,2.0,0 days 00:15:48.731000,671,False,18.0,18.3,47.0,940.0,False,3.5,202
LEC,16,Ferrari,2.0,0 days 00:02:12.973000,1.0,MEDIUM,2.0,0 days 00:15:50.408000,671,False,18.0,18.3,47.0,940.0,False,3.5,202
RUS,63,Mercedes,2.0,0 days 00:02:12.282000,1.0,MEDIUM,2.0,0 days 00:15:52.051000,671,False,18.0,18.3,47.0,940.0,False,3.5,202
GAS,10,Alpine,2.0,0 days 00:02:11.689000,1.0,MEDIUM,2.0,0 days 00:15:53.604000,671,False,18.0,18.3,47.0,940.0,False,3.5,202
ALB,23,Williams,2.0,0 days 00:02:10.827000,1.0,MEDIUM,2.0,0 days 00:15:55.425000,671,False,18.0,18.3,47.0,940.0,False,3.5,202
SAR,2,Williams,2.0,0 days 00:02:08.217000,1.0,MEDIUM,2.0,0 days 00:15:58.602000,671,False,18.0,18.3,47.0,940.0,False,3.5,202
MAG,20,Haas F1 Team,2.0,0 days 00:02:08.237000,1.0,MEDIUM,2.0,0 days 00:15:59.782000,671,False,18.0,18.3,47.0,940.0,False,3.5,202
OCO,31,Alpine,2.0,0 days 00:02:06.961000,1.0,MEDIUM,2.0,0 days 00:16:01.993000,671,False,18.0,18.3,47.0,940.0,False,3.5,202
STR,18,Aston Martin,2.0,0 days 00:02:07.021000,1.0,SOFT,6.0,0 days 00:16:02.815000,671,False,18.0,18.3,47.0,940.0,False,3.5,202
HUL,27,Haas F1 Team,2.0,0 days 00:02:04.852000,1.0,MEDIUM,2.0,0 days 00:16:05.520000,671,False,18.0,18.3,47.0,940.0,False,3.5,202
PER,11,Red Bull Racing,2.0,0 days 00:02:25.089000,2.0,HARD,1.0,0 days 00:16:07.761000,671,False,18.0,18.3,47.0,940.0,False,3.5,202
TSU,22,AlphaTauri,2.0,0 days 00:02:02.828000,1.0,SOFT,2.0,0 days 00:16:08.288000,671,False,18.0,18.3,47.0,940.0,False,3.5,202
PIA,81,McLaren,2.0,0 days 00:02:01.844000,1.0,HARD,3.0,0 days 00:16:09.872000,671,False,18.0,18.3,47.0,940.0,False,3.5,202
NOR,4,McLaren,2.0,0 days 00:01:59.327000,1.0,MEDIUM,3.0,0 days 00:16:13.423000,671,False,18.0,18.3,47.0,940.0,False,3.5,202
HAM,44,Mercedes,2.0,0 days 00:01:56.372000,1.0,HARD,2.0,0 days 00:16:17.722000,671,False,18.0,18.3,47.0,940.0,False,3.5,202
RIC,3,AlphaTauri,2.0,0 days 00:01:56.345000,1.0,MEDIUM,2.0,0 days 00:16:19.694000,671,False,18.0,18.3,47.0,940.0,False,3.5,202
ZHO,24,Alfa Romeo,2.0,0 days 00:01:56.106000,1.0,HARD,2.0,0 days 00:16:21.115000,671,False,18.0,18.3,47.0,940.0,False,3.5,202
SAI,55,Ferrari,2.0,0 days 00:01:53.950000,1.0,MEDIUM,2.0,0 days 00:16:23.584000,671,False,18.0,18.3,47.0,940.0,False,3.5,202
ALO,14,Aston Martin,2.0,0 days 00:02:16.058000,2.0,HARD,2.0,0 days 00:16:28.009000,671,False,18.0,18.3,47.0,940.0,False,3.5,202
BOT,77,Alfa Romeo,2.0,0 days 00:02:27.981000,2.0,HARD,1.0,0 days 00:16:31.555000,671,False,18.0,18.3,47.0,940.0,False,3.5,202
VER,1,Red Bull Racing,3.0,0 days 00:01:49.988000,1.0,MEDIUM,3.0,0 days 00:18:01.742000,124,False,18.0,18.3,47.0,940.0,False,2.5,230
LEC,16,Ferrari,3.0,0 days 00:01:49.263000,1.0,MEDIUM,3.0,0 days 00:18:03.381000,124,False,18.0,18.3,47.0,940.0,False,2.5,230
RUS,63,Mercedes,3.0,0 days 00:01:49.742000,1.0,MEDIUM,3.0,0 days 00:18:04.333000,124,False,18.0,18.3,47.0,940.0,False,2.5,230
GAS,10,Alpine,3.0,0 days 00:01:50.381000,1.0,MEDIUM,3.0,0 days 00:18:05.293000,124,False,18.0,18.3,47.0,940.0,False,2.5,230
ALB,23,Williams,3.0,0 days 00:01:50.764000,1.0,MEDIUM,3.0,0 days 00:18:06.252000,124,False,18.0,18.3,47.0,940.0,False,2.5,230
SAR,2,Williams,3.0,0 days 00:01:52.771000,1.0,MEDIUM,3.0,0 days 00:18:06.819000,124,False,18.0,18.3,47.0,940.0,False,2.5,230
MAG,20,Haas F1 Team,3.0,0 days 00:01:55.236000,1.0,MEDIUM,3.0,0 days 00:18:08.019000,124,False,18.0,18.3,47.0,940.0,False,2.5,230
OCO,31,Alpine,3.0,0 days 00:01:52.693000,1.0,MEDIUM,3.0,0 days 00:18:08.954000,124,False,18.0,18.3,47.0,940.0,False,2.5,230
STR,18,Aston Martin,3.0,0 days 00:01:57.862000,1.0,SOFT,7.0,0 days 00:18:09.836000,124,False,18.0,18.3,47.0,940.0,False,2.5,230
HUL,27,Haas F1 Team,3.0,0 days 00:01:55.664000,1.0,MEDIUM,3.0,0 days 00:18:10.372000,124,False,18.0,18.3,47.0,940.0,False,2.5,230
TSU,22,AlphaTauri,3.0,0 days 00:01:58.278000,1.0,SOFT,3.0,0 days 00:18:11.116000,124,False,18.0,18.3,47.0,940.0,False,2.5,230
PIA,81,McLaren,3.0,0 days 00:01:58.487000,1.0,HARD,4.0,0 days 00:18:11.716000,124,False,18.0,18.3,47.0,940.0,False,2.5,230
NOR,4,McLaren,3.0,,1.0,MEDIUM,4.0,0 days 00:18:12.750000,1,False,18.0,18.3,47.0,940.0,False,2.5,230
HAM,44,Mercedes,3.0,0 days 00:01:57.474000,1.0,HARD,3.0,0 days 00:18:14.094000,124,False,18.0,18.3,47.0,940.0,False,2.5,230
RIC,3,AlphaTauri,3.0,0 days 00:01:58.551000,1.0,MEDIUM,3.0,0 days 00:18:16.039000,124,False,18.0,18.3,47.0,940.0,False,2.5,230
ZHO,24,Alfa Romeo,3.0,0 days 00:01:59.075000,1.0,HARD,3.0,0 days 00:18:17.221000,124,False,18.0,18.3,47.0,940.0,False,2.5,230
SAI,55,Ferrari,3.0,0 days 00:02:03.387000,1.0,MEDIUM,3.0,0 days 00:18:17.534000,124,False,18.0,18.3,47.0,940.0,False,2.5,230
PER,11,Red Bull Racing,3.0,0 days 00:01:59.273000,2.0,HARD,2.0,0 days 00:18:32.850000,124,False,18.0,18.3,47.0,940.0,False,2.5,230
ALO,14,Aston Martin,3.0,0 days 00:02:00.953000,2.0,HARD,3.0,0 days 00:18:44.067000,124,False,18.0,18.3,47.0,940.0,False,2.2,209
BOT,77,Alfa Romeo,3.0,0 days 00:02:08.339000,2.0,HARD,2.0,0 days 00:18:59.536000,124,False,18.0,18.3,47.0,940.0,False,2.2,209
VER,1,Red Bull Racing,4.0,,1.0,MEDIUM,4.0,0 days 00:19:51.730000,4,False,18.1,18.3,47.0,940.0,False,1.3,228
LEC,16,Ferrari,4.0,,1.0,MEDIUM,4.0,0 days 00:19:52.644000,4,False,18.1,18.3,47.0,940.0,False,1.3,228
RUS,63,Mercedes,4.0,,1.0,MEDIUM,4.0,0 days 00:19:54.075000,4,False,18.1,18.3,47.0,940.0,False,1.3,228
GAS,10,Alpine,4.0,,1.0,MEDIUM,4.0,0 days 00:19:55.674000,4,False,18.1,18.3,47.0,940.0,False,1.3,228
ALB,23,Williams,4.0,,1.0,MEDIUM,4.0,0 days 00:19:57.016000,4,False,18.1,18.3,47.0,940.0,False,1.3,228
SAR,2,Williams,4.0,,1.0,MEDIUM,4.0,0 days 00:19:59.590000,4,False,18.1,18.3,47.0,940.0,False,1.3,228
OCO,31,Alpine,4.0,,1.0,MEDIUM,4.0,0 days 00:20:01.647000,4,False,18.1,18.3,47.0,940.0,False,1.3,228
MAG,20,Haas F1 Team,4.0,,1.0,MEDIUM,4.0,0 days 00:20:03.255000,4,False,18.1,18.3,47.0,940.0,False,1.3,228
HUL,27,Haas F1 Team,4.0,,1.0,MEDIUM,4.0,0 days 00:20:06.036000,4,False,18.1,18.3,47.0,940.0,False,1.3,228
STR,18,Aston Martin,4.0,,2.0,HARD,2.0,0 days 00:20:07.698000,4,False,18.1,18.3,47.0,940.0,False,1.3,228
TSU,22,AlphaTauri,4.0,,1.0,SOFT,4.0,0 days 00:20:09.394000,4,False,18.1,18.3,47.0,940.0,False,1.3,228
PIA,81,McLaren,4.0,,1.0,HARD,5.0,0 days 00:20:10.203000,4,False,18.1,18.3,47.0,940.0,False,1.3,228
HAM,44,Mercedes,4.0,,1.0,HARD,4.0,0 days 00:20:11.568000,4,False,18.1,18.3,47.0,940.0,False,1.3,228
RIC,3,AlphaTauri,4.0,,1.0,MEDIUM,4.0,0 days 00:20:14.590000,4,False,18.1,18.3,47.0,940.0,False,1.3,228
ZHO,24,Alfa Romeo,4.0,,1.0,HARD,4.0,0 days 00:20:16.296000,4,False,18.1,18.3,47.0,940.0,False,1.3,228
SAI,55,Ferrari,4.0,,2.0,HARD,1.0,0 days 00:20:20.921000,4,False,18.1,18.3,47.0,940.0,False,1.3,228
PER,11,Red Bull Racing,4.0,,2.0,HARD,3.0,0 days 00:20:32.123000,4,False,18.1,18.3,47.0,940.0,False,1.3,228
ALO,14,Aston Martin,4.0,,2.0,HARD,4.0,0 days 00:20:45.020000,4,False,18.1,18.2,47.0,940.0,False,2.2,220
BOT,77,Alfa Romeo,4.0,0 days 00:02:17.003000,2.0,HARD,3.0,0 days 00:21:07.875000,4,False,18.1,18.2,47.0,940.0,False,2.2,220
VER,1,Red Bull Racing,5.0,,1.0,MEDIUM,5.0,0 days 00:22:57.526000,4,False,18.1,18.2,47.0,939.9,False,3.0,160
LEC,16,Ferrari,5.0,,1.0,MEDIUM,5.0,0 days 00:22:58.716000,4,False,18.1,18.2,47.0,939.9,False,3.0,160
RUS,63,Mercedes,5.0,,1.0,MEDIUM,5.0,0 days 00:22:59.449000,4,False,18.1,18.2,47.0,939.9,False,3.0,160
GAS,10,Alpine,5.0,,1.0,MEDIUM,5.0,0 days 00:23:00.473000,4,False,18.1,18.2,47.0,939.9,False,3.0,160
ALB,23,Williams,5.0,,1.0,MEDIUM,5.0,0 days 00:23:01.756000,4,False,18.1,18.2,47.0,939.9,False,3.0,160
SAR,2,Williams,5.0,,1.0,MEDIUM,5.0,0 days 00:23:03.173000,4,False,18.1,18.2,47.0,939.9,False,3.0,160
OCO,31,Alpine,5.0,,1.0,MEDIUM,5.0,0 days 00:23:04.417000,4,False,18.1,18.2,47.0,939.9,False,3.0,160
MAG,20,Haas F1 Team,5.0,,1.0,MEDIUM,5.0,0 days 00:23:05.905000,4,False,18.1,18.2,47.0,939.9,False,3.0,160
HUL,27,Haas F1 Team,5.0,,1.0,MEDIUM,5.0,0 days 00:23:06.735000,4,False,18.1,18.2,47.0,939.9,False,3.0,160
TSU,22,AlphaTauri,5.0,,1.0,SOFT,5.0,0 days 00:23:08.095000,4,False,18.1,18.2,47.0,939.9,False,3.0,160
PIA,81,McLaren,5.0,,1.0,HARD,6.0,0 days 00:23:09.540000,4,False,18.1,18.2,47.0,939.9,False,3.0,160
HAM,44,Mercedes,5.0,,1.0,HARD,5.0,0 days 00:23:10.539000,4,False,18.1,18.2,47.0,939.9,False,3.0,160
RIC,3,AlphaTauri,5.0,,1.0,MEDIUM,5.0,0 days 00:23:11.823000,4,False,18.1,18.2,47.0,939.9,False,3.0,160
ZHO,24,Alfa Romeo,5.0,,1.0,HARD,5.0,0 days 00:23:13.582000,4,False,18.1,18.2,47.0,939.9,False,3.0,160
STR,18,Aston Martin,5.0,,2.0,HARD,3.0,0 days 00:23:15.265000,4,False,18.1,18.2,47.0,939.9,False,3.0,160
PER,11,Red Bull Racing,5.0,,2.0,HARD,4.0,0 days 00:23:17.461000,4,False,18.1,18.2,47.0,939.9,False,3.0,160
SAI,55,Ferrari,5.0,,2.0,HARD,2.0,0 days 00:23:18.895000,4,False,18.1,18.2,47.0,939.9,False,3.0,160
ALO,14,Aston Martin,5.0,,2.0,HARD,5.0,0 days 00:23:20.912000,4,False,18.1,18.2,47.0,939.9,False,3.0,160
BOT,77,Alfa Romeo,5.0,,2.0,HARD,4.0,0 days 00:23:24.878000,4,False,18.1,18.2,47.0,939.9,False,3.0,160
VER,1,Red Bull Racing,6.0,,1.0,MEDIUM,6.0,0 days 00:25:45.176000,41,False,18.0,18.2,47.0,940.0,False,3.5,217
LEC,16,Ferrari,6.0,,1.0,MEDIUM,6.0,0 days 00:25:46.249000,41,False,18.0,18.2,47.0,940.0,False,3.5,217
RUS,63,Mercedes,6.0,,1.0,MEDIUM,6.0,0 days 00:25:47.348000,41,False,18.0,18.2,47.0,940.0,False,3.5,217
GAS,10,Alpine,6.0,,1.0,MEDIUM,6.0,0 days 00:25:48.936000,41,False,18.0,18.2,47.0,940.0,False,3.5,217
ALB,23,Williams,6.0,,1.0,MEDIUM,6.0,0 days 00:25:50.085000,41,False,18.0,18.2,47.0,940.0,False,3.5,217
SAR,2,Williams,6.0,,1.0,MEDIUM,6.0,0 days 00:25:51.030000,41,False,18.0,18.2,47.0,940.0,False,3.5,217
OCO,31,Alpine,6.0,,1.0,MEDIUM,6.0,0 days 00:25:52.251000,41,False,18.0,18.2,47.0,940.0,False,3.5,217
MAG,20,Haas F1 Team,6.0,,1.0,MEDIUM,6.0,0 days 00:25:54.194000,41,False,18.0,18.2,47.0,940.0,False,3.5,217
HUL,27,Haas F1 Team,6.0,,1.0,MEDIUM,6.0,0 days 00:25:55.040000,41,False,18.0,18.2,47.0,940.0,False,3.5,217
TSU,22,AlphaTauri,6.0,,1.0,SOFT,6.0,0 days 00:25:56.419000,41,False,18.0,18.2,47.0,940.0,False,3.5,217
PIA,81,McLaren,6.0,,1.0,HARD,7.0,0 days 00:25:57.459000,41,False,18.0,18.2,47.0,940.0,False,3.5,217
HAM,44,Mercedes,6.0,,1.0,HARD,6.0,0 days 00:26:00.258000,41,False,18.0,18.2,47.0,940.0,False,3.5,217
RIC,3,AlphaTauri,6.0,,1.0,MEDIUM,6.0,0 days 00:26:01.815000,41,False,18.0,18.2,47.0,940.0,False,3.5,217
ZHO,24,Alfa Romeo,6.0,,1.0,HARD,6.0,0 days 00:26:04.006000,41,False,18.0,18.2,47.0,940.0,False,3.5,217
STR,18,Aston Martin,6.0,0 days 00:02:29.373000,2.0,HARD,4.0,0 days 00:26:05.675000,41,False,18.0,18.2,47.0,940.0,False,3.5,217
PER,11,Red Bull Racing,6.0,0 days 00:02:27.131000,2.0,HARD,5.0,0 days 00:26:08.337000,41,False,18.0,18.2,47.0,940.0,False,3.5,217
SAI,55,Ferrari,6.0,0 days 00:02:26.652000,2.0,HARD,3.0,0 days 00:26:09.247000,41,False,18.0,18.2,47.0,940.0,False,3.5,217
ALO,14,Aston Martin,6.0,0 days 00:02:24.971000,2.0,HARD,6.0,0 days 00:26:11.114000,41,False,18.0,18.2,47.0,940.0,False,3.5,217
BOT,77,Alfa Romeo,6.0,0 days 00:02:23.855000,2.0,HARD,5.0,0 days 00:26:13.605000,41,False,18.0,18.2,47.0,940.0,False,3.5,217
VER,1,Red Bull Racing,7.0,0 days 00:01:40.785000,1.0,MEDIUM,7.0,0 days 00:28:26.574000,1,True,18.0,18.1,47.0,939.9,False,2.2,220
LEC,16,Ferrari,7.0,0 days 00:01:41.488000,1.0,MEDIUM,7.0,0 days 00:28:27.740000,1,True,18.0,18.1,47.0,939.9,False,2.2,220
RUS,63,Mercedes,7.0,0 days 00:01:42.057000,1.0,MEDIUM,7.0,0 days 00:28:28.237000,1,True,18.0,18.1,47.0,939.9,False,2.2,220
GAS,10,Alpine,7.0,0 days 00:01:42.346000,1.0,MEDIUM,7.0,0 days 00:28:28.742000,1,True,18.0,18.1,47.0,939.9,False,2.2,220
ALB,23,Williams,7.0,0 days 00:01:42.484000,1.0,MEDIUM,7.0,0 days 00:28:29.176000,1,True,18.0,18.1,47.0,939.9,False,2.2,220
SAR,2,Williams,7.0,0 days 00:01:42.737000,1.0,MEDIUM,7.0,0 days 00:28:29.846000,1,True,18.0,18.1,47.0,939.9,False,2.2,220
MAG,20,Haas F1 Team,7.0,0 days 00:01:43.315000,1.0,MEDIUM,7.0,0 days 00:28:30.447000,1,True,18.0,18.1,47.0,939.9,False,2.2,220
OCO,31,Alpine,7.0,0 days 00:01:43.395000,1.0,MEDIUM,7.0,0 days 00:28:30.834000,1,True,18.0,18.1,47.0,939.9,False,2.2,220
HUL,27,Haas F1 Team,7.0,0 days 00:01:43.232000,1.0,MEDIUM,7.0,0 days 00:28:31.529000,1,True,18.0,18.1,47.0,939.9,False,2.2,220
TSU,22,AlphaTauri,7.0,0 days 00:01:43.863000,1.0,SOFT,7.0,0 days 00:28:32.154000,1,True,18.0,18.1,47.0,939.9,False,2.2,220
PIA,81,McLaren,7.0,0 days 00:01:42.831000,1.0,HARD,8.0,0 days 00:28:32.219000,1,True,18.0,18.1,47.0,939.9,False,2.2,220
HAM,44,Mercedes,7.0,0 days 00:01:43.391000,1.0,HARD,7.0,0 days 00:28:32.680000,1,True,18.0,18.1,47.0,939.9,False,2.2,220
RIC,3,AlphaTauri,7.0,0 days 00:01:44.744000,1.0,MEDIUM,7.0,0 days 00:28:33.769000,1,True,18.0,18.1,47.0,939.9,False,2.2,220
ZHO,24,Alfa Romeo,7.0,0 days 00:01:43.063000,1.0,HARD,7.0,0 days 00:28:34.175000,1,True,18.0,18.1,47.0,939.9,False,2.2,220
STR,18,Aston Martin,7.0,0 days 00:01:43.790000,2.0,HARD,5.0,0 days 00:28:35.048000,1,True,18.0,18.1,47.0,939.9,False,2.2,220
PER,11,Red Bull Racing,7.0,0 days 00:01:44.233000,2.0,HARD,6.0,0 days 00:28:35.468000,1,True,18.0,18.1,47.0,939.9,False,2.2,220
SAI,55,Ferrari,7.0,0 days 00:01:44.550000,2.0,HARD,4.0,0 days 00:28:35.899000,1,True,18.0,18.1,47.0,939.9,False,2.2,220
ALO,14,Aston Martin,7.0,0 days 00:01:44.117000,2.0,HARD,7.0,0 days 00:28:36.085000,1,True,18.0,18.1,47.0,939.9,False,2.2,220
BOT,77,Alfa Romeo,7.0,0 days 00:01:44.451000,2.0,HARD,6.0,0 days 00:28:37.460000,1,True,18.0,18.2,47.0,940.0,False,2.4,223
VER,1,Red Bull Racing,8.0,0 days 00:01:40.142000,1.0,MEDIUM,8.0,0 days 00:30:07.359000,1,True,18.0,18.2,47.0,940.0,False,3.4,227
LEC,16,Ferrari,8.0,0 days 00:01:40.393000,1.0,MEDIUM,8.0,0 days 00:30:09.228000,1,True,18.0,18.2,47.0,940.0,False,3.4,227
RUS,63,Mercedes,8.0,0 days 00:01:40.687000,1.0,MEDIUM,8.0,0 days 00:30:10.294000,1,True,18.0,18.2,47.0,940.0,False,3.4,227
GAS,10,Alpine,8.0,0 days 00:01:40.560000,1.0,MEDIUM,8.0,0 days 00:30:11.088000,1,True,18.0,18.2,47.0,940.0,False,3.4,227
ALB,23,Williams,8.0,0 days 00:01:40.682000,1.0,MEDIUM,8.0,0 days 00:30:11.660000,1,True,18.0,18.2,47.0,940.0,False,3.4,227
SAR,2,Williams,8.0,0 days 00:01:40.817000,1.0,MEDIUM,8.0,0 days 00:30:12.583000,1,True,18.0,18.2,47.0,940.0,False,3.4,227
MAG,20,Haas F1 Team,8.0,0 days 00:01:41.379000,1.0,MEDIUM,8.0,0 days 00:30:13.762000,1,True,18.0,18.2,47.0,940.0,False,3.4,227
OCO,31,Alpine,8.0,0 days 00:01:41.013000,1.0,MEDIUM,8.0,0 days 00:30:14.229000,1,True,18.0,18.2,47.0,940.0,False,3.4,227
HUL,27,Haas F1 Team,8.0,0 days 00:01:42.010000,1.0,MEDIUM,8.0,0 days 00:30:14.761000,1,True,18.0,18.2,47.0,940.0,False,3.4,227
PIA,81,McLaren,8.0,0 days 00:01:40.924000,1.0,HARD,9.0,0 days 00:30:15.050000,1,True,18.0,18.2,47.0,940.0,False,3.4,227
TSU,22,AlphaTauri,8.0,0 days 00:01:42.303000,1.0,SOFT,8.0,0 days 00:30:16.017000,1,True,18.0,18.2,47.0,940.0,False,3.4,227
HAM,44,Mercedes,8.0,0 days 00:01:41.204000,1.0,HARD,8.0,0 days 00:30:16.071000,1,True,18.0,18.2,47.0,940.0,False,3.4,227
ZHO,24,Alfa Romeo,8.0,0 days 00:01:41.996000,1.0,HARD,8.0,0 days 00:30:17.238000,1,True,18.0,18.2,47.0,940.0,False,3.4,227
RIC,3,AlphaTauri,8.0,0 days 00:01:41.633000,1.0,MEDIUM,8.0,0 days 00:30:18.513000,1,True,18.0,18.2,47.0,940.0,False,3.4,227
STR,18,Aston Martin,8.0,0 days 00:01:41.768000,2.0,HARD,6.0,0 days 00:30:18.838000,1,True,18.0,18.2,47.0,940.0,False,3.4,227
PER,11,Red Bull Racing,8.0,0 days 00:01:41.395000,2.0,HARD,7.0,0 days 00:30:19.701000,1,True,18.0,18.2,47.0,940.0,False,3.4,227
ALO,14,Aston Martin,8.0,0 days 00:01:41.247000,2.0,HARD,8.0,0 days 00:30:20.202000,1,True,18.0,18.2,47.0,940.0,False,3.4,227
SAI,55,Ferrari,8.0,0 days 00:01:41.704000,2.0,HARD,5.0,0 days 00:30:20.449000,1,True,18.0,18.2,47.0,940.0,False,3.4,227
BOT,77,Alfa Romeo,8.0,0 days 00:01:42.159000,2.0,HARD,7.0,0 days 00:30:21.911000,1,True,18.0,18.2,47.0,940.0,False,3.4,227
VER,1,Red Bull Racing,9.0,0 days 00:01:39.669000,1.0,MEDIUM,9.0,0 days 00:31:47.501000,1,True,18.1,18.1,47.0,939.9,False,2.4,197
LEC,16,Ferrari,9.0,0 days 00:01:39.755000,1.0,MEDIUM,9.0,0 days 00:31:49.621000,1,True,18.1,18.1,47.0,939.9,False,2.4,197
RUS,63,Mercedes,9.0,0 days 00:01:39.561000,1.0,MEDIUM,9.0,0 days 00:31:50.981000,1,True,18.1,18.1,47.0,939.9,False,2.4,197
GAS,10,Alpine,9.0,0 days 00:01:39.677000,1.0,MEDIUM,9.0,0 days 00:31:51.648000,1,True,18.1,18.1,47.0,939.9,False,2.4,197
ALB,23,Williams,9.0,0 days 00:01:40.370000,1.0,MEDIUM,9.0,0 days 00:31:52.342000,1,True,18.1,18.1,47.0,939.9,False,2.4,197
SAR,2,Williams,9.0,0 days 00:01:40.229000,1.0,MEDIUM,9.0,0 days 00:31:53.400000,1,True,18.1,18.1,47.0,939.9,False,2.4,197
MAG,20,Haas F1 Team,9.0,0 days 00:01:41.079000,1.0,MEDIUM,9.0,0 days 00:31:55.141000,1,True,18.1,18.1,47.0,939.9,False,2.4,197
OCO,31,Alpine,9.0,0 days 00:01:40.316000,1.0,MEDIUM,9.0,0 days 00:31:55.242000,1,True,18.1,18.1,47.0,939.9,False,2.4,197
PIA,81,McLaren,9.0,0 days 00:01:40.339000,1.0,HARD,10.0,0 days 00:31:55.974000,1,True,18.1,18.1,47.0,939.9,False,2.4,197
HUL,27,Haas F1 Team,9.0,0 days 00:01:40.422000,1.0,MEDIUM,9.0,0 days 00:31:56.771000,1,True,18.1,18.1,47.0,939.9,False,2.4,197
HAM,44,Mercedes,9.0,0 days 00:01:40.116000,1.0,HARD,9.0,0 days 00:31:57.275000,1,True,18.1,18.1,47.0,939.9,False,2.4,197
TSU,22,AlphaTauri,9.0,0 days 00:01:41.561000,1.0,SOFT,9.0,0 days 00:31:58.320000,1,True,18.1,18.1,47.0,939.9,False,2.4,197
ZHO,24,Alfa Romeo,9.0,0 days 00:01:40.813000,1.0,HARD,9.0,0 days 00:31:59.234000,1,True,18.1,18.1,47.0,939.9,False,2.4,197
RIC,3,AlphaTauri,9.0,0 days 00:01:40.435000,1.0,MEDIUM,9.0,0 days 00:32:00.146000,1,True,18.1,18.1,47.0,939.9,False,2.4,197
STR,18,Aston Martin,9.0,0 days 00:01:40.346000,2.0,HARD,7.0,0 days 00:32:00.606000,1,True,18.1,18.1,47.0,939.9,False,2.4,197
PER,11,Red Bull Racing,9.0,0 days 00:01:40.012000,2.0,HARD,8.0,0 days 00:32:01.096000,1,True,18.1,18.1,47.0,939.9,False,2.4,197
ALO,14,Aston Martin,9.0,0 days 00:01:40.477000,2.0,HARD,9.0,0 days 00:32:01.449000,1,True,18.1,18.1,47.0,939.9,False,2.4,197
SAI,55,Ferrari,9.0,0 days 00:01:40.334000,2.0,HARD,6.0,0 days 00:32:02.153000,1,True,18.1,18.1,47.0,939.9,False,2.4,197
BOT,77,Alfa Romeo,9.0,0 days 00:01:41.377000,2.0,HARD,8.0,0 days 00:32:04.070000,1,True,18.1,18.1,47.0,939.9,False,2.4,197
VER,1,Red Bull Racing,10.0,0 days 00:01:39.484000,1.0,MEDIUM,10.0,0 days 00:33:27.170000,1,True,18.1,18.1,47.0,939.9,False,2.7,216
LEC,16,Ferrari,10.0,0 days 00:01:39.107000,1.0,MEDIUM,10.0,0 days 00:33:29.376000,1,True,18.1,18.1,47.0,939.9,False,2.7,216
RUS,63,Mercedes,10.0,0 days 00:01:39.516000,1.0,MEDIUM,10.0,0 days 00:33:30.542000,1,True,18.1,18.1,47.0,939.9,False,2.7,216
GAS,10,Alpine,10.0,0 days 00:01:39.005000,1.0,MEDIUM,10.0,0 days 00:33:31.325000,1,True,18.1,18.1,47.0,939.9,False,2.7,216
ALB,23,Williams,10.0,0 days 00:01:40.097000,1.0,MEDIUM,10.0,0 days 00:33:32.712000,1,True,18.1,18.1,47.0,939.9,False,2.7,216
SAR,2,Williams,10.0,0 days 00:01:40.171000,1.0,MEDIUM,10.0,0 days 00:33:33.629000,1,True,18.1,18.1,47.0,939.9,False,2.7,216
OCO,31,Alpine,10.0,0 days 00:01:39.728000,1.0,MEDIUM,10.0,0 days 00:33:35.558000,1,True,18.1,18.1,47.0,939.9,False,2.7,216
MAG,20,Haas F1 Team,10.0,0 days 00:01:41.089000,1.0,MEDIUM,10.0,0 days 00:33:36.220000,1,True,18.1,18.1,47.0,939.9,False,2.7,216
PIA,81,McLaren,10.0,0 days 00:01:40.348000,1.0,HARD,11.0,0 days 00:33:36.313000,1,True,18.1,18.1,47.0,939.9,False,2.7,216
HUL,27,Haas F1 Team,10.0,0 days 00:01:41.668000,1.0,MEDIUM,10.0,0 days 00:33:37.193000,1,True,18.1,18.0,48.0,939.9,False,2.5,224
HAM,44,Mercedes,10.0,0 days 00:01:40.110000,1.0,HARD,10.0,0 days 00:33:37.391000,1,True,18.1,18.0,48.0,939.9,False,2.5,224
TSU,22,AlphaTauri,10.0,0 days 00:01:48.267000,1.0,SOFT,10.0,0 days 00:33:39.881000,1,False,18.1,18.0,48.0,939.9,False,2.5,224
ZHO,24,Alfa Romeo,10.0,0 days 00:01:39.733000,1.0,HARD,10.0,0 days 00:33:40.047000,1,True,18.1,18.0,48.0,939.9,False,2.5,224
RIC,3,AlphaTauri,10.0,0 days 00:01:41.588000,1.0,MEDIUM,10.0,0 days 00:33:40.581000,1,True,18.1,18.0,48.0,939.9,False,2.5,224
STR,18,Aston Martin,10.0,0 days 00:01:42.360000,2.0,HARD,8.0,0 days 00:33:40.952000,1,True,18.1,18.0,48.0,939.9,False,2.5,224
PER,11,Red Bull Racing,10.0,0 days 00:01:41.988000,2.0,HARD,9.0,0 days 00:33:41.108000,1,True,18.1,18.0,48.0,939.9,False,2.5,224
ALO,14,Aston Martin,10.0,0 days 00:01:41.680000,2.0,HARD,10.0,0 days 00:33:41.926000,1,True,18.1,18.0,48.0,939.9,False,2.5,224
SAI,55,Ferrari,10.0,0 days 00:01:41.345000,2.0,HARD,7.0,0 days 00:33:42.487000,1,True,18.1,18.0,48.0,939.9,False,2.5,224
BOT,77,Alfa Romeo,10.0,0 days 00:01:41.854000,2.0,HARD,9.0,0 days 00:33:45.447000,1,True,18.1,18.0,48.0,939.9,False,2.5,224
VER,1,Red Bull Racing,11.0,0 days 00:01:38.763000,1.0,MEDIUM,11.0,0 days 00:35:06.654000,1,True,18.1,17.9,48.0,940.0,False,2.7,234
LEC,16,Ferrari,11.0,0 days 00:01:38.843000,1.0,MEDIUM,11.0,0 days 00:35:08.483000,1,True,18.1,17.9,48.0,940.0,False,2.7,234
RUS,63,Mercedes,11.0,0 days 00:01:39.110000,1.0,MEDIUM,11.0,0 days 00:35:10.058000,1,True,18.1,17.9,48.0,940.0,False,2.7,234
GAS,10,Alpine,11.0,0 days 00:01:39.446000,1.0,MEDIUM,11.0,0 days 00:35:10.330000,1,True,18.1,17.9,48.0,940.0,False,2.7,234
ALB,23,Williams,11.0,0 days 00:01:39.964000,1.0,MEDIUM,11.0,0 days 00:35:12.809000,1,True,18.1,17.9,48.0,940.0,False,2.7,234
SAR,2,Williams,11.0,0 days 00:01:39.887000,1.0,MEDIUM,11.0,0 days 00:35:13.800000,1,True,18.1,17.9,48.0,940.0,False,2.7,234
OCO,31,Alpine,11.0,0 days 00:01:39.513000,1.0,MEDIUM,11.0,0 days 00:35:15.286000,1,True,18.1,17.9,48.0,940.0,False,2.7,234
PIA,81,McLaren,11.0,0 days 00:01:40.003000,1.0,HARD,12.0,0 days 00:35:16.661000,1,True,18.1,17.9,48.0,940.0,False,2.7,234
MAG,20,Haas F1 Team,11.0,0 days 00:01:40.803000,1.0,MEDIUM,11.0,0 days 00:35:17.309000,1,True,18.1,17.9,48.0,940.0,False,2.7,234
HAM,44,Mercedes,11.0,0 days 00:01:40.111000,1.0,HARD,11.0,0 days 00:35:17.501000,1,True,18.1,17.9,48.0,940.0,False,2.7,234
HUL,27,Haas F1 Team,11.0,0 days 00:01:41.921000,1.0,MEDIUM,11.0,0 days 00:35:18.861000,1,True,18.1,17.9,48.0,940.0,False,2.7,234
ZHO,24,Alfa Romeo,11.0,0 days 00:01:40.064000,1.0,HARD,11.0,0 days 00:35:19.780000,1,True,18.1,17.9,48.0,940.0,False,2.7,234
RIC,3,AlphaTauri,11.0,0 days 00:01:40.862000,1.0,MEDIUM,11.0,0 days 00:35:22.169000,1,True,18.1,17.9,48.0,940.0,False,2.7,234
PER,11,Red Bull Racing,11.0,0 days 00:01:39.311000,2.0,HARD,10.0,0 days 00:35:23.096000,1,True,18.1,17.9,48.0,940.0,False,2.7,234
STR,18,Aston Martin,11.0,0 days 00:01:40.009000,2.0,HARD,9.0,0 days 00:35:23.312000,1,True,18.1,17.9,48.0,940.0,False,2.7,234
ALO,14,Aston Martin,11.0,0 days 00:01:40.779000,2.0,HARD,11.0,0 days 00:35:23.606000,1,True,18.1,17.9,48.0,940.0,False,2.7,234
SAI,55,Ferrari,11.0,0 days 00:01:39.953000,2.0,HARD,8.0,0 days 00:35:23.832000,1,True,18.1,17.9,48.0,940.0,False,2.7,234
BOT,77,Alfa Romeo,11.0,0 days 00:01:40.763000,2.0,HARD,10.0,0 days 00:35:27.301000,1,True,18.1,17.9,48.0,940.0,False,2.7,234
TSU,22,AlphaTauri,11.0,0 days 00:01:59.180000,2.0,MEDIUM,1.0,0 days 00:35:28.148000,1,False,18.1,17.9,48.0,940.0,False,2.7,234
VER,1,Red Bull Racing,12.0,0 days 00:01:38.773000,1.0,MEDIUM,12.0,0 days 00:36:45.417000,1,True,18.1,17.8,48.0,939.9,False,2.5,228
LEC,16,Ferrari,12.0,0 days 00:01:38.955000,1.0,MEDIUM,12.0,0 days 00:36:47.326000,1,True,18.1,17.8,48.0,939.9,False,2.5,228
RUS,63,Mercedes,12.0,0 days 00:01:38.779000,1.0,MEDIUM,12.0,0 days 00:36:49.168000,1,True,18.1,17.8,48.0,939.9,False,2.5,228
GAS,10,Alpine,12.0,0 days 00:01:39.088000,1.0,MEDIUM,12.0,0 days 00:36:49.776000,1,True,18.1,17.8,48.0,939.9,False,2.5,228
ALB,23,Williams,12.0,0 days 00:01:39.283000,1.0,MEDIUM,12.0,0 days 00:36:52.773000,1,True,18.1,17.8,48.0,939.9,False,2.5,228
SAR,2,Williams,12.0,0 days 00:01:39.357000,1.0,MEDIUM,12.0,0 days 00:36:53.687000,1,True,18.1,17.8,48.0,939.9,False,2.5,228
OCO,31,Alpine,12.0,0 days 00:01:39.349000,1.0,MEDIUM,12.0,0 days 00:36:54.799000,1,True,18.1,17.8,48.0,939.9,False,2.5,228
PIA,81,McLaren,12.0,0 days 00:01:39.030000,1.0,HARD,13.0,0 days 00:36:56.664000,1,True,18.1,17.8,48.0,939.9,False,2.5,228
HAM,44,Mercedes,12.0,0 days 00:01:38.900000,1.0,HARD,12.0,0 days 00:36:57.612000,1,True,18.1,17.8,48.0,939.9,False,2.5,228
MAG,20,Haas F1 Team,12.0,0 days 00:01:39.917000,1.0,MEDIUM,12.0,0 days 00:36:58.112000,1,True,18.1,17.8,48.0,939.9,False,2.5,228
ZHO,24,Alfa Romeo,12.0,0 days 00:01:39.655000,1.0,HARD,12.0,0 days 00:36:59.844000,1,True,18.1,17.8,48.0,939.9,False,2.5,228
HUL,27,Haas F1 Team,12.0,0 days 00:01:45.802000,1.0,MEDIUM,12.0,0 days 00:37:00.782000,1,False,18.1,17.8,48.0,939.9,False,2.5,228
PER,11,Red Bull Racing,12.0,0 days 00:01:39.174000,2.0,HARD,11.0,0 days 00:37:02.407000,1,True,18.1,17.8,48.0,939.9,False,2.5,228
RIC,3,AlphaTauri,12.0,0 days 00:01:40.804000,1.0,MEDIUM,12.0,0 days 00:37:03.031000,1,True,18.1,17.8,48.0,939.9,False,2.5,228
STR,18,Aston Martin,12.0,0 days 00:01:39.732000,2.0,HARD,10.0,0 days 00:37:03.321000,1,True,18.1,17.8,48.0,939.9,False,2.5,228
SAI,55,Ferrari,12.0,0 days 00:01:40.232000,2.0,HARD,9.0,0 days 00:37:03.785000,1,True,18.1,17.8,48.0,939.9,False,2.5,228
ALO,14,Aston Martin,12.0,0 days 00:01:40.034000,2.0,HARD,12.0,0 days 00:37:04.385000,1,True,18.1,17.8,48.0,939.9,False,2.5,228
BOT,77,Alfa Romeo,12.0,0 days 00:01:40.510000,2.0,HARD,11.0,0 days 00:37:08.064000,1,True,18.1,17.8,48.0,939.9,False,2.5,228
TSU,22,AlphaTauri,12.0,0 days 00:01:40.181000,2.0,MEDIUM,2.0,0 days 00:37:27.328000,1,True,18.1,17.8,48.0,939.9,False,2.5,228
VER,1,Red Bull Racing,13.0,0 days 00:01:38.759000,1.0,MEDIUM,13.0,0 days 00:38:24.190000,1,True,18.1,17.8,48.0,939.9,False,2.0,190
LEC,16,Ferrari,13.0,0 days 00:01:38.604000,1.0,MEDIUM,13.0,0 days 00:38:26.281000,1,True,18.1,17.8,48.0,939.9,False,2.0,190
RUS,63,Mercedes,13.0,0 days 00:01:39.004000,1.0,MEDIUM,13.0,0 days 00:38:27.947000,1,True,18.1,17.8,48.0,939.9,False,2.0,190
GAS,10,Alpine,13.0,0 days 00:01:39.410000,1.0,MEDIUM,13.0,0 days 00:38:28.864000,1,True,18.1,17.8,48.0,939.9,False,2.0,190
ALB,23,Williams,13.0,0 days 00:01:39.733000,1.0,MEDIUM,13.0,0 days 00:38:32.056000,1,True,18.1,17.8,48.0,939.9,False,2.0,190
SAR,2,Williams,13.0,0 days 00:01:39.693000,1.0,MEDIUM,13.0,0 days 00:38:33.044000,1,True,18.1,17.8,48.0,939.9,False,2.0,190
OCO,31,Alpine,13.0,0 days 00:01:39.263000,1.0,MEDIUM,13.0,0 days 00:38:34.148000,1,True,18.1,17.8,48.0,939.9,False,2.0,190
PIA,81,McLaren,13.0,0 days 00:01:38.635000,1.0,HARD,14.0,0 days 00:38:35.694000,1,True,18.1,17.8,48.0,939.9,False,2.0,190
HAM,44,Mercedes,13.0,0 days 00:01:38.495000,1.0,HARD,13.0,0 days 00:38:36.512000,1,True,18.1,17.8,48.0,939.9,False,2.0,190
MAG,20,Haas F1 Team,13.0,0 days 00:01:39.792000,1.0,MEDIUM,13.0,0 days 00:38:38.029000,1,True,18.1,17.8,49.0,939.9,False,0.8,235
ZHO,24,Alfa Romeo,13.0,0 days 00:01:39.466000,1.0,HARD,13.0,0 days 00:38:39.499000,1,True,18.1,17.8,49.0,939.9,False,0.8,235
PER,11,Red Bull Racing,13.0,0 days 00:01:38.319000,2.0,HARD,12.0,0 days 00:38:41.581000,1,True,18.1,17.8,49.0,939.9,False,0.8,235
STR,18,Aston Martin,13.0,0 days 00:01:39.056000,2.0,HARD,11.0,0 days 00:38:43.053000,1,True,18.1,17.8,49.0,939.9,False,0.8,235
RIC,3,AlphaTauri,13.0,0 days 00:01:41.959000,1.0,MEDIUM,13.0,0 days 00:38:43.835000,1,True,18.1,17.8,49.0,939.9,False,0.8,235
SAI,55,Ferrari,13.0,0 days 00:01:39.737000,2.0,HARD,10.0,0 days 00:38:44.017000,1,True,18.1,17.8,49.0,939.9,False,0.8,235
ALO,14,Aston Martin,13.0,0 days 00:01:40.409000,2.0,HARD,13.0,0 days 00:38:44.419000,1,True,18.1,17.8,49.0,939.9,False,0.8,235
HUL,27,Haas F1 Team,13.0,0 days 00:01:57.413000,2.0,HARD,1.0,0 days 00:38:46.584000,1,False,18.1,17.8,49.0,939.9,False,0.8,235
BOT,77,Alfa Romeo,13.0,0 days 00:01:40.263000,2.0,HARD,12.0,0 days 00:38:48.574000,1,True,18.1,17.8,49.0,939.9,False,0.8,235
TSU,22,AlphaTauri,13.0,0 days 00:01:39.928000,2.0,MEDIUM,3.0,0 days 00:39:07.509000,1,True,18.1,17.8,49.0,939.9,False,0.8,235
VER,1,Red Bull Racing,14.0,0 days 00:01:38.942000,1.0,MEDIUM,14.0,0 days 00:40:02.949000,12,True,18.2,17.9,48.0,939.9,False,1.7,255
LEC,16,Ferrari,14.0,0 days 00:01:38.489000,1.0,MEDIUM,14.0,0 days 00:40:04.885000,12,True,18.2,17.9,48.0,939.9,False,1.7,255
RUS,63,Mercedes,14.0,0 days 00:01:39.134000,1.0,MEDIUM,14.0,0 days 00:40:06.951000,12,True,18.2,17.9,48.0,939.9,False,1.7,255
GAS,10,Alpine,14.0,0 days 00:01:39.776000,1.0,MEDIUM,14.0,0 days 00:40:08.274000,12,True,18.2,17.9,48.0,939.9,False,1.7,255
ALB,23,Williams,14.0,0 days 00:01:40.042000,1.0,MEDIUM,14.0,0 days 00:40:11.789000,12,True,18.2,17.9,48.0,939.9,False,1.7,255
SAR,2,Williams,14.0,0 days 00:01:42.164000,1.0,MEDIUM,14.0,0 days 00:40:12.737000,12,True,18.2,17.9,48.0,939.9,False,1.7,255
OCO,31,Alpine,14.0,0 days 00:01:39.513000,1.0,MEDIUM,14.0,0 days 00:40:13.411000,12,True,18.2,17.9,48.0,939.9,False,1.7,255
PIA,81,McLaren,14.0,0 days 00:01:39.735000,1.0,HARD,15.0,0 days 00:40:14.329000,12,True,18.2,17.9,48.0,939.9,False,1.7,255
HAM,44,Mercedes,14.0,0 days 00:01:39.632000,1.0,HARD,14.0,0 days 00:40:15.007000,12,True,18.2,17.9,48.0,939.9,False,1.7,255
MAG,20,Haas F1 Team,14.0,0 days 00:01:45.961000,1.0,MEDIUM,14.0,0 days 00:40:17.821000,12,False,18.2,17.9,48.0,939.9,False,1.7,255
ZHO,24,Alfa Romeo,14.0,0 days 00:01:40.693000,1.0,HARD,14.0,0 days 00:40:18.965000,12,True,18.2,17.9,48.0,939.9,False,1.7,255
PER,11,Red Bull Racing,14.0,0 days 00:01:39.335000,2.0,HARD,13.0,0 days 00:40:19.900000,12,True,18.2,17.9,48.0,939.9,False,1.7,255
STR,18,Aston Martin,14.0,0 days 00:01:38.799000,2.0,HARD,12.0,0 days 00:40:22.109000,12,True,18.2,17.9,48.0,939.9,False,1.7,255
SAI,55,Ferrari,14.0,0 days 00:01:38.190000,2.0,HARD,11.0,0 days 00:40:23.754000,12,True,18.2,17.9,48.0,939.9,False,1.7,255
ALO,14,Aston Martin,14.0,0 days 00:01:37.964000,2.0,HARD,14.0,0 days 00:40:24.828000,12,True,18.2,17.9,48.0,939.9,False,1.7,255
RIC,3,AlphaTauri,14.0,0 days 00:01:40.871000,1.0,MEDIUM,14.0,0 days 00:40:25.794000,12,True,18.2,17.9,48.0,939.9,False,1.7,255
BOT,77,Alfa Romeo,14.0,0 days 00:01:43.971000,2.0,HARD,13.0,0 days 00:40:28.837000,12,True,18.2,17.9,48.0,939.9,False,1.7,255
HUL,27,Haas F1 Team,14.0,0 days 00:01:39.472000,2.0,HARD,2.0,0 days 00:40:43.997000,12,True,18.2,17.9,48.0,939.9,False,2.7,232
TSU,22,AlphaTauri,14.0,0 days 00:01:40.334000,2.0,MEDIUM,4.0,0 days 00:40:47.437000,12,True,18.2,17.9,48.0,939.9,False,2.7,232
VER,1,Red Bull Racing,15.0,0 days 00:01:39.477000,1.0,MEDIUM,15.0,0 days 00:41:41.891000,1,True,18.2,17.9,48.0,939.9,False,2.2,233
LEC,16,Ferrari,15.0,0 days 00:01:38.587000,1.0,MEDIUM,15.0,0 days 00:41:43.374000,1,True,18.2,17.9,48.0,939.9,False,2.2,233
RUS,63,Mercedes,15.0,0 days 00:01:44.106000,1.0,MEDIUM,15.0,0 days 00:41:46.085000,1,False,18.2,17.9,48.0,939.9,False,2.2,233
GAS,10,Alpine,15.0,0 days 00:01:40.333000,1.0,MEDIUM,15.0,0 days 00:41:48.050000,1,True,18.2,17.9,48.0,939.9,False,2.2,233
ALB,23,Williams,15.0,0 days 00:01:40.515000,1.0,MEDIUM,15.0,0 days 00:41:51.831000,1,True,18.2,17.9,48.0,939.9,False,2.2,233
OCO,31,Alpine,15.0,0 days 00:01:39.685000,1.0,MEDIUM,15.0,0 days 00:41:52.924000,1,True,18.2,17.9,48.0,939.9,False,2.2,233
PIA,81,McLaren,15.0,0 days 00:01:39.352000,1.0,HARD,16.0,0 days 00:41:54.064000,1,True,18.2,17.9,48.0,939.9,False,2.2,233
HAM,44,Mercedes,15.0,0 days 00:01:39.032000,1.0,HARD,15.0,0 days 00:41:54.639000,1,True,18.2,17.9,48.0,939.9,False,2.2,233
SAR,2,Williams,15.0,0 days 00:01:46.786000,1.0,MEDIUM,15.0,0 days 00:41:54.901000,1,False,18.2,17.9,48.0,939.9,False,2.2,233
PER,11,Red Bull Racing,15.0,0 days 00:01:38.223000,2.0,HARD,14.0,0 days 00:41:59.235000,1,True,18.2,17.9,48.0,939.9,False,2.2,233
ZHO,24,Alfa Romeo,15.0,0 days 00:01:41.206000,1.0,HARD,15.0,0 days 00:41:59.658000,1,True,18.2,17.9,48.0,939.9,False,2.2,233
STR,18,Aston Martin,15.0,0 days 00:01:39.566000,2.0,HARD,13.0,0 days 00:42:00.908000,1,True,18.2,17.9,48.0,939.9,False,2.2,233
SAI,55,Ferrari,15.0,0 days 00:01:39.005000,2.0,HARD,12.0,0 days 00:42:01.944000,1,True,18.2,17.9,48.0,939.9,False,2.2,233
ALO,14,Aston Martin,15.0,0 days 00:01:38.547000,2.0,HARD,15.0,0 days 00:42:02.792000,1,True,18.2,17.9,48.0,939.9,False,2.2,233
MAG,20,Haas F1 Team,15.0,0 days 00:01:56.111000,2.0,HARD,1.0,0 days 00:42:03.782000,1,False,18.2,17.9,48.0,939.9,False,2.2,233
RIC,3,AlphaTauri,15.0,0 days 00:01:40.286000,1.0,MEDIUM,15.0,0 days 00:42:06.665000,1,True,18.2,17.9,48.0,939.9,False,2.2,233
BOT,77,Alfa Romeo,15.0,0 days 00:01:40.728000,2.0,HARD,14.0,0 days 00:42:12.808000,1,True,18.2,17.9,48.0,939.9,False,2.2,233
HUL,27,Haas F1 Team,15.0,0 days 00:01:38.701000,2.0,HARD,3.0,0 days 00:42:23.469000,1,True,18.2,17.9,48.0,939.9,False,2.2,233
TSU,22,AlphaTauri,15.0,0 days 00:01:39.865000,2.0,MEDIUM,5.0,0 days 00:42:27.771000,1,True,18.2,17.9,48.0,939.9,False,2.2,233
VER,1,Red Bull Racing,16.0,0 days 00:01:44.727000,1.0,MEDIUM,16.0,0 days 00:43:21.368000,1,False,18.2,17.9,48.0,939.9,False,2.2,255
LEC,16,Ferrari,16.0,0 days 00:01:39.488000,1.0,MEDIUM,16.0,0 days 00:43:21.961000,1,True,18.2,17.9,48.0,939.9,False,2.2,255
GAS,10,Alpine,16.0,0 days 00:01:40.814000,1.0,MEDIUM,16.0,0 days 00:43:28.383000,1,True,18.2,17.9,48.0,939.9,False,2.2,255
RUS,63,Mercedes,16.0,0 days 00:01:55.470000,2.0,HARD,1.0,0 days 00:43:30.191000,1,False,18.2,17.9,48.0,939.9,False,2.2,255
ALB,23,Williams,16.0,0 days 00:01:45.842000,1.0,MEDIUM,16.0,0 days 00:43:32.346000,1,False,18.2,17.9,48.0,939.9,False,2.2,255
OCO,31,Alpine,16.0,0 days 00:01:40.191000,1.0,MEDIUM,16.0,0 days 00:43:32.609000,1,True,18.2,17.9,48.0,939.9,False,2.2,255
PIA,81,McLaren,16.0,0 days 00:01:47.333000,1.0,HARD,17.0,0 days 00:43:33.416000,1,False,18.2,17.9,48.0,939.9,False,2.2,255
HAM,44,Mercedes,16.0,0 days 00:01:41.242000,1.0,HARD,16.0,0 days 00:43:33.671000,1,True,18.2,17.9,48.0,939.9,False,2.2,255
PER,11,Red Bull Racing,16.0,0 days 00:01:38.123000,2.0,HARD,15.0,0 days 00:43:37.458000,1,True,18.2,17.9,48.0,939.9,False,2.2,243
STR,18,Aston Martin,16.0,0 days 00:01:38.701000,2.0,HARD,14.0,0 days 00:43:40.474000,1,True,18.2,17.9,48.0,939.9,False,2.2,243
ZHO,24,Alfa Romeo,16.0,0 days 00:01:41.027000,1.0,HARD,16.0,0 days 00:43:40.864000,1,True,18.2,17.9,48.0,939.9,False,2.2,243
SAI,55,Ferrari,16.0,0 days 00:01:40.182000,2.0,HARD,13.0,0 days 00:43:40.949000,1,True,18.2,17.9,48.0,939.9,False,2.2,243
ALO,14,Aston Martin,16.0,0 days 00:01:41.693000,2.0,HARD,16.0,0 days 00:43:41.339000,1,True,18.2,17.9,48.0,939.9,False,2.2,243
SAR,2,Williams,16.0,0 days 00:01:56.510000,2.0,HARD,1.0,0 days 00:43:41.687000,1,False,18.2,17.9,48.0,939.9,False,2.2,243
RIC,3,AlphaTauri,16.0,0 days 00:01:41.222000,1.0,MEDIUM,16.0,0 days 00:43:46.951000,1,True,18.2,17.9,48.0,939.9,False,2.2,243
BOT,77,Alfa Romeo,16.0,0 days 00:01:40.774000,2.0,HARD,15.0,0 days 00:43:53.536000,1,True,18.2,17.9,48.0,939.9,False,2.2,243
MAG,20,Haas F1 Team,16.0,0 days 00:01:39.935000,2.0,HARD,2.0,0 days 00:43:59.893000,1,True,18.2,17.9,48.0,939.9,False,2.2,243
HUL,27,Haas F1 Team,16.0,0 days 00:01:38.635000,2.0,HARD,4.0,0 days 00:44:02.170000,1,True,18.2,17.9,48.0,939.9,False,2.2,243
TSU,22,AlphaTauri,16.0,0 days 00:01:39.895000,2.0,MEDIUM,6.0,0 days 00:44:07.636000,1,True,18.2,17.9,48.0,939.9,False,2.2,243
LEC,16,Ferrari,17.0,0 days 00:01:38.107000,1.0,MEDIUM,17.0,0 days 00:45:01.449000,1,True,18.1,17.9,48.0,939.9,False,2.0,242
VER,1,Red Bull Racing,17.0,0 days 00:02:02.018000,2.0,HARD,1.0,0 days 00:45:06.095000,1,False,18.1,17.9,48.0,939.9,False,2.0,242
GAS,10,Alpine,17.0,0 days 00:01:45.772000,1.0,MEDIUM,17.0,0 days 00:45:09.197000,1,False,18.1,17.9,48.0,939.9,False,2.0,242
OCO,31,Alpine,17.0,0 days 00:01:40.080000,1.0,MEDIUM,17.0,0 days 00:45:12.800000,1,True,18.1,17.9,48.0,939.9,False,2.0,242
HAM,44,Mercedes,17.0,0 days 00:01:58.137000,1.0,HARD,17.0,0 days 00:45:14.913000,1,False,18.1,17.9,48.0,939.9,False,2.0,242
PER,11,Red Bull Racing,17.0,0 days 00:01:38.568000,2.0,HARD,16.0,0 days 00:45:15.581000,1,True,18.1,17.9,48.0,939.9,False,2.0,242
ALB,23,Williams,17.0,0 days 00:01:57.184000,2.0,HARD,1.0,0 days 00:45:18.188000,1,False,18.1,17.9,48.0,939.9,False,2.0,242
STR,18,Aston Martin,17.0,0 days 00:01:39.372000,2.0,HARD,15.0,0 days 00:45:19.175000,1,True,18.1,17.9,48.0,939.9,False,2.0,242
PIA,81,McLaren,17.0,0 days 00:01:58.267000,2.0,HARD,2.0,0 days 00:45:20.749000,1,False,18.1,17.9,48.0,939.9,False,2.0,242
SAI,55,Ferrari,17.0,0 days 00:01:40.347000,2.0,HARD,14.0,0 days 00:45:21.131000,1,True,18.1,17.9,48.0,939.9,False,2.0,242
ZHO,24,Alfa Romeo,17.0,0 days 00:01:40.336000,1.0,HARD,17.0,0 days 00:45:21.891000,1,True,18.1,17.9,48.0,939.9,False,2.0,242
ALO,14,Aston Martin,17.0,0 days 00:01:40.083000,2.0,HARD,17.0,0 days 00:45:23.032000,1,True,18.1,17.9,48.0,939.9,False,2.0,242
RUS,63,Mercedes,17.0,0 days 00:01:38.779000,2.0,HARD,2.0,0 days 00:45:25.661000,1,True,18.1,17.9,48.0,939.9,False,2.0,242
RIC,3,AlphaTauri,17.0,0 days 00:01:46.533000,1.0,MEDIUM,17.0,0 days 00:45:28.173000,1,False,18.1,17.9,48.0,939.9,False,2.0,242
BOT,77,Alfa Romeo,17.0,0 days 00:01:41.697000,2.0,HARD,16.0,0 days 00:45:34.310000,1,True,18.1,17.9,48.0,939.9,False,2.0,242
SAR,2,Williams,17.0,0 days 00:01:39.945000,2.0,HARD,2.0,0 days 00:45:38.197000,1,True,18.2,17.9,48.0,939.9,False,2.2,239
MAG,20,Haas F1 Team,17.0,0 days 00:01:39.801000,2.0,HARD,3.0,0 days 00:45:39.828000,1,True,18.2,17.9,48.0,939.9,False,2.2,239
HUL,27,Haas F1 Team,17.0,0 days 00:01:39.844000,2.0,HARD,5.0,0 days 00:45:40.805000,1,True,18.2,17.9,48.0,939.9,False,2.2,239
TSU,22,AlphaTauri,17.0,0 days 00:01:40.142000,2.0,MEDIUM,7.0,0 days 00:45:47.531000,1,True,18.2,17.9,48.0,939.9,False,2.2,239
LEC,16,Ferrari,18.0,0 days 00:01:38.994000,1.0,MEDIUM,18.0,0 days 00:46:39.556000,1,True,18.1,17.9,48.0,940.0,False,2.7,226
OCO,31,Alpine,18.0,0 days 00:01:40.701000,1.0,MEDIUM,18.0,0 days 00:46:52.880000,1,True,18.1,17.9,48.0,940.0,False,2.7,226
PER,11,Red Bull Racing,18.0,0 days 00:01:38.766000,2.0,HARD,17.0,0 days 00:46:54.149000,1,True,18.1,17.9,48.0,940.0,False,2.7,226
GAS,10,Alpine,18.0,0 days 00:01:57.332000,2.0,HARD,1.0,0 days 00:46:54.969000,1,False,18.1,17.9,48.0,940.0,False,2.7,226
STR,18,Aston Martin,18.0,0 days 00:01:38.919000,2.0,HARD,16.0,0 days 00:46:58.547000,1,True,18.1,17.9,48.0,940.0,False,2.7,226
SAI,55,Ferrari,18.0,0 days 00:01:39.125000,2.0,HARD,15.0,0 days 00:47:01.478000,1,True,18.1,17.9,48.0,940.0,False,2.7,226
ZHO,24,Alfa Romeo,18.0,0 days 00:01:40.913000,1.0,HARD,18.0,0 days 00:47:02.227000,1,True,18.1,17.9,48.0,940.0,False,2.7,226
ALO,14,Aston Martin,18.0,0 days 00:01:39.603000,2.0,HARD,18.0,0 days 00:47:03.115000,1,True,18.1,17.9,48.0,940.0,False,2.7,226
RUS,63,Mercedes,18.0,0 days 00:01:39.001000,2.0,HARD,3.0,0 days 00:47:04.440000,1,True,18.1,17.9,48.0,940.0,False,2.7,226
VER,1,Red Bull Racing,18.0,0 days 00:01:38.348000,2.0,HARD,2.0,0 days 00:47:08.113000,1,True,18.1,17.9,48.0,940.0,False,2.7,226
HAM,44,Mercedes,18.0,0 days 00:01:59.931000,2.0,MEDIUM,1.0,0 days 00:47:13.050000,1,False,18.1,17.9,48.0,940.0,False,2.7,226
RIC,3,AlphaTauri,18.0,0 days 00:01:58.992000,2.0,HARD,1.0,0 days 00:47:14.706000,1,False,18.1,17.9,48.0,940.0,False,2.7,226
ALB,23,Williams,18.0,0 days 00:01:39.548000,2.0,HARD,2.0,0 days 00:47:15.372000,1,True,18.1,17.9,48.0,940.0,False,2.7,226
BOT,77,Alfa Romeo,18.0,0 days 00:01:40.860000,2.0,HARD,17.0,0 days 00:47:16.007000,1,True,18.1,17.9,48.0,940.0,False,2.7,226
SAR,2,Williams,18.0,0 days 00:01:40.132000,2.0,HARD,3.0,0 days 00:47:18.142000,1,True,18.1,17.9,48.0,940.0,False,2.7,226
PIA,81,McLaren,18.0,0 days 00:01:38.612000,2.0,HARD,3.0,0 days 00:47:19.016000,1,True,18.1,17.9,48.0,940.0,False,2.7,226
MAG,20,Haas F1 Team,18.0,0 days 00:01:39.935000,2.0,HARD,4.0,0 days 00:47:19.629000,1,True,18.1,17.9,48.0,940.0,False,2.7,226
HUL,27,Haas F1 Team,18.0,0 days 00:01:41.015000,2.0,HARD,6.0,0 days 00:47:20.649000,1,True,18.1,17.9,48.0,940.0,False,2.7,226
TSU,22,AlphaTauri,18.0,0 days 00:01:40.171000,2.0,MEDIUM,8.0,0 days 00:47:27.673000,1,True,18.1,17.9,48.0,940.0,False,2.7,226
LEC,16,Ferrari,19.0,0 days 00:01:38.518000,1.0,MEDIUM,19.0,0 days 00:48:18.550000,1,True,18.1,17.8,48.0,939.9,False,3.0,210
PER,11,Red Bull Racing,19.0,0 days 00:01:38.398000,2.0,HARD,18.0,0 days 00:48:32.915000,1,True,18.1,17.8,48.0,939.9,False,3.0,210
OCO,31,Alpine,19.0,0 days 00:01:40.279000,1.0,MEDIUM,19.0,0 days 00:48:33.581000,1,True,18.1,17.8,48.0,939.9,False,3.0,210
STR,18,Aston Martin,19.0,0 days 00:01:38.833000,2.0,HARD,17.0,0 days 00:48:37.466000,1,True,18.1,17.8,48.0,939.9,False,2.5,213
SAI,55,Ferrari,19.0,0 days 00:01:39.027000,2.0,HARD,16.0,0 days 00:48:40.603000,1,True,18.1,17.8,48.0,939.9,False,2.5,213
ALO,14,Aston Martin,19.0,0 days 00:01:39.256000,2.0,HARD,19.0,0 days 00:48:42.718000,1,True,18.1,17.8,48.0,939.9,False,2.5,213
ZHO,24,Alfa Romeo,19.0,0 days 00:01:41.164000,1.0,HARD,19.0,0 days 00:48:43.140000,1,True,18.1,17.8,48.0,939.9,False,2.5,213
RUS,63,Mercedes,19.0,0 days 00:01:40.094000,2.0,HARD,4.0,0 days 00:48:43.441000,1,True,18.1,17.8,48.0,939.9,False,2.5,213
VER,1,Red Bull Racing,19.0,0 days 00:01:38.335000,2.0,HARD,3.0,0 days 00:48:46.461000,1,True,18.1,17.8,48.0,939.9,False,2.5,213
GAS,10,Alpine,19.0,0 days 00:01:39.315000,2.0,HARD,2.0,0 days 00:48:52.301000,1,True,18.1,17.8,48.0,939.9,False,2.5,213
ALB,23,Williams,19.0,0 days 00:01:39.834000,2.0,HARD,3.0,0 days 00:48:54.920000,1,True,18.1,17.8,48.0,939.9,False,2.5,213
BOT,77,Alfa Romeo,19.0,0 days 00:01:41.270000,2.0,HARD,18.0,0 days 00:48:56.867000,1,True,18.1,17.8,48.0,939.9,False,2.5,213
PIA,81,McLaren,19.0,0 days 00:01:39.483000,2.0,HARD,4.0,0 days 00:48:57.628000,1,True,18.1,17.8,48.0,939.9,False,2.5,213
SAR,2,Williams,19.0,0 days 00:01:40.113000,2.0,HARD,4.0,0 days 00:48:58.274000,1,True,18.1,17.8,48.0,939.9,False,2.5,213
MAG,20,Haas F1 Team,19.0,0 days 00:01:39.880000,2.0,HARD,5.0,0 days 00:48:59.564000,1,True,18.1,17.8,48.0,939.9,False,2.5,213
HUL,27,Haas F1 Team,19.0,0 days 00:01:40.471000,2.0,HARD,7.0,0 days 00:49:01.664000,1,True,18.1,17.8,48.0,939.9,False,2.5,213
TSU,22,AlphaTauri,19.0,0 days 00:01:40.825000,2.0,MEDIUM,9.0,0 days 00:49:07.844000,1,True,18.1,17.8,48.0,939.9,False,2.5,213
HAM,44,Mercedes,19.0,0 days 00:01:39.124000,2.0,MEDIUM,2.0,0 days 00:49:12.981000,1,True,18.1,17.8,48.0,939.9,False,2.5,213
RIC,3,AlphaTauri,19.0,0 days 00:01:40.392000,2.0,HARD,2.0,0 days 00:49:13.698000,12,True,18.1,17.8,48.0,939.9,False,2.5,213
LEC,16,Ferrari,20.0,0 days 00:01:39.056000,1.0,MEDIUM,20.0,0 days 00:49:57.068000,12,True,18.1,17.9,48.0,939.7,False,2.5,227
PER,11,Red Bull Racing,20.0,0 days 00:01:38.413000,2.0,HARD,19.0,0 days 00:50:11.313000,12,True,18.1,17.9,48.0,939.7,False,2.5,227
OCO,31,Alpine,20.0,0 days 00:01:45.341000,1.0,MEDIUM,20.0,0 days 00:50:13.860000,12,False,18.1,17.9,48.0,939.7,False,2.5,227
STR,18,Aston Martin,20.0,0 days 00:01:39.953000,2.0,HARD,18.0,0 days 00:50:16.299000,12,True,18.1,17.9,48.0,939.7,False,2.5,227
SAI,55,Ferrari,20.0,0 days 00:01:39.482000,2.0,HARD,17.0,0 days 00:50:19.630000,12,True,18.1,17.9,48.0,939.7,False,2.5,227
ALO,14,Aston Martin,20.0,0 days 00:01:39.185000,2.0,HARD,20.0,0 days 00:50:21.974000,12,True,18.1,17.9,48.0,939.7,False,2.5,227
RUS,63,Mercedes,20.0,0 days 00:01:38.679000,2.0,HARD,5.0,0 days 00:50:23.535000,12,True,18.1,17.9,48.0,939.7,False,2.5,227
ZHO,24,Alfa Romeo,20.0,0 days 00:01:41.346000,1.0,HARD,20.0,0 days 00:50:24.304000,12,True,18.1,17.9,48.0,939.7,False,2.5,227
VER,1,Red Bull Racing,20.0,0 days 00:01:39.611000,2.0,HARD,4.0,0 days 00:50:24.796000,12,True,18.1,17.9,48.0,939.7,False,2.5,227
GAS,10,Alpine,20.0,0 days 00:01:39.218000,2.0,HARD,3.0,0 days 00:50:31.616000,12,True,18.1,17.9,48.0,939.7,False,2.5,227
ALB,23,Williams,20.0,0 days 00:01:39.309000,2.0,HARD,4.0,0 days 00:50:34.754000,12,True,18.1,17.9,48.0,939.7,False,2.5,227
PIA,81,McLaren,20.0,0 days 00:01:38.066000,2.0,HARD,5.0,0 days 00:50:37.111000,12,True,18.0,17.9,48.0,939.9,False,2.2,238
BOT,77,Alfa Romeo,20.0,0 days 00:01:40.753000,2.0,HARD,19.0,0 days 00:50:38.137000,12,True,18.0,17.9,48.0,939.9,False,2.2,238
SAR,2,Williams,20.0,0 days 00:01:39.454000,2.0,HARD,5.0,0 days 00:50:38.387000,12,True,18.0,17.9,48.0,939.9,False,2.2,238
MAG,20,Haas F1 Team,20.0,0 days 00:01:39.806000,2.0,HARD,6.0,0 days 00:50:39.444000,12,True,18.0,17.9,48.0,939.9,False,2.2,238
HUL,27,Haas F1 Team,20.0,0 days 00:01:39.805000,2.0,HARD,8.0,0 days 00:50:42.135000,12,True,18.0,17.9,48.0,939.9,False,2.2,238
TSU,22,AlphaTauri,20.0,0 days 00:01:41.259000,2.0,MEDIUM,10.0,0 days 00:50:48.669000,12,True,18.0,17.9,48.0,939.9,False,2.2,238
HAM,44,Mercedes,20.0,0 days 00:01:39.124000,2.0,MEDIUM,3.0,0 days 00:50:52.105000,12,True,18.0,17.9,48.0,939.9,False,2.2,238
RIC,3,AlphaTauri,20.0,0 days 00:01:39.730000,2.0,HARD,3.0,0 days 00:50:54.090000,21,True,18.0,17.9,48.0,939.9,False,2.2,238
LEC,16,Ferrari,21.0,0 days 00:01:43.380000,1.0,MEDIUM,21.0,0 days 00:51:36.124000,1,False,18.0,17.9,48.0,939.9,False,2.2,238
PER,11,Red Bull Racing,21.0,0 days 00:01:38.347000,2.0,HARD,20.0,0 days 00:51:49.726000,1,True,18.0,17.9,48.0,939.9,False,3.2,231
STR,18,Aston Martin,21.0,0 days 00:01:39.502000,2.0,HARD,19.0,0 days 00:51:56.252000,1,True,18.0,17.9,48.0,939.9,False,3.2,231
SAI,55,Ferrari,21.0,0 days 00:01:39.339000,2.0,HARD,18.0,0 days 00:51:59.112000,1,True,18.0,17.9,48.0,939.9,False,3.2,231
OCO,31,Alpine,21.0,0 days 00:01:56.373000,2.0,HARD,1.0,0 days 00:51:59.201000,1,False,18.0,17.9,48.0,939.9,False,3.2,231
ALO,14,Aston Martin,21.0,0 days 00:01:39.602000,2.0,HARD,21.0,0 days 00:52:01.159000,1,True,18.0,17.9,48.0,939.9,False,3.2,231
RUS,63,Mercedes,21.0,0 days 00:01:38.737000,2.0,HARD,6.0,0 days 00:52:02.214000,1,True,18.0,17.9,48.0,939.9,False,3.2,231
VER,1,Red Bull Racing,21.0,0 days 00:01:37.880000,2.0,HARD,5.0,0 days 00:52:04.407000,1,True,18.0,17.9,48.0,939.9,False,3.2,231
ZHO,24,Alfa Romeo,21.0,0 days 00:01:40.203000,1.0,HARD,21.0,0 days 00:52:05.650000,1,True,18.0,17.9,48.0,939.9,False,3.2,231
GAS,10,Alpine,21.0,0 days 00:01:38.774000,2.0,HARD,4.0,0 days 00:52:10.834000,1,True,18.0,17.9,48.0,939.9,False,3.2,231
ALB,23,Williams,21.0,0 days 00:01:38.688000,2.0,HARD,5.0,0 days 00:52:14.063000,1,True,18.0,17.9,48.0,939.9,False,3.2,231
PIA,81,McLaren,21.0,0 days 00:01:38.041000,2.0,HARD,6.0,0 days 00:52:15.177000,1,True,18.0,17.9,48.0,939.9,False,3.2,231
SAR,2,Williams,21.0,0 days 00:01:39.362000,2.0,HARD,6.0,0 days 00:52:17.841000,1,True,18.0,17.9,48.0,939.9,False,3.2,231
BOT,77,Alfa Romeo,21.0,0 days 00:01:42.145000,2.0,HARD,20.0,0 days 00:52:18.890000,1,True,18.0,17.9,48.0,939.9,False,3.2,231
MAG,20,Haas F1 Team,21.0,0 days 00:01:39.878000,2.0,HARD,7.0,0 days 00:52:19.250000,1,True,18.0,17.9,48.0,939.9,False,3.2,231
HUL,27,Haas F1 Team,21.0,0 days 00:01:39.869000,2.0,HARD,9.0,0 days 00:52:21.940000,1,True,18.0,17.9,48.0,939.9,False,3.2,231
TSU,22,AlphaTauri,21.0,0 days 00:01:48.249000,2.0,MEDIUM,11.0,0 days 00:52:29.928000,1,False,18.0,17.9,48.0,939.9,False,3.2,231
HAM,44,Mercedes,21.0,0 days 00:01:40.414000,2.0,MEDIUM,4.0,0 days 00:52:31.229000,1,True,18.0,17.9,48.0,939.9,False,3.2,231
RIC,3,AlphaTauri,21.0,0 days 00:01:39.708000,2.0,HARD,4.0,0 days 00:52:33.820000,1,True,18.0,17.9,48.0,939.9,False,3.2,231
LEC,16,Ferrari,22.0,0 days 00:01:57.531000,2.0,HARD,1.0,0 days 00:53:19.504000,1,False,18.0,17.8,48.0,939.7,False,3.4,222
PER,11,Red Bull Racing,22.0,0 days 00:01:38.191000,2.0,HARD,21.0,0 days 00:53:28.073000,1,True,18.0,17.8,48.0,939.7,False,3.4,222
STR,18,Aston Martin,22.0,0 days 00:01:39.235000,2.0,HARD,20.0,0 days 00:53:35.754000,1,True,18.0,17.8,48.0,939.7,False,3.4,222
SAI,55,Ferrari,22.0,0 days 00:01:39.594000,2.0,HARD,19.0,0 days 00:53:38.451000,1,True,18.0,17.7,48.0,939.7,False,2.2,230
ALO,14,Aston Martin,22.0,0 days 00:01:40.032000,2.0,HARD,22.0,0 days 00:53:40.761000,1,True,18.0,17.7,48.0,939.7,False,2.2,230
RUS,63,Mercedes,22.0,0 days 00:01:39.504000,2.0,HARD,7.0,0 days 00:53:40.951000,1,True,18.0,17.7,48.0,939.7,False,2.2,230
VER,1,Red Bull Racing,22.0,0 days 00:01:38.605000,2.0,HARD,6.0,0 days 00:53:42.287000,1,True,18.0,17.7,48.0,939.7,False,2.2,230
ZHO,24,Alfa Romeo,22.0,0 days 00:01:40.246000,1.0,HARD,22.0,0 days 00:53:45.853000,1,True,18.0,17.7,48.0,939.7,False,2.2,230
GAS,10,Alpine,22.0,0 days 00:01:38.683000,2.0,HARD,5.0,0 days 00:53:49.608000,1,True,18.0,17.7,48.0,939.7,False,2.2,230
ALB,23,Williams,22.0,0 days 00:01:39.061000,2.0,HARD,6.0,0 days 00:53:52.751000,1,True,18.0,17.7,48.0,939.7,False,2.2,230
PIA,81,McLaren,22.0,0 days 00:01:37.763000,2.0,HARD,7.0,0 days 00:53:53.218000,1,True,18.0,17.7,48.0,939.7,False,2.2,230
OCO,31,Alpine,22.0,0 days 00:01:38.063000,2.0,HARD,2.0,0 days 00:53:55.574000,1,True,18.0,17.7,48.0,939.7,False,2.2,230
SAR,2,Williams,22.0,0 days 00:01:38.510000,2.0,HARD,7.0,0 days 00:53:57.203000,1,True,18.0,17.7,48.0,939.7,False,2.2,230
MAG,20,Haas F1 Team,22.0,0 days 00:01:39.209000,2.0,HARD,8.0,0 days 00:53:59.128000,1,True,18.0,17.7,48.0,939.7,False,2.2,230
BOT,77,Alfa Romeo,22.0,0 days 00:01:42.542000,2.0,HARD,21.0,0 days 00:54:01.035000,1,True,18.0,17.7,48.0,939.7,False,2.2,230
HUL,27,Haas F1 Team,22.0,0 days 00:01:40.506000,2.0,HARD,10.0,0 days 00:54:01.809000,1,True,18.0,17.7,48.0,939.7,False,2.2,230
HAM,44,Mercedes,22.0,0 days 00:01:38.783000,2.0,MEDIUM,5.0,0 days 00:54:11.643000,1,True,18.0,17.7,48.0,939.7,False,2.2,230
RIC,3,AlphaTauri,22.0,0 days 00:01:39.872000,2.0,HARD,5.0,0 days 00:54:13.528000,1,True,18.0,17.7,48.0,939.7,False,2.2,230
TSU,22,AlphaTauri,22.0,0 days 00:02:00.216000,3.0,HARD,1.0,0 days 00:54:18.177000,1,False,18.0,17.7,48.0,939.7,False,2.2,230
PER,11,Red Bull Racing,23.0,0 days 00:01:38.317000,2.0,HARD,22.0,0 days 00:55:06.264000,1,True,18.0,17.7,48.0,939.7,False,2.4,242
STR,18,Aston Martin,23.0,0 days 00:01:39.025000,2.0,HARD,21.0,0 days 00:55:14.989000,1,True,18.0,17.7,48.0,939.7,False,2.4,242
LEC,16,Ferrari,23.0,0 days 00:01:39.233000,2.0,HARD,2.0,0 days 00:55:17.035000,1,True,18.0,17.7,48.0,939.7,False,2.4,242
SAI,55,Ferrari,23.0,0 days 00:01:39.486000,2.0,HARD,20.0,0 days 00:55:18.045000,1,True,18.0,17.7,48.0,939.7,False,2.4,242
RUS,63,Mercedes,23.0,0 days 00:01:37.930000,2.0,HARD,8.0,0 days 00:55:20.455000,1,True,18.0,17.7,48.0,939.7,False,2.4,242
ALO,14,Aston Martin,23.0,0 days 00:01:40.929000,2.0,HARD,23.0,0 days 00:55:20.793000,1,True,18.0,17.7,48.0,939.7,False,2.4,242
VER,1,Red Bull Racing,23.0,0 days 00:01:37.988000,2.0,HARD,7.0,0 days 00:55:20.892000,1,True,18.0,17.7,48.0,939.7,False,2.4,242
ZHO,24,Alfa Romeo,23.0,0 days 00:01:40.314000,1.0,HARD,23.0,0 days 00:55:26.099000,1,True,18.0,17.7,48.0,939.7,False,2.4,242
GAS,10,Alpine,23.0,0 days 00:01:38.585000,2.0,HARD,6.0,0 days 00:55:28.291000,1,True,18.0,17.7,48.0,939.7,False,2.4,242
PIA,81,McLaren,23.0,0 days 00:01:38.238000,2.0,HARD,8.0,0 days 00:55:30.981000,1,True,18.0,17.7,48.0,939.7,False,2.4,242
ALB,23,Williams,23.0,0 days 00:01:38.609000,2.0,HARD,7.0,0 days 00:55:31.812000,1,True,18.0,17.7,48.0,939.7,False,2.4,242
OCO,31,Alpine,23.0,0 days 00:01:37.787000,2.0,HARD,3.0,0 days 00:55:33.637000,1,True,18.0,17.7,48.0,939.7,False,2.4,242
SAR,2,Williams,23.0,0 days 00:01:38.671000,2.0,HARD,8.0,0 days 00:55:35.713000,1,True,18.0,17.7,48.0,939.7,False,2.4,242
MAG,20,Haas F1 Team,23.0,0 days 00:01:39.577000,2.0,HARD,9.0,0 days 00:55:38.337000,1,True,18.0,17.8,48.0,939.7,False,2.5,204
HUL,27,Haas F1 Team,23.0,0 days 00:01:39.270000,2.0,HARD,11.0,0 days 00:55:42.315000,1,True,18.0,17.8,48.0,939.7,False,2.5,204
BOT,77,Alfa Romeo,23.0,0 days 00:01:41.224000,2.0,HARD,22.0,0 days 00:55:43.577000,1,True,18.0,17.8,48.0,939.7,False,2.5,204
HAM,44,Mercedes,23.0,0 days 00:01:38.451000,2.0,MEDIUM,6.0,0 days 00:55:50.426000,1,True,18.0,17.8,48.0,939.7,False,2.5,204
RIC,3,AlphaTauri,23.0,0 days 00:01:39.525000,2.0,HARD,6.0,0 days 00:55:53.400000,1,True,18.0,17.8,48.0,939.7,False,2.5,204
TSU,22,AlphaTauri,23.0,0 days 00:01:40.978000,3.0,HARD,2.0,0 days 00:56:18.393000,1,True,18.0,17.8,48.0,939.7,False,2.5,204
PER,11,Red Bull Racing,24.0,0 days 00:01:37.969000,2.0,HARD,23.0,0 days 00:56:44.581000,1,True,18.0,17.8,48.0,939.7,False,3.2,239
STR,18,Aston Martin,24.0,0 days 00:01:39.149000,2.0,HARD,22.0,0 days 00:56:54.014000,1,True,18.0,17.8,48.0,939.7,False,3.2,239
LEC,16,Ferrari,24.0,0 days 00:01:38.033000,2.0,HARD,3.0,0 days 00:56:56.268000,1,True,18.0,17.8,48.0,939.7,False,3.2,239
SAI,55,Ferrari,24.0,0 days 00:01:40.516000,2.0,HARD,21.0,0 days 00:56:57.531000,1,True,18.0,17.8,48.0,939.7,False,3.2,239
RUS,63,Mercedes,24.0,0 days 00:01:38.383000,2.0,HARD,9.0,0 days 00:56:58.385000,1,True,18.0,17.8,48.0,939.7,False,3.2,239
VER,1,Red Bull Racing,24.0,0 days 00:01:38.482000,2.0,HARD,8.0,0 days 00:56:58.880000,1,True,18.0,17.8,48.0,939.7,False,3.2,239
ALO,14,Aston Martin,24.0,0 days 00:01:39.827000,2.0,HARD,24.0,0 days 00:57:01.722000,1,True,18.0,17.8,48.0,939.7,False,3.2,239
ZHO,24,Alfa Romeo,24.0,0 days 00:01:40.381000,1.0,HARD,24.0,0 days 00:57:06.413000,1,True,18.0,17.8,48.0,939.7,False,3.2,239
GAS,10,Alpine,24.0,0 days 00:01:39.209000,2.0,HARD,7.0,0 days 00:57:06.876000,1,True,18.0,17.8,48.0,939.7,False,3.2,239
PIA,81,McLaren,24.0,0 days 00:01:37.912000,2.0,HARD,9.0,0 days 00:57:09.219000,1,True,18.0,17.8,48.0,939.7,False,3.2,239
ALB,23,Williams,24.0,0 days 00:01:39.166000,2.0,HARD,8.0,0 days 00:57:10.421000,1,True,18.0,17.8,48.0,939.7,False,3.2,239
OCO,31,Alpine,24.0,0 days 00:01:37.677000,2.0,HARD,4.0,0 days 00:57:11.424000,1,True,18.0,17.8,48.0,939.7,False,3.2,239
SAR,2,Williams,24.0,0 days 00:01:38.448000,2.0,HARD,9.0,0 days 00:57:14.384000,1,True,18.0,17.8,48.0,939.7,False,3.2,239
MAG,20,Haas F1 Team,24.0,0 days 00:01:39.453000,2.0,HARD,10.0,0 days 00:57:17.914000,1,True,18.0,17.8,48.0,939.7,False,3.2,239
HUL,27,Haas F1 Team,24.0,0 days 00:01:38.834000,2.0,HARD,12.0,0 days 00:57:21.585000,1,True,18.0,17.8,48.0,939.7,False,3.2,239
BOT,77,Alfa Romeo,24.0,0 days 00:01:46.578000,2.0,HARD,23.0,0 days 00:57:24.801000,1,False,18.0,17.8,48.0,939.7,False,3.2,239
HAM,44,Mercedes,24.0,0 days 00:01:38.382000,2.0,MEDIUM,7.0,0 days 00:57:28.877000,1,True,18.0,17.8,48.0,939.7,False,3.2,239
RIC,3,AlphaTauri,24.0,0 days 00:01:39.363000,2.0,HARD,7.0,0 days 00:57:32.925000,1,True,18.0,17.8,48.0,939.7,False,3.2,239
TSU,22,AlphaTauri,24.0,0 days 00:01:40.432000,3.0,HARD,3.0,0 days 00:57:59.371000,1,True,18.0,17.9,48.0,939.7,False,2.5,220
PER,11,Red Bull Racing,25.0,0 days 00:01:38.359000,2.0,HARD,24.0,0 days 00:58:22.550000,1,True,18.0,17.9,48.0,939.7,False,2.5,220
STR,18,Aston Martin,25.0,0 days 00:01:39.779000,2.0,HARD,23.0,0 days 00:58:33.163000,1,True,18.0,17.9,48.0,939.7,False,2.5,220
LEC,16,Ferrari,25.0,0 days 00:01:38.118000,2.0,HARD,4.0,0 days 00:58:34.301000,1,True,18.0,17.9,48.0,939.7,False,2.5,220
RUS,63,Mercedes,25.0,0 days 00:01:40.605000,2.0,HARD,10.0,0 days 00:58:36.768000,1,True,18.0,17.9,48.0,939.7,False,2.5,220
VER,1,Red Bull Racing,25.0,0 days 00:01:38.943000,2.0,HARD,9.0,0 days 00:58:37.362000,1,True,18.0,17.9,48.0,939.7,False,2.7,237
SAI,55,Ferrari,25.0,0 days 00:01:40.220000,2.0,HARD,22.0,0 days 00:58:38.047000,1,True,18.0,17.9,48.0,939.7,False,2.7,237
ALO,14,Aston Martin,25.0,0 days 00:01:39.777000,2.0,HARD,25.0,0 days 00:58:41.549000,1,True,18.0,17.9,48.0,939.7,False,2.7,237
GAS,10,Alpine,25.0,0 days 00:01:38.494000,2.0,HARD,8.0,0 days 00:58:46.085000,1,True,18.0,17.9,48.0,939.7,False,2.7,237
ZHO,24,Alfa Romeo,25.0,0 days 00:01:41.491000,1.0,HARD,25.0,0 days 00:58:46.794000,1,True,18.0,17.9,48.0,939.7,False,2.7,237
PIA,81,McLaren,25.0,0 days 00:01:38.973000,2.0,HARD,10.0,0 days 00:58:47.131000,1,True,18.0,17.9,48.0,939.7,False,2.7,237
OCO,31,Alpine,25.0,0 days 00:01:38.428000,2.0,HARD,5.0,0 days 00:58:49.101000,1,True,18.0,17.9,48.0,939.7,False,2.7,237
ALB,23,Williams,25.0,0 days 00:01:39.279000,2.0,HARD,9.0,0 days 00:58:49.587000,1,True,18.0,17.9,48.0,939.7,False,2.7,237
SAR,2,Williams,25.0,0 days 00:01:39.336000,2.0,HARD,10.0,0 days 00:58:52.832000,1,True,18.0,17.9,48.0,939.7,False,2.7,237
MAG,20,Haas F1 Team,25.0,0 days 00:01:39.867000,2.0,HARD,11.0,0 days 00:58:57.367000,1,True,18.0,17.9,48.0,939.7,False,2.7,237
HUL,27,Haas F1 Team,25.0,0 days 00:01:39.640000,2.0,HARD,13.0,0 days 00:59:00.419000,1,True,18.0,17.9,48.0,939.7,False,2.7,237
HAM,44,Mercedes,25.0,0 days 00:01:38.234000,2.0,MEDIUM,8.0,0 days 00:59:07.259000,1,True,18.0,17.9,48.0,939.7,False,2.7,237
BOT,77,Alfa Romeo,25.0,0 days 00:01:58.901000,3.0,MEDIUM,1.0,0 days 00:59:11.379000,1,False,18.0,17.9,48.0,939.7,False,2.7,237
RIC,3,AlphaTauri,25.0,0 days 00:01:39.656000,2.0,HARD,8.0,0 days 00:59:12.288000,1,True,18.0,17.9,48.0,939.7,False,2.7,237
TSU,22,AlphaTauri,25.0,0 days 00:01:40.094000,3.0,HARD,4.0,0 days 00:59:39.803000,1,True,18.1,17.8,48.0,939.7,False,2.4,241
PER,11,Red Bull Racing,26.0,0 days 00:01:52.819000,2.0,HARD,25.0,0 days 01:00:00.909000,14,False,18.1,17.8,48.0,939.7,False,2.4,241
LEC,16,Ferrari,26.0,0 days 00:01:49.485000,2.0,HARD,5.0,0 days 01:00:12.419000,14,False,18.1,17.8,48.0,939.7,False,2.4,241
STR,18,Aston Martin,26.0,0 days 00:01:55.916000,2.0,HARD,24.0,0 days 01:00:12.942000,14,False,18.1,17.8,48.0,939.7,False,2.4,241
VER,1,Red Bull Racing,26.0,0 days 00:01:53.326000,2.0,HARD,10.0,0 days 01:00:16.305000,14,False,18.1,17.8,48.0,939.7,False,2.4,241
RUS,63,Mercedes,26.0,0 days 00:01:55.234000,2.0,HARD,11.0,0 days 01:00:17.373000,14,False,18.1,17.8,48.0,939.7,False,2.4,241
SAI,55,Ferrari,26.0,0 days 00:01:56.574000,2.0,HARD,23.0,0 days 01:00:18.267000,14,False,18.1,17.8,48.0,939.7,False,2.4,241
ALO,14,Aston Martin,26.0,0 days 00:01:57.613000,2.0,HARD,26.0,0 days 01:00:21.326000,14,False,18.1,17.8,48.0,939.7,False,2.4,241
GAS,10,Alpine,26.0,0 days 00:01:54.475000,2.0,HARD,9.0,0 days 01:00:24.579000,14,False,18.1,17.8,48.0,939.7,False,2.4,241
PIA,81,McLaren,26.0,0 days 00:01:54.056000,2.0,HARD,11.0,0 days 01:00:26.104000,14,False,18.1,17.8,48.0,939.7,False,2.4,241
OCO,31,Alpine,26.0,0 days 00:01:54.399000,2.0,HARD,6.0,0 days 01:00:27.529000,14,False,18.1,17.8,48.0,939.7,False,2.4,241
ZHO,24,Alfa Romeo,26.0,0 days 00:01:59.780000,1.0,HARD,26.0,0 days 01:00:28.285000,14,False,18.1,17.8,48.0,939.7,False,2.4,241
ALB,23,Williams,26.0,0 days 00:01:55.770000,2.0,HARD,10.0,0 days 01:00:28.866000,14,False,18.1,17.8,48.0,939.7,False,2.4,241
SAR,2,Williams,26.0,0 days 00:01:57.910000,2.0,HARD,11.0,0 days 01:00:32.168000,14,False,18.1,17.8,48.0,939.7,False,2.4,241
MAG,20,Haas F1 Team,26.0,0 days 00:02:02.844000,2.0,HARD,12.0,0 days 01:00:37.234000,14,False,18.1,17.7,48.0,939.7,False,3.5,224
HUL,27,Haas F1 Team,26.0,0 days 00:02:03.608000,2.0,HARD,14.0,0 days 01:00:40.059000,14,False,18.1,17.7,48.0,939.7,False,3.5,224
HAM,44,Mercedes,26.0,0 days 00:02:05.187000,2.0,MEDIUM,9.0,0 days 01:00:45.493000,14,False,18.1,17.7,48.0,939.7,False,3.5,224
RIC,3,AlphaTauri,26.0,0 days 00:02:03.488000,2.0,HARD,9.0,0 days 01:00:51.944000,14,False,18.1,17.7,48.0,939.7,False,3.5,224
BOT,77,Alfa Romeo,26.0,0 days 00:02:10.905000,3.0,MEDIUM,2.0,0 days 01:01:10.280000,14,False,18.1,17.7,48.0,939.7,False,3.5,224
TSU,22,AlphaTauri,26.0,0 days 00:02:13.792000,3.0,HARD,5.0,0 days 01:01:19.897000,14,False,18.1,17.7,48.0,939.7,False,3.5,224
PER,11,Red Bull Racing,27.0,,3.0,HARD,1.0,0 days 01:01:53.728000,4,False,18.0,17.8,48.0,939.7,False,2.0,227
LEC,16,Ferrari,27.0,,2.0,HARD,6.0,0 days 01:02:01.904000,4,False,18.0,17.8,48.0,939.7,False,2.0,227
STR,18,Aston Martin,27.0,,3.0,HARD,1.0,0 days 01:02:08.858000,4,False,18.0,17.8,48.0,939.7,False,2.0,227
VER,1,Red Bull Racing,27.0,,3.0,HARD,1.0,0 days 01:02:09.631000,4,False,18.0,17.8,48.0,939.7,False,2.0,227
RUS,63,Mercedes,27.0,,3.0,HARD,1.0,0 days 01:02:12.607000,4,False,18.0,17.8,48.0,939.7,False,2.0,227
SAI,55,Ferrari,27.0,,3.0,HARD,1.0,0 days 01:02:14.841000,4,False,18.0,17.8,48.0,939.7,False,2.0,227
ALO,14,Aston Martin,27.0,,3.0,HARD,1.0,0 days 01:02:18.939000,4,False,18.0,17.8,48.0,939.7,False,2.0,227
GAS,10,Alpine,27.0,,2.0,HARD,10.0,0 days 01:02:19.054000,4,False,18.0,17.8,48.0,939.7,False,2.0,227
PIA,81,McLaren,27.0,,2.0,HARD,12.0,0 days 01:02:20.160000,4,False,18.0,17.8,48.0,939.7,False,2.0,227
OCO,31,Alpine,27.0,,2.0,HARD,7.0,0 days 01:02:21.928000,4,False,18.0,17.8,48.0,939.7,False,2.0,227
ALB,23,Williams,27.0,,2.0,HARD,11.0,0 days 01:02:24.636000,4,False,18.0,17.8,48.0,939.7,False,2.0,227
ZHO,24,Alfa Romeo,27.0,,2.0,MEDIUM,1.0,0 days 01:02:28.065000,4,False,18.0,17.8,48.0,939.7,False,2.0,227
SAR,2,Williams,27.0,,2.0,HARD,12.0,0 days 01:02:30.078000,4,False,18.0,17.8,48.0,939.7,False,2.0,227
MAG,20,Haas F1 Team,27.0,,3.0,HARD,1.0,0 days 01:02:40.078000,4,False,18.1,17.8,48.0,939.7,False,3.2,251
HUL,27,Haas F1 Team,27.0,0 days 00:02:28.855000,3.0,HARD,1.0,0 days 01:02:43.667000,4,False,18.1,17.8,48.0,939.7,False,3.2,251
HAM,44,Mercedes,27.0,0 days 00:02:27.579000,3.0,HARD,1.0,0 days 01:02:50.680000,4,False,18.1,17.8,48.0,939.7,False,3.2,251
RIC,3,AlphaTauri,27.0,0 days 00:02:16.378000,2.0,HARD,10.0,0 days 01:02:55.432000,4,False,18.1,17.8,48.0,939.7,False,3.2,251
BOT,77,Alfa Romeo,27.0,0 days 00:02:12.819000,3.0,MEDIUM,3.0,0 days 01:03:21.185000,4,False,18.1,17.8,48.0,939.7,False,3.2,251
TSU,22,AlphaTauri,27.0,0 days 00:02:12.926000,3.0,HARD,6.0,0 days 01:03:33.689000,4,False,18.1,17.8,48.0,939.7,False,3.2,251
LEC,16,Ferrari,28.0,,2.0,HARD,7.0,0 days 01:04:56.378000,41,False,18.0,17.8,48.0,939.7,False,4.6,229
PER,11,Red Bull Racing,28.0,,3.0,HARD,2.0,0 days 01:04:57.393000,41,False,18.0,17.8,48.0,939.7,False,4.6,229
GAS,10,Alpine,28.0,,2.0,HARD,11.0,0 days 01:04:58.712000,41,False,18.0,17.8,48.0,939.7,False,4.6,229
PIA,81,McLaren,28.0,,2.0,HARD,13.0,0 days 01:05:00.058000,41,False,18.0,17.8,48.0,939.7,False,4.6,229
VER,1,Red Bull Racing,28.0,,3.0,HARD,2.0,0 days 01:05:01.319000,41,False,18.0,17.8,48.0,939.7,False,4.6,229
OCO,31,Alpine,28.0,,2.0,HARD,8.0,0 days 01:05:02.025000,41,False,18.0,17.8,48.0,939.7,False,4.6,229
STR,18,Aston Martin,28.0,,3.0,HARD,2.0,0 days 01:05:03.216000,41,False,18.0,17.8,48.0,939.7,False,4.6,229
ALB,23,Williams,28.0,,2.0,HARD,12.0,0 days 01:05:04.180000,41,False,18.0,17.8,48.0,939.7,False,4.6,229
RUS,63,Mercedes,28.0,,3.0,HARD,2.0,0 days 01:05:05.562000,41,False,18.0,17.8,48.0,939.7,False,4.6,229
SAI,55,Ferrari,28.0,,3.0,HARD,2.0,0 days 01:05:06.145000,41,False,18.0,17.8,48.0,939.7,False,4.6,229
SAR,2,Williams,28.0,,2.0,HARD,13.0,0 days 01:05:07.074000,41,False,18.0,17.8,48.0,939.7,False,4.6,229
ALO,14,Aston Martin,28.0,,3.0,HARD,2.0,0 days 01:05:08.181000,41,False,18.0,17.8,48.0,939.7,False,4.6,229
ZHO,24,Alfa Romeo,28.0,,2.0,MEDIUM,2.0,0 days 01:05:09.929000,41,False,18.0,17.8,48.0,939.7,False,4.6,229
MAG,20,Haas F1 Team,28.0,,3.0,HARD,2.0,0 days 01:05:10.510000,41,False,18.0,17.8,48.0,939.7,False,4.6,229
RIC,3,AlphaTauri,28.0,,2.0,HARD,11.0,0 days 01:05:11.810000,41,False,18.0,17.8,48.0,939.7,False,4.6,229
HUL,27,Haas F1 Team,28.0,,3.0,HARD,2.0,0 days 01:05:12.522000,41,False,18.0,17.8,48.0,939.7,False,4.6,229
HAM,44,Mercedes,28.0,,3.0,HARD,2.0,0 days 01:05:18.259000,41,False,18.0,17.8,48.0,939.7,False,4.6,229
BOT,77,Alfa Romeo,28.0,0 days 00:02:17.195000,3.0,MEDIUM,4.0,0 days 01:05:34.004000,41,False,18.0,17.8,48.0,939.7,False,4.6,229
TSU,22,AlphaTauri,28.0,0 days 00:02:06.114000,3.0,HARD,7.0,0 days 01:05:46.615000,41,False,18.0,17.7,48.0,939.5,False,4.0,241
LEC,16,Ferrari,29.0,0 days 00:01:39.672000,2.0,HARD,8.0,0 days 01:07:43.017000,1,True,17.9,17.7,48.0,939.5,False,1.7,197
PER,11,Red Bull Racing,29.0,0 days 00:01:39.457000,3.0,HARD,3.0,0 days 01:07:43.734000,1,True,17.9,17.7,48.0,939.5,False,1.7,197
GAS,10,Alpine,29.0,0 days 00:01:41.251000,2.0,HARD,12.0,0 days 01:07:44.007000,1,True,17.9,17.7,48.0,939.5,False,1.7,197
PIA,81,McLaren,29.0,0 days 00:01:40.139000,2.0,HARD,14.0,0 days 01:07:44.589000,1,True,17.9,17.7,48.0,939.5,False,1.7,197
VER,1,Red Bull Racing,29.0,0 days 00:01:40.938000,3.0,HARD,3.0,0 days 01:07:44.913000,1,True,17.9,17.7,48.0,939.5,False,1.7,197
OCO,31,Alpine,29.0,0 days 00:01:41.144000,2.0,HARD,9.0,0 days 01:07:45.454000,1,True,17.9,17.7,48.0,939.5,False,1.7,197
STR,18,Aston Martin,29.0,0 days 00:01:41.723000,3.0,HARD,3.0,0 days 01:07:46.295000,1,True,17.9,17.7,48.0,939.5,False,1.7,197
ALB,23,Williams,29.0,0 days 00:01:40.665000,2.0,HARD,13.0,0 days 01:07:46.464000,1,True,17.9,17.7,48.0,939.5,False,1.7,197
RUS,63,Mercedes,29.0,0 days 00:01:41.409000,3.0,HARD,3.0,0 days 01:07:46.963000,1,True,17.9,17.7,48.0,939.5,False,1.7,197
SAI,55,Ferrari,29.0,0 days 00:01:41.531000,3.0,HARD,3.0,0 days 01:07:47.367000,1,True,17.9,17.7,48.0,939.5,False,1.7,197
SAR,2,Williams,29.0,0 days 00:01:42.631000,2.0,HARD,14.0,0 days 01:07:47.991000,1,True,17.9,17.7,48.0,939.5,False,1.7,197
ALO,14,Aston Martin,29.0,0 days 00:01:41.213000,3.0,HARD,3.0,0 days 01:07:48.058000,1,True,17.9,17.7,48.0,939.5,False,1.7,197
ZHO,24,Alfa Romeo,29.0,0 days 00:01:41.179000,2.0,MEDIUM,3.0,0 days 01:07:48.799000,1,True,17.9,17.7,48.0,939.5,False,1.7,197
MAG,20,Haas F1 Team,29.0,0 days 00:01:41.697000,3.0,HARD,3.0,0 days 01:07:49.400000,1,True,17.9,17.7,48.0,939.5,False,1.7,197
RIC,3,AlphaTauri,29.0,0 days 00:01:42.319000,2.0,HARD,12.0,0 days 01:07:49.902000,1,True,17.9,17.7,48.0,939.5,False,1.7,197
HUL,27,Haas F1 Team,29.0,0 days 00:01:41.510000,3.0,HARD,3.0,0 days 01:07:50.148000,1,True,17.9,17.7,48.0,939.5,False,1.7,197
HAM,44,Mercedes,29.0,0 days 00:01:41.960000,3.0,HARD,3.0,0 days 01:07:50.442000,1,True,17.9,17.7,48.0,939.5,False,1.7,197
BOT,77,Alfa Romeo,29.0,0 days 00:01:42.484000,3.0,MEDIUM,5.0,0 days 01:07:51.199000,1,True,17.9,17.7,48.0,939.5,False,1.7,197
TSU,22,AlphaTauri,29.0,0 days 00:01:43.333000,3.0,HARD,8.0,0 days 01:07:52.729000,1,True,17.9,17.7,48.0,939.5,False,1.7,197
LEC,16,Ferrari,30.0,0 days 00:01:38.228000,2.0,HARD,9.0,0 days 01:09:22.689000,1,True,17.9,17.7,48.0,939.5,False,1.6,262
PER,11,Red Bull Racing,30.0,0 days 00:01:38.041000,3.0,HARD,4.0,0 days 01:09:23.191000,1,True,17.9,17.7,48.0,939.5,False,1.6,262
PIA,81,McLaren,30.0,0 days 00:01:37.920000,2.0,HARD,15.0,0 days 01:09:24.728000,1,True,17.9,17.7,48.0,939.5,False,1.6,262
GAS,10,Alpine,30.0,0 days 00:01:38.720000,2.0,HARD,13.0,0 days 01:09:25.258000,1,True,17.9,17.7,48.0,939.5,False,1.6,262
VER,1,Red Bull Racing,30.0,0 days 00:01:38.469000,3.0,HARD,4.0,0 days 01:09:25.851000,1,True,17.9,17.7,48.0,939.5,False,1.6,262
OCO,31,Alpine,30.0,0 days 00:01:38.514000,2.0,HARD,10.0,0 days 01:09:26.598000,1,True,17.9,17.7,48.0,939.5,False,1.6,262
ALB,23,Williams,30.0,0 days 00:01:38.865000,2.0,HARD,14.0,0 days 01:09:27.129000,1,True,17.9,17.7,48.0,939.5,False,1.6,262
STR,18,Aston Martin,30.0,0 days 00:01:38.802000,3.0,HARD,4.0,0 days 01:09:28.018000,1,True,17.9,17.7,48.0,939.5,False,1.6,262
RUS,63,Mercedes,30.0,0 days 00:01:39.159000,3.0,HARD,4.0,0 days 01:09:28.372000,1,True,17.9,17.7,48.0,939.5,False,1.6,262
SAI,55,Ferrari,30.0,0 days 00:01:39.146000,3.0,HARD,4.0,0 days 01:09:28.898000,1,True,17.9,17.7,48.0,939.5,False,1.6,262
ALO,14,Aston Martin,30.0,0 days 00:01:39.645000,3.0,HARD,4.0,0 days 01:09:29.271000,1,True,17.9,17.7,48.0,939.5,False,1.6,262
ZHO,24,Alfa Romeo,30.0,0 days 00:01:39.590000,2.0,MEDIUM,4.0,0 days 01:09:29.978000,1,True,17.9,17.7,48.0,939.5,False,1.6,262
SAR,2,Williams,30.0,0 days 00:01:39.447000,2.0,HARD,15.0,0 days 01:09:30.622000,1,True,17.9,17.7,48.0,939.5,False,1.6,262
MAG,20,Haas F1 Team,30.0,0 days 00:01:39.701000,3.0,HARD,4.0,0 days 01:09:31.097000,1,True,17.9,17.7,48.0,939.5,False,1.6,262
HUL,27,Haas F1 Team,30.0,0 days 00:01:39.590000,3.0,HARD,4.0,0 days 01:09:31.658000,1,True,17.9,17.7,48.0,939.5,False,1.6,262
RIC,3,AlphaTauri,30.0,0 days 00:01:40.798000,2.0,HARD,13.0,0 days 01:09:32.221000,1,True,17.9,17.7,48.0,939.5,False,1.6,262
HAM,44,Mercedes,30.0,0 days 00:01:39.165000,3.0,HARD,4.0,0 days 01:09:32.402000,1,True,17.9,17.7,48.0,939.5,False,1.6,262
BOT,77,Alfa Romeo,30.0,0 days 00:01:40.952000,3.0,MEDIUM,6.0,0 days 01:09:33.683000,1,True,17.9,17.7,48.0,939.5,False,1.6,262
TSU,22,AlphaTauri,30.0,0 days 00:01:41.279000,3.0,HARD,9.0,0 days 01:09:36.062000,1,True,17.9,17.7,48.0,939.5,False,1.6,262
LEC,16,Ferrari,31.0,0 days 00:01:37.227000,2.0,HARD,10.0,0 days 01:11:00.917000,1,True,18.0,17.7,47.0,939.4,False,1.6,62
PER,11,Red Bull Racing,31.0,0 days 00:01:37.314000,3.0,HARD,5.0,0 days 01:11:01.232000,1,True,18.0,17.7,47.0,939.4,False,1.6,62
PIA,81,McLaren,31.0,0 days 00:01:37.128000,2.0,HARD,16.0,0 days 01:11:02.648000,1,True,18.0,17.7,47.0,939.4,False,1.6,62
GAS,10,Alpine,31.0,0 days 00:01:38.772000,2.0,HARD,14.0,0 days 01:11:03.978000,1,True,18.0,17.7,47.0,939.4,False,1.6,62
VER,1,Red Bull Racing,31.0,0 days 00:01:37.748000,3.0,HARD,5.0,0 days 01:11:04.320000,1,True,18.0,17.7,47.0,939.4,False,1.6,62
OCO,31,Alpine,31.0,0 days 00:01:38.174000,2.0,HARD,11.0,0 days 01:11:05.112000,1,True,18.0,17.7,47.0,939.4,False,1.6,62
ALB,23,Williams,31.0,0 days 00:01:37.996000,2.0,HARD,15.0,0 days 01:11:05.994000,1,True,18.0,17.7,47.0,939.4,False,1.6,62
STR,18,Aston Martin,31.0,0 days 00:01:38.084000,3.0,HARD,5.0,0 days 01:11:06.820000,1,True,18.0,17.7,47.0,939.4,False,1.6,62
RUS,63,Mercedes,31.0,0 days 00:01:38.255000,3.0,HARD,5.0,0 days 01:11:07.531000,1,True,18.0,17.7,47.0,939.4,False,1.6,62
SAI,55,Ferrari,31.0,0 days 00:01:38.398000,3.0,HARD,5.0,0 days 01:11:08.044000,1,True,18.0,17.7,47.0,939.4,False,1.6,62
ALO,14,Aston Martin,31.0,0 days 00:01:38.211000,3.0,HARD,5.0,0 days 01:11:08.916000,1,True,18.0,17.7,47.0,939.4,False,1.6,62
ZHO,24,Alfa Romeo,31.0,0 days 00:01:38.864000,2.0,MEDIUM,5.0,0 days 01:11:09.568000,1,True,18.0,17.7,47.0,939.4,False,1.6,62
SAR,2,Williams,31.0,0 days 00:01:38.757000,2.0,HARD,16.0,0 days 01:11:10.069000,1,True,18.0,17.7,47.0,939.4,False,1.6,62
MAG,20,Haas F1 Team,31.0,0 days 00:01:38.757000,3.0,HARD,5.0,0 days 01:11:10.798000,1,True,18.0,17.7,47.0,939.4,False,1.6,62
HUL,27,Haas F1 Team,31.0,0 days 00:01:39.902000,3.0,HARD,5.0,0 days 01:11:11.248000,1,True,18.0,17.7,47.0,939.4,False,1.6,62
HAM,44,Mercedes,31.0,0 days 00:01:38.117000,3.0,HARD,5.0,0 days 01:11:11.567000,1,True,18.0,17.7,47.0,939.4,False,1.6,62
RIC,3,AlphaTauri,31.0,0 days 00:01:39.382000,2.0,HARD,14.0,0 days 01:11:13.019000,1,True,18.0,17.7,47.0,939.4,False,1.6,62
BOT,77,Alfa Romeo,31.0,0 days 00:01:40.816000,3.0,MEDIUM,7.0,0 days 01:11:14.635000,1,True,18.0,17.7,47.0,939.4,False,1.6,62
TSU,22,AlphaTauri,31.0,0 days 00:01:40.687000,3.0,HARD,10.0,0 days 01:11:17.341000,1,True,18.0,17.7,47.0,939.4,False,1.6,62
LEC,16,Ferrari,32.0,0 days 00:01:38.135000,2.0,HARD,11.0,0 days 01:12:38.144000,1,True,18.0,17.8,48.0,939.2,False,1.6,21
PER,11,Red Bull Racing,32.0,0 days 00:01:37.176000,3.0,HARD,6.0,0 days 01:12:38.546000,1,True,18.0,17.8,48.0,939.2,False,1.6,21
PIA,81,McLaren,32.0,0 days 00:01:37.446000,2.0,HARD,17.0,0 days 01:12:39.776000,1,True,18.0,17.8,48.0,939.2,False,1.6,21
VER,1,Red Bull Racing,32.0,0 days 00:01:36.603000,3.0,HARD,6.0,0 days 01:12:42.068000,1,True,18.0,17.8,48.0,939.2,False,1.6,21
GAS,10,Alpine,32.0,0 days 00:01:37.736000,2.0,HARD,15.0,0 days 01:12:42.750000,1,True,18.0,17.8,48.0,939.2,False,1.6,21
OCO,31,Alpine,32.0,0 days 00:01:37.629000,2.0,HARD,12.0,0 days 01:12:43.286000,1,True,18.0,17.8,48.0,939.2,False,1.6,21
ALB,23,Williams,32.0,0 days 00:01:38.070000,2.0,HARD,16.0,0 days 01:12:43.990000,1,True,18.0,17.8,48.0,939.2,False,1.6,21
STR,18,Aston Martin,32.0,0 days 00:01:37.883000,3.0,HARD,6.0,0 days 01:12:44.904000,1,True,18.0,17.8,48.0,939.2,False,1.6,21
RUS,63,Mercedes,32.0,0 days 00:01:37.834000,3.0,HARD,6.0,0 days 01:12:45.786000,1,True,18.0,17.8,48.0,939.2,False,1.6,21
SAI,55,Ferrari,32.0,0 days 00:01:38,3.0,HARD,6.0,0 days 01:12:46.442000,1,True,18.0,17.8,48.0,939.2,False,1.6,21
ALO,14,Aston Martin,32.0,0 days 00:01:37.769000,3.0,HARD,6.0,0 days 01:12:47.127000,1,True,18.0,17.8,48.0,939.2,False,1.6,21
ZHO,24,Alfa Romeo,32.0,0 days 00:01:37.375000,2.0,MEDIUM,6.0,0 days 01:12:48.432000,1,True,18.0,17.8,48.0,939.2,False,1.6,21
SAR,2,Williams,32.0,0 days 00:01:37.740000,2.0,HARD,17.0,0 days 01:12:48.826000,1,True,18.0,17.8,48.0,939.2,False,1.6,21
MAG,20,Haas F1 Team,32.0,0 days 00:01:38.174000,3.0,HARD,6.0,0 days 01:12:49.555000,1,True,18.0,17.8,48.0,939.2,False,1.6,21
HAM,44,Mercedes,32.0,0 days 00:01:38.279000,3.0,HARD,6.0,0 days 01:12:49.684000,1,True,18.0,17.8,48.0,939.2,False,1.6,21
HUL,27,Haas F1 Team,32.0,0 days 00:01:38.683000,3.0,HARD,6.0,0 days 01:12:51.150000,1,True,18.0,17.8,48.0,939.2,False,1.6,21
RIC,3,AlphaTauri,32.0,0 days 00:01:38.997000,2.0,HARD,15.0,0 days 01:12:52.401000,1,True,18.0,17.8,48.0,939.2,False,1.6,21
BOT,77,Alfa Romeo,32.0,0 days 00:01:40.257000,3.0,MEDIUM,8.0,0 days 01:12:55.451000,1,True,18.0,17.8,48.0,939.2,False,1.6,21
TSU,22,AlphaTauri,32.0,0 days 00:01:40.396000,3.0,HARD,11.0,0 days 01:12:58.028000,1,True,18.0,17.8,48.0,939.2,False,1.6,21
PER,11,Red Bull Racing,33.0,0 days 00:01:37.012000,3.0,HARD,7.0,0 days 01:14:15.722000,1,True,18.0,17.8,47.0,939.2,False,3.0,303
LEC,16,Ferrari,33.0,0 days 00:01:37.337000,2.0,HARD,12.0,0 days 01:14:16.279000,1,True,18.0,17.8,47.0,939.2,False,3.0,303
PIA,81,McLaren,33.0,0 days 00:01:38.889000,2.0,HARD,18.0,0 days 01:14:17.222000,1,True,18.0,17.8,47.0,939.2,False,3.0,303
VER,1,Red Bull Racing,33.0,0 days 00:01:36.596000,3.0,HARD,7.0,0 days 01:14:18.671000,1,True,18.0,17.8,47.0,939.2,False,3.0,303
GAS,10,Alpine,33.0,0 days 00:01:37.805000,2.0,HARD,16.0,0 days 01:14:20.486000,1,True,18.0,17.8,47.0,939.2,False,3.0,303
OCO,31,Alpine,33.0,0 days 00:01:37.458000,2.0,HARD,13.0,0 days 01:14:20.915000,1,True,18.0,17.8,47.0,939.2,False,3.0,303
ALB,23,Williams,33.0,0 days 00:01:37.789000,2.0,HARD,17.0,0 days 01:14:22.060000,1,True,18.0,17.8,47.0,939.2,False,3.0,303
STR,18,Aston Martin,33.0,0 days 00:01:37.622000,3.0,HARD,7.0,0 days 01:14:22.787000,1,True,18.0,17.8,47.0,939.2,False,3.0,303
RUS,63,Mercedes,33.0,0 days 00:01:38.033000,3.0,HARD,7.0,0 days 01:14:23.620000,1,True,18.0,17.8,47.0,939.2,False,3.0,303
SAI,55,Ferrari,33.0,0 days 00:01:38.049000,3.0,HARD,7.0,0 days 01:14:24.442000,1,True,18.0,17.8,47.0,939.2,False,3.0,303
ALO,14,Aston Martin,33.0,0 days 00:01:38.291000,3.0,HARD,7.0,0 days 01:14:24.896000,1,True,18.0,17.8,47.0,939.2,False,3.0,303
ZHO,24,Alfa Romeo,33.0,0 days 00:01:38.043000,2.0,MEDIUM,7.0,0 days 01:14:25.807000,1,True,18.0,17.8,47.0,939.2,False,3.0,303
SAR,2,Williams,33.0,0 days 00:01:38.253000,2.0,HARD,18.0,0 days 01:14:26.566000,1,True,18.0,17.8,47.0,939.2,False,3.0,303
MAG,20,Haas F1 Team,33.0,0 days 00:01:38.032000,3.0,HARD,7.0,0 days 01:14:27.729000,1,True,18.0,17.8,47.0,939.2,False,3.0,303
HAM,44,Mercedes,33.0,0 days 00:01:37.437000,3.0,HARD,7.0,0 days 01:14:27.963000,1,True,18.0,17.8,47.0,939.2,False,3.0,303
HUL,27,Haas F1 Team,33.0,0 days 00:01:38.129000,3.0,HARD,7.0,0 days 01:14:29.833000,1,True,18.0,17.8,47.0,939.2,False,3.0,303
RIC,3,AlphaTauri,33.0,0 days 00:01:38.530000,2.0,HARD,16.0,0 days 01:14:31.398000,1,True,18.0,17.8,47.0,939.2,False,3.0,303
BOT,77,Alfa Romeo,33.0,0 days 00:01:41.292000,3.0,MEDIUM,9.0,0 days 01:14:35.708000,1,True,18.0,17.8,47.0,939.2,False,3.0,303
TSU,22,AlphaTauri,33.0,0 days 00:01:40.290000,3.0,HARD,12.0,0 days 01:14:38.424000,1,True,18.0,17.8,48.0,939.2,False,3.0,249
PER,11,Red Bull Racing,34.0,0 days 00:01:36.826000,3.0,HARD,8.0,0 days 01:15:52.734000,1,True,18.1,17.7,48.0,939.2,False,3.2,262
LEC,16,Ferrari,34.0,0 days 00:01:36.687000,2.0,HARD,13.0,0 days 01:15:53.616000,1,True,18.1,17.7,48.0,939.2,False,3.2,262
VER,1,Red Bull Racing,34.0,0 days 00:01:36.359000,3.0,HARD,8.0,0 days 01:15:55.267000,1,True,18.1,17.7,48.0,939.2,False,3.2,262
PIA,81,McLaren,34.0,0 days 00:01:37.332000,2.0,HARD,19.0,0 days 01:15:56.111000,1,True,18.1,17.7,48.0,939.2,False,3.2,262
GAS,10,Alpine,34.0,0 days 00:01:38.586000,2.0,HARD,17.0,0 days 01:15:58.291000,1,True,18.1,17.7,48.0,939.2,False,3.2,262
OCO,31,Alpine,34.0,0 days 00:01:37.810000,2.0,HARD,14.0,0 days 01:15:58.373000,1,True,18.1,17.7,48.0,939.2,False,3.2,262
ALB,23,Williams,34.0,0 days 00:01:37.960000,2.0,HARD,18.0,0 days 01:15:59.849000,1,True,18.1,17.7,48.0,939.2,False,3.2,262
STR,18,Aston Martin,34.0,0 days 00:01:37.783000,3.0,HARD,8.0,0 days 01:16:00.409000,1,True,18.1,17.7,48.0,939.2,False,3.2,262
RUS,63,Mercedes,34.0,0 days 00:01:37.577000,3.0,HARD,8.0,0 days 01:16:01.653000,1,True,18.1,17.7,48.0,939.2,False,3.2,262
SAI,55,Ferrari,34.0,0 days 00:01:37.489000,3.0,HARD,8.0,0 days 01:16:02.491000,1,True,18.1,17.7,48.0,939.2,False,3.2,262
ALO,14,Aston Martin,34.0,0 days 00:01:37.757000,3.0,HARD,8.0,0 days 01:16:03.187000,1,True,18.1,17.7,48.0,939.2,False,3.2,262
ZHO,24,Alfa Romeo,34.0,0 days 00:01:37.847000,2.0,MEDIUM,8.0,0 days 01:16:03.850000,1,True,18.1,17.7,48.0,939.2,False,3.2,262
SAR,2,Williams,34.0,0 days 00:01:38.803000,2.0,HARD,19.0,0 days 01:16:04.819000,1,True,18.1,17.7,48.0,939.2,False,3.2,262
HAM,44,Mercedes,34.0,0 days 00:01:37.140000,3.0,HARD,8.0,0 days 01:16:05.400000,1,True,18.1,17.7,48.0,939.2,False,3.2,262
MAG,20,Haas F1 Team,34.0,0 days 00:01:38.734000,3.0,HARD,8.0,0 days 01:16:05.761000,1,True,18.1,17.7,48.0,939.2,False,3.2,262
HUL,27,Haas F1 Team,34.0,0 days 00:01:38.034000,3.0,HARD,8.0,0 days 01:16:07.962000,1,True,18.1,17.7,48.0,939.2,False,3.2,262
RIC,3,AlphaTauri,34.0,0 days 00:01:38.127000,2.0,HARD,17.0,0 days 01:16:09.928000,1,True,18.1,17.7,48.0,939.2,False,3.2,262
BOT,77,Alfa Romeo,34.0,0 days 00:01:41.214000,3.0,MEDIUM,10.0,0 days 01:16:17,1,True,18.1,17.7,48.0,939.2,False,3.2,262
TSU,22,AlphaTauri,34.0,0 days 00:01:40.334000,3.0,HARD,13.0,0 days 01:16:18.714000,1,True,18.1,17.7,48.0,939.2,False,3.2,262
PER,11,Red Bull Racing,35.0,0 days 00:01:37.706000,3.0,HARD,9.0,0 days 01:17:29.560000,1,True,18.1,17.7,47.0,939.4,False,2.0,0
LEC,16,Ferrari,35.0,0 days 00:01:36.647000,2.0,HARD,14.0,0 days 01:17:30.303000,1,True,18.1,17.7,47.0,939.4,False,2.0,0
VER,1,Red Bull Racing,35.0,0 days 00:01:36.239000,3.0,HARD,9.0,0 days 01:17:31.626000,1,True,18.1,17.7,47.0,939.4,False,2.0,0
PIA,81,McLaren,35.0,0 days 00:01:37,2.0,HARD,20.0,0 days 01:17:33.443000,1,True,18.1,17.7,47.0,939.4,False,2.0,0
OCO,31,Alpine,35.0,0 days 00:01:37.449000,2.0,HARD,15.0,0 days 01:17:36.183000,1,True,18.1,17.7,47.0,939.4,False,2.0,0
GAS,10,Alpine,35.0,0 days 00:01:37.528000,2.0,HARD,18.0,0 days 01:17:36.877000,1,True,18.2,17.7,47.0,939.2,False,2.2,251
ALB,23,Williams,35.0,0 days 00:01:38.394000,2.0,HARD,19.0,0 days 01:17:37.809000,1,True,18.2,17.7,47.0,939.2,False,2.2,251
STR,18,Aston Martin,35.0,0 days 00:01:37.887000,3.0,HARD,9.0,0 days 01:17:38.192000,1,True,18.2,17.7,47.0,939.2,False,2.2,251
RUS,63,Mercedes,35.0,0 days 00:01:37.854000,3.0,HARD,9.0,0 days 01:17:39.230000,1,True,18.2,17.7,47.0,939.2,False,2.2,251
SAI,55,Ferrari,35.0,0 days 00:01:37.615000,3.0,HARD,9.0,0 days 01:17:39.980000,1,True,18.2,17.7,47.0,939.2,False,2.2,251
ALO,14,Aston Martin,35.0,0 days 00:01:37.614000,3.0,HARD,9.0,0 days 01:17:40.944000,1,True,18.2,17.7,47.0,939.2,False,2.2,251
ZHO,24,Alfa Romeo,35.0,0 days 00:01:37.582000,2.0,MEDIUM,9.0,0 days 01:17:41.697000,1,True,18.2,17.7,47.0,939.2,False,2.2,251
HAM,44,Mercedes,35.0,0 days 00:01:36.875000,3.0,HARD,9.0,0 days 01:17:42.540000,1,True,18.2,17.7,47.0,939.2,False,2.2,251
SAR,2,Williams,35.0,0 days 00:01:37.915000,2.0,HARD,20.0,0 days 01:17:43.622000,1,True,18.2,17.7,47.0,939.2,False,2.2,251
MAG,20,Haas F1 Team,35.0,0 days 00:01:38.158000,3.0,HARD,9.0,0 days 01:17:44.495000,1,True,18.2,17.7,47.0,939.2,False,2.2,251
HUL,27,Haas F1 Team,35.0,0 days 00:01:37.897000,3.0,HARD,9.0,0 days 01:17:45.996000,1,True,18.2,17.7,47.0,939.2,False,2.2,251
RIC,3,AlphaTauri,35.0,0 days 00:01:37.893000,2.0,HARD,18.0,0 days 01:17:48.055000,1,True,18.2,17.7,47.0,939.2,False,2.2,251
BOT,77,Alfa Romeo,35.0,0 days 00:01:41.020000,3.0,MEDIUM,11.0,0 days 01:17:58.214000,1,True,18.2,17.7,47.0,939.2,False,2.2,251
TSU,22,AlphaTauri,35.0,0 days 00:01:40.567000,3.0,HARD,14.0,0 days 01:17:59.048000,1,True,18.2,17.7,47.0,939.2,False,2.2,251
LEC,16,Ferrari,36.0,0 days 00:01:36.562000,2.0,HARD,15.0,0 days 01:19:06.950000,1,True,18.2,17.7,47.0,939.2,False,2.2,251
PER,11,Red Bull Racing,36.0,0 days 00:01:37.570000,3.0,HARD,10.0,0 days 01:19:07.266000,1,True,18.2,17.7,47.0,939.2,False,2.2,251
VER,1,Red Bull Racing,36.0,0 days 00:01:36.276000,3.0,HARD,10.0,0 days 01:19:07.865000,1,True,18.2,17.7,47.0,939.2,False,2.2,251
PIA,81,McLaren,36.0,0 days 00:01:36.849000,2.0,HARD,21.0,0 days 01:19:10.443000,1,True,18.2,17.7,47.0,939.2,False,2.2,251
OCO,31,Alpine,36.0,0 days 00:01:37.062000,2.0,HARD,16.0,0 days 01:19:13.632000,1,True,18.2,17.7,47.0,939.2,False,2.2,251
GAS,10,Alpine,36.0,0 days 00:01:37.126000,2.0,HARD,19.0,0 days 01:19:14.405000,1,True,18.2,17.7,47.0,939.2,False,2.2,251
STR,18,Aston Martin,36.0,0 days 00:01:37.358000,3.0,HARD,10.0,0 days 01:19:16.079000,1,True,18.2,17.7,47.0,939.2,False,2.2,251
ALB,23,Williams,36.0,0 days 00:01:38.491000,2.0,HARD,20.0,0 days 01:19:16.203000,1,True,18.2,17.7,47.0,939.2,False,2.2,251
RUS,63,Mercedes,36.0,0 days 00:01:38.114000,3.0,HARD,10.0,0 days 01:19:17.084000,1,True,18.2,17.7,47.0,939.2,False,2.2,251
SAI,55,Ferrari,36.0,0 days 00:01:37.894000,3.0,HARD,10.0,0 days 01:19:17.595000,1,True,18.2,17.7,47.0,939.2,False,2.2,251
ALO,14,Aston Martin,36.0,0 days 00:01:37.797000,3.0,HARD,10.0,0 days 01:19:18.558000,1,True,18.2,17.7,47.0,939.2,False,2.2,251
ZHO,24,Alfa Romeo,36.0,0 days 00:01:37.897000,2.0,MEDIUM,10.0,0 days 01:19:19.279000,1,True,18.2,17.7,47.0,939.2,False,2.2,251
HAM,44,Mercedes,36.0,0 days 00:01:37.966000,3.0,HARD,10.0,0 days 01:19:19.415000,1,True,18.2,17.7,47.0,939.2,False,2.2,251
SAR,2,Williams,36.0,0 days 00:01:38.198000,2.0,HARD,21.0,0 days 01:19:21.537000,1,True,18.2,17.7,47.0,939.2,False,2.2,251
MAG,20,Haas F1 Team,36.0,0 days 00:01:37.721000,3.0,HARD,10.0,0 days 01:19:22.653000,1,True,18.2,17.7,47.0,939.2,False,2.2,251
HUL,27,Haas F1 Team,36.0,0 days 00:01:37.756000,3.0,HARD,10.0,0 days 01:19:23.893000,1,True,18.2,17.7,47.0,939.2,False,2.2,251
RIC,3,AlphaTauri,36.0,0 days 00:01:37.761000,2.0,HARD,19.0,0 days 01:19:25.948000,1,True,18.2,17.7,47.0,939.2,False,2.2,251
BOT,77,Alfa Romeo,36.0,0 days 00:01:41.741000,3.0,MEDIUM,12.0,0 days 01:19:39.234000,1,True,18.2,17.7,47.0,939.5,False,4.0,286
TSU,22,AlphaTauri,36.0,0 days 00:01:40.209000,3.0,HARD,15.0,0 days 01:19:39.615000,1,True,18.2,17.7,47.0,939.5,False,4.0,286
LEC,16,Ferrari,37.0,0 days 00:01:37.929000,2.0,HARD,16.0,0 days 01:20:43.512000,1,True,18.1,17.7,47.0,939.4,False,2.2,301
VER,1,Red Bull Racing,37.0,0 days 00:01:36.660000,3.0,HARD,11.0,0 days 01:20:44.141000,1,True,18.1,17.7,47.0,939.4,False,2.2,301
PER,11,Red Bull Racing,37.0,0 days 00:01:37.055000,3.0,HARD,11.0,0 days 01:20:44.836000,1,True,18.1,17.7,47.0,939.4,False,2.2,301
PIA,81,McLaren,37.0,0 days 00:01:37.484000,2.0,HARD,22.0,0 days 01:20:47.292000,1,True,18.1,17.7,47.0,939.4,False,2.2,301
OCO,31,Alpine,37.0,0 days 00:01:37.044000,2.0,HARD,17.0,0 days 01:20:50.694000,1,True,18.1,17.7,47.0,939.4,False,2.2,301
GAS,10,Alpine,37.0,0 days 00:01:36.913000,2.0,HARD,20.0,0 days 01:20:51.531000,1,True,18.1,17.7,47.0,939.4,False,2.2,301
STR,18,Aston Martin,37.0,0 days 00:01:37.234000,3.0,HARD,11.0,0 days 01:20:53.437000,1,True,18.1,17.7,47.0,939.4,False,2.2,301
ALB,23,Williams,37.0,0 days 00:01:38.099000,2.0,HARD,21.0,0 days 01:20:54.694000,1,True,18.1,17.7,47.0,939.4,False,2.2,301
RUS,63,Mercedes,37.0,0 days 00:01:38.010000,3.0,HARD,11.0,0 days 01:20:55.198000,1,True,18.1,17.7,47.0,939.4,False,2.2,301
SAI,55,Ferrari,37.0,0 days 00:01:37.858000,3.0,HARD,11.0,0 days 01:20:55.489000,1,True,18.1,17.7,47.0,939.4,False,2.2,301
ALO,14,Aston Martin,37.0,0 days 00:01:37.879000,3.0,HARD,11.0,0 days 01:20:56.355000,1,True,18.1,17.7,47.0,939.4,False,2.2,301
ZHO,24,Alfa Romeo,37.0,0 days 00:01:38.420000,2.0,MEDIUM,11.0,0 days 01:20:57.176000,1,True,18.1,17.7,47.0,939.4,False,2.2,301
HAM,44,Mercedes,37.0,0 days 00:01:37.389000,3.0,HARD,11.0,0 days 01:20:57.381000,1,True,18.1,17.7,47.0,939.4,False,2.2,301
SAR,2,Williams,37.0,0 days 00:01:38.694000,2.0,HARD,22.0,0 days 01:20:59.735000,1,True,18.1,17.7,47.0,939.4,False,2.2,301
MAG,20,Haas F1 Team,37.0,0 days 00:01:38.615000,3.0,HARD,11.0,0 days 01:21:00.374000,1,True,18.1,17.7,47.0,939.4,False,2.2,301
HUL,27,Haas F1 Team,37.0,0 days 00:01:37.877000,3.0,HARD,11.0,0 days 01:21:01.649000,1,True,18.1,17.7,47.0,939.4,False,2.2,301
RIC,3,AlphaTauri,37.0,0 days 00:01:37.400000,2.0,HARD,20.0,0 days 01:21:03.709000,1,True,18.1,17.7,47.0,939.4,False,2.2,301
TSU,22,AlphaTauri,37.0,0 days 00:01:38.836000,3.0,HARD,16.0,0 days 01:21:19.824000,1,True,18.1,17.7,47.0,939.4,False,2.2,301
BOT,77,Alfa Romeo,37.0,0 days 00:01:41.632000,3.0,MEDIUM,13.0,0 days 01:21:20.975000,1,True,18.1,17.7,47.0,939.4,False,2.2,301
VER,1,Red Bull Racing,38.0,0 days 00:01:36.100000,3.0,HARD,12.0,0 days 01:22:20.801000,1,True,18.2,17.7,47.0,939.4,False,1.7,0
LEC,16,Ferrari,38.0,0 days 00:01:36.256000,2.0,HARD,17.0,0 days 01:22:21.441000,1,True,18.2,17.7,47.0,939.4,False,1.7,0
PER,11,Red Bull Racing,38.0,0 days 00:01:36.510000,3.0,HARD,12.0,0 days 01:22:21.891000,1,True,18.2,17.7,47.0,939.4,False,1.7,0
PIA,81,McLaren,38.0,0 days 00:01:37.202000,2.0,HARD,23.0,0 days 01:22:24.776000,1,True,18.2,17.7,47.0,939.4,False,1.7,0
OCO,31,Alpine,38.0,0 days 00:01:36.964000,2.0,HARD,18.0,0 days 01:22:27.738000,1,True,18.2,17.7,47.0,939.4,False,1.7,0
GAS,10,Alpine,38.0,0 days 00:01:37.004000,2.0,HARD,21.0,0 days 01:22:28.444000,1,True,18.2,17.7,47.0,939.4,False,1.7,0
STR,18,Aston Martin,38.0,0 days 00:01:36.853000,3.0,HARD,12.0,0 days 01:22:30.671000,1,True,18.2,17.7,47.0,939.4,False,1.7,0
ALB,23,Williams,38.0,0 days 00:01:37.788000,2.0,HARD,22.0,0 days 01:22:32.793000,1,True,18.2,17.7,47.0,939.4,False,1.7,0
RUS,63,Mercedes,38.0,0 days 00:01:37.946000,3.0,HARD,12.0,0 days 01:22:33.208000,1,True,18.2,17.7,47.0,939.4,False,1.7,0
SAI,55,Ferrari,38.0,0 days 00:01:38.298000,3.0,HARD,12.0,0 days 01:22:33.347000,1,True,18.2,17.7,47.0,939.4,False,1.7,0
ALO,14,Aston Martin,38.0,0 days 00:01:37.759000,3.0,HARD,12.0,0 days 01:22:34.234000,1,True,18.2,17.7,47.0,939.4,False,1.7,0
HAM,44,Mercedes,38.0,0 days 00:01:37.827000,3.0,HARD,12.0,0 days 01:22:34.770000,1,True,18.2,17.7,47.0,939.4,False,1.7,0
ZHO,24,Alfa Romeo,38.0,0 days 00:01:38.384000,2.0,MEDIUM,12.0,0 days 01:22:35.596000,1,True,18.2,17.7,47.0,939.4,False,1.7,0
SAR,2,Williams,38.0,0 days 00:01:38.611000,2.0,HARD,23.0,0 days 01:22:38.429000,1,True,18.1,17.9,47.0,939.4,False,0.6,305
MAG,20,Haas F1 Team,38.0,0 days 00:01:38.684000,3.0,HARD,12.0,0 days 01:22:38.989000,1,True,18.1,17.9,47.0,939.4,False,0.6,305
HUL,27,Haas F1 Team,38.0,0 days 00:01:38.542000,3.0,HARD,12.0,0 days 01:22:39.526000,1,True,18.1,17.9,47.0,939.4,False,0.6,305
RIC,3,AlphaTauri,38.0,0 days 00:01:38.133000,2.0,HARD,21.0,0 days 01:22:41.109000,1,True,18.1,17.9,47.0,939.4,False,0.6,305
TSU,22,AlphaTauri,38.0,0 days 00:01:38.957000,3.0,HARD,17.0,0 days 01:22:58.660000,1,True,18.1,17.9,47.0,939.4,False,0.6,305
BOT,77,Alfa Romeo,38.0,0 days 00:01:40.499000,3.0,MEDIUM,14.0,0 days 01:23:02.607000,1,True,18.1,17.9,47.0,939.4,False,0.6,305
VER,1,Red Bull Racing,39.0,0 days 00:01:35.938000,3.0,HARD,13.0,0 days 01:23:56.901000,1,True,18.1,17.9,47.0,939.5,False,1.1,200
LEC,16,Ferrari,39.0,0 days 00:01:36.141000,2.0,HARD,18.0,0 days 01:23:57.697000,1,True,18.1,17.9,47.0,939.5,False,1.1,200
PER,11,Red Bull Racing,39.0,0 days 00:01:36.119000,3.0,HARD,13.0,0 days 01:23:58.401000,1,True,18.1,17.9,47.0,939.5,False,1.1,200
PIA,81,McLaren,39.0,0 days 00:01:37.151000,2.0,HARD,24.0,0 days 01:24:01.978000,1,True,18.1,17.9,47.0,939.5,False,1.1,200
OCO,31,Alpine,39.0,0 days 00:01:36.905000,2.0,HARD,19.0,0 days 01:24:04.702000,1,True,18.1,17.9,47.0,939.5,False,1.1,200
GAS,10,Alpine,39.0,0 days 00:01:37.603000,2.0,HARD,22.0,0 days 01:24:05.448000,1,True,18.1,17.9,47.0,939.5,False,1.1,200
STR,18,Aston Martin,39.0,0 days 00:01:36.816000,3.0,HARD,13.0,0 days 01:24:07.524000,1,True,18.1,17.9,47.0,939.5,False,1.1,200
ALB,23,Williams,39.0,0 days 00:01:38.652000,2.0,HARD,23.0,0 days 01:24:10.581000,1,True,18.1,17.9,47.0,939.5,False,1.1,200
RUS,63,Mercedes,39.0,0 days 00:01:37.409000,3.0,HARD,13.0,0 days 01:24:11.154000,1,True,18.1,17.9,47.0,939.5,False,1.1,200
SAI,55,Ferrari,39.0,0 days 00:01:38.142000,3.0,HARD,13.0,0 days 01:24:11.645000,1,True,18.1,17.9,47.0,939.5,False,1.1,200
ALO,14,Aston Martin,39.0,0 days 00:01:38.048000,3.0,HARD,13.0,0 days 01:24:11.993000,1,True,18.1,17.9,47.0,939.5,False,1.1,200
HAM,44,Mercedes,39.0,0 days 00:01:37.747000,3.0,HARD,13.0,0 days 01:24:12.597000,1,True,18.1,17.9,47.0,939.5,False,1.1,200
ZHO,24,Alfa Romeo,39.0,0 days 00:01:38.890000,2.0,MEDIUM,13.0,0 days 01:24:13.980000,1,True,18.1,17.9,47.0,939.5,False,1.1,200
SAR,2,Williams,39.0,0 days 00:01:38.304000,2.0,HARD,24.0,0 days 01:24:17.040000,1,True,18.1,17.9,47.0,939.5,False,1.1,200
MAG,20,Haas F1 Team,39.0,0 days 00:01:38.163000,3.0,HARD,13.0,0 days 01:24:17.673000,1,True,18.1,17.9,47.0,939.5,False,1.1,200
HUL,27,Haas F1 Team,39.0,0 days 00:01:38.222000,3.0,HARD,13.0,0 days 01:24:18.068000,1,True,18.1,17.9,47.0,939.5,False,1.1,200
RIC,3,AlphaTauri,39.0,0 days 00:01:38.088000,2.0,HARD,22.0,0 days 01:24:19.242000,1,True,18.1,17.9,47.0,939.5,False,1.1,200
TSU,22,AlphaTauri,39.0,0 days 00:01:38.689000,3.0,HARD,18.0,0 days 01:24:37.617000,1,True,18.1,17.9,47.0,939.5,False,1.7,220
BOT,77,Alfa Romeo,39.0,0 days 00:01:40.969000,3.0,MEDIUM,15.0,0 days 01:24:43.106000,1,True,18.1,17.9,47.0,939.5,False,1.7,220
VER,1,Red Bull Racing,40.0,0 days 00:01:35.997000,3.0,HARD,14.0,0 days 01:25:32.839000,12,True,18.1,17.9,47.0,939.5,False,1.7,220
LEC,16,Ferrari,40.0,0 days 00:01:36.121000,2.0,HARD,19.0,0 days 01:25:33.838000,12,True,18.1,17.9,47.0,939.5,False,1.7,220
PER,11,Red Bull Racing,40.0,0 days 00:01:35.939000,3.0,HARD,14.0,0 days 01:25:34.520000,12,True,18.1,17.9,47.0,939.5,False,1.7,220
PIA,81,McLaren,40.0,0 days 00:01:37.223000,2.0,HARD,25.0,0 days 01:25:39.129000,12,True,18.1,17.8,47.0,939.5,False,1.5,308
OCO,31,Alpine,40.0,0 days 00:01:37.190000,2.0,HARD,20.0,0 days 01:25:41.607000,12,True,18.1,17.8,47.0,939.5,False,1.5,308
GAS,10,Alpine,40.0,0 days 00:01:37.789000,2.0,HARD,23.0,0 days 01:25:43.051000,12,True,18.1,17.8,47.0,939.5,False,1.5,308
STR,18,Aston Martin,40.0,0 days 00:01:36.932000,3.0,HARD,14.0,0 days 01:25:44.340000,12,True,18.1,17.8,47.0,939.5,False,1.5,308
RUS,63,Mercedes,40.0,0 days 00:01:36.654000,3.0,HARD,14.0,0 days 01:25:48.563000,12,True,18.1,17.8,47.0,939.5,False,1.5,308
ALB,23,Williams,40.0,0 days 00:01:41.170000,2.0,HARD,24.0,0 days 01:25:49.233000,12,True,18.1,17.8,47.0,939.5,False,1.5,308
SAI,55,Ferrari,40.0,0 days 00:01:37.241000,3.0,HARD,14.0,0 days 01:25:49.787000,12,True,18.1,17.8,47.0,939.5,False,1.5,308
ALO,14,Aston Martin,40.0,0 days 00:01:37.628000,3.0,HARD,14.0,0 days 01:25:50.041000,12,True,18.1,17.8,47.0,939.5,False,1.5,308
HAM,44,Mercedes,40.0,0 days 00:01:38.524000,3.0,HARD,14.0,0 days 01:25:50.344000,12,True,18.1,17.8,47.0,939.5,False,1.5,308
ZHO,24,Alfa Romeo,40.0,0 days 00:01:38.751000,2.0,MEDIUM,14.0,0 days 01:25:52.870000,12,True,18.1,17.8,47.0,939.5,False,1.5,308
SAR,2,Williams,40.0,0 days 00:01:39.781000,2.0,HARD,25.0,0 days 01:25:55.344000,12,True,18.1,17.8,47.0,939.5,False,1.5,308
MAG,20,Haas F1 Team,40.0,0 days 00:01:38.687000,3.0,HARD,14.0,0 days 01:25:55.836000,12,True,18.1,17.8,47.0,939.5,False,1.5,308
HUL,27,Haas F1 Team,40.0,0 days 00:01:39.174000,3.0,HARD,14.0,0 days 01:25:56.290000,12,True,18.1,17.8,47.0,939.5,False,1.5,308
RIC,3,AlphaTauri,40.0,0 days 00:01:38.686000,2.0,HARD,23.0,0 days 01:25:57.330000,12,True,18.1,17.8,47.0,939.5,False,1.5,308
TSU,22,AlphaTauri,40.0,0 days 00:01:38.391000,3.0,HARD,19.0,0 days 01:26:16.306000,12,True,18.1,17.8,47.0,939.5,False,1.5,308
BOT,77,Alfa Romeo,40.0,0 days 00:01:40.347000,3.0,MEDIUM,16.0,0 days 01:26:24.075000,12,True,18.1,17.8,47.0,939.5,False,1.5,308
VER,1,Red Bull Racing,41.0,0 days 00:01:35.920000,3.0,HARD,15.0,0 days 01:27:08.836000,1,True,18.2,17.7,47.0,939.7,False,1.3,16
LEC,16,Ferrari,41.0,0 days 00:01:36.457000,2.0,HARD,20.0,0 days 01:27:09.959000,1,True,18.2,17.7,47.0,939.7,False,1.3,16
PER,11,Red Bull Racing,41.0,0 days 00:01:36.288000,3.0,HARD,15.0,0 days 01:27:10.459000,1,True,18.2,17.7,47.0,939.7,False,1.3,16
PIA,81,McLaren,41.0,0 days 00:01:37.408000,2.0,HARD,26.0,0 days 01:27:16.352000,1,True,18.2,17.7,47.0,939.7,False,1.3,16
OCO,31,Alpine,41.0,0 days 00:01:37.607000,2.0,HARD,21.0,0 days 01:27:18.797000,1,True,18.2,17.7,47.0,939.7,False,1.3,16
GAS,10,Alpine,41.0,0 days 00:01:38.760000,2.0,HARD,24.0,0 days 01:27:20.840000,1,True,18.2,17.7,47.0,939.7,False,1.3,16
STR,18,Aston Martin,41.0,0 days 00:01:37.741000,3.0,HARD,15.0,0 days 01:27:21.272000,1,True,18.2,17.7,47.0,939.7,False,1.3,16
RUS,63,Mercedes,41.0,0 days 00:01:36.692000,3.0,HARD,15.0,0 days 01:27:25.217000,1,True,18.2,17.7,47.0,939.7,False,1.3,16
SAI,55,Ferrari,41.0,0 days 00:01:36.804000,3.0,HARD,15.0,0 days 01:27:27.028000,1,True,18.2,17.7,47.0,939.7,False,1.3,16
ALO,14,Aston Martin,41.0,0 days 00:01:36.704000,3.0,HARD,15.0,0 days 01:27:27.669000,1,True,18.2,17.7,47.0,939.7,False,1.3,16
HAM,44,Mercedes,41.0,0 days 00:01:36.549000,3.0,HARD,15.0,0 days 01:27:28.868000,1,True,18.2,17.7,47.0,939.7,False,1.3,16
ALB,23,Williams,41.0,0 days 00:01:39.349000,2.0,HARD,25.0,0 days 01:27:30.403000,1,True,18.2,17.7,47.0,939.7,False,1.3,16
ZHO,24,Alfa Romeo,41.0,0 days 00:01:38.618000,2.0,MEDIUM,15.0,0 days 01:27:31.621000,1,True,18.2,17.7,47.0,939.7,False,1.3,16
MAG,20,Haas F1 Team,41.0,0 days 00:01:38.455000,3.0,HARD,15.0,0 days 01:27:34.523000,1,True,18.2,17.7,47.0,939.7,False,1.3,16
SAR,2,Williams,41.0,0 days 00:01:38.695000,2.0,HARD,26.0,0 days 01:27:35.125000,1,True,18.2,17.7,47.0,939.7,False,1.3,16
HUL,27,Haas F1 Team,41.0,0 days 00:01:38.762000,3.0,HARD,15.0,0 days 01:27:35.464000,1,True,18.2,17.7,47.0,939.7,False,1.3,16
RIC,3,AlphaTauri,41.0,0 days 00:01:38.960000,2.0,HARD,24.0,0 days 01:27:36.016000,1,True,18.2,17.7,47.0,939.7,False,1.3,16
TSU,22,AlphaTauri,41.0,0 days 00:01:38.004000,3.0,HARD,20.0,0 days 01:27:54.697000,1,True,18.2,17.8,47.0,939.5,False,1.3,18
BOT,77,Alfa Romeo,41.0,0 days 00:01:40.593000,3.0,MEDIUM,17.0,0 days 01:28:04.422000,1,True,18.2,17.8,47.0,939.5,False,1.3,18
VER,1,Red Bull Racing,42.0,0 days 00:01:36.212000,3.0,HARD,16.0,0 days 01:28:44.756000,1,True,18.1,17.8,47.0,939.7,False,2.0,288
LEC,16,Ferrari,42.0,0 days 00:01:36.527000,2.0,HARD,21.0,0 days 01:28:46.416000,1,True,18.1,17.8,47.0,939.7,False,2.0,288
PER,11,Red Bull Racing,42.0,0 days 00:01:36.637000,3.0,HARD,16.0,0 days 01:28:46.747000,1,True,18.1,17.8,47.0,939.7,False,2.0,288
PIA,81,McLaren,42.0,0 days 00:01:37.435000,2.0,HARD,27.0,0 days 01:28:53.760000,1,True,18.1,17.8,47.0,939.7,False,2.0,288
OCO,31,Alpine,42.0,0 days 00:01:37.253000,2.0,HARD,22.0,0 days 01:28:56.404000,1,True,18.1,17.8,47.0,939.7,False,2.0,288
STR,18,Aston Martin,42.0,0 days 00:01:37.078000,3.0,HARD,16.0,0 days 01:28:59.013000,1,True,18.1,17.8,47.0,939.7,False,2.0,288
GAS,10,Alpine,42.0,0 days 00:01:38.094000,2.0,HARD,25.0,0 days 01:28:59.600000,1,True,18.1,17.8,47.0,939.7,False,2.0,288
RUS,63,Mercedes,42.0,0 days 00:01:37.111000,3.0,HARD,16.0,0 days 01:29:01.909000,1,True,18.1,17.8,47.0,939.7,False,2.0,288
SAI,55,Ferrari,42.0,0 days 00:01:36.474000,3.0,HARD,16.0,0 days 01:29:03.832000,1,True,18.1,17.8,47.0,939.7,False,2.0,288
ALO,14,Aston Martin,42.0,0 days 00:01:36.559000,3.0,HARD,16.0,0 days 01:29:04.373000,1,True,18.1,17.8,47.0,939.7,False,2.0,288
HAM,44,Mercedes,42.0,0 days 00:01:36.037000,3.0,HARD,16.0,0 days 01:29:05.417000,1,True,18.1,17.8,47.0,939.7,False,2.0,288
ALB,23,Williams,42.0,0 days 00:01:38.718000,2.0,HARD,26.0,0 days 01:29:09.752000,1,True,18.1,17.8,47.0,939.7,False,2.0,288
ZHO,24,Alfa Romeo,42.0,0 days 00:01:39.026000,2.0,MEDIUM,16.0,0 days 01:29:10.239000,1,True,18.1,17.8,47.0,939.7,False,2.0,288
MAG,20,Haas F1 Team,42.0,0 days 00:01:38.134000,3.0,HARD,16.0,0 days 01:29:12.978000,1,True,18.1,17.8,47.0,939.7,False,2.0,288
SAR,2,Williams,42.0,0 days 00:01:40.057000,2.0,HARD,27.0,0 days 01:29:13.820000,1,True,18.1,17.8,47.0,939.7,False,2.0,288
HUL,27,Haas F1 Team,42.0,0 days 00:01:38.486000,3.0,HARD,16.0,0 days 01:29:14.226000,1,True,18.1,17.8,47.0,939.7,False,2.0,288
RIC,3,AlphaTauri,42.0,0 days 00:01:39.455000,2.0,HARD,25.0,0 days 01:29:14.976000,1,True,18.1,17.8,47.0,939.7,False,2.0,288
TSU,22,AlphaTauri,42.0,0 days 00:01:38.155000,3.0,HARD,21.0,0 days 01:29:32.701000,1,True,18.1,17.8,47.0,939.7,False,2.0,288
BOT,77,Alfa Romeo,42.0,0 days 00:01:40.002000,3.0,MEDIUM,18.0,0 days 01:29:45.015000,1,True,18.2,17.8,47.0,939.5,False,0.8,4
VER,1,Red Bull Racing,43.0,0 days 00:01:35.983000,3.0,HARD,17.0,0 days 01:30:20.968000,1,True,18.2,17.8,47.0,939.5,False,0.8,4
LEC,16,Ferrari,43.0,0 days 00:01:38.449000,2.0,HARD,22.0,0 days 01:30:22.943000,1,True,18.2,17.8,47.0,939.5,False,0.8,4
PER,11,Red Bull Racing,43.0,0 days 00:01:36.414000,3.0,HARD,17.0,0 days 01:30:23.384000,1,True,18.2,17.8,47.0,939.5,False,0.8,4
PIA,81,McLaren,43.0,0 days 00:01:41.648000,2.0,HARD,28.0,0 days 01:30:31.195000,1,False,18.2,17.8,47.0,939.5,False,0.8,4
OCO,31,Alpine,43.0,0 days 00:01:37.292000,2.0,HARD,23.0,0 days 01:30:33.657000,1,True,18.2,17.8,47.0,939.5,False,0.8,4
STR,18,Aston Martin,43.0,0 days 00:01:36.941000,3.0,HARD,17.0,0 days 01:30:36.091000,1,True,18.2,17.8,47.0,939.5,False,0.8,4
GAS,10,Alpine,43.0,0 days 00:01:38.666000,2.0,HARD,26.0,0 days 01:30:37.694000,1,True,18.1,17.7,47.0,939.9,False,2.4,261
RUS,63,Mercedes,43.0,0 days 00:01:36.581000,3.0,HARD,17.0,0 days 01:30:39.020000,1,True,18.1,17.7,47.0,939.9,False,2.4,261
SAI,55,Ferrari,43.0,0 days 00:01:36.516000,3.0,HARD,17.0,0 days 01:30:40.306000,1,True,18.1,17.7,47.0,939.9,False,2.4,261
ALO,14,Aston Martin,43.0,0 days 00:01:36.801000,3.0,HARD,17.0,0 days 01:30:40.932000,1,True,18.1,17.7,47.0,939.9,False,2.4,261
HAM,44,Mercedes,43.0,0 days 00:01:37.417000,3.0,HARD,17.0,0 days 01:30:41.454000,1,True,18.1,17.7,47.0,939.9,False,2.4,261
ALB,23,Williams,43.0,0 days 00:01:38.565000,2.0,HARD,27.0,0 days 01:30:48.470000,1,True,18.1,17.7,47.0,939.9,False,2.4,261
ZHO,24,Alfa Romeo,43.0,0 days 00:01:38.321000,2.0,MEDIUM,17.0,0 days 01:30:49.265000,1,True,18.1,17.7,47.0,939.9,False,2.4,261
MAG,20,Haas F1 Team,43.0,0 days 00:01:37.915000,3.0,HARD,17.0,0 days 01:30:51.112000,1,True,18.1,17.7,47.0,939.9,False,2.4,261
HUL,27,Haas F1 Team,43.0,0 days 00:01:37.565000,3.0,HARD,17.0,0 days 01:30:52.712000,1,True,18.1,17.7,47.0,939.9,False,2.4,261
SAR,2,Williams,43.0,0 days 00:01:38.650000,2.0,HARD,28.0,0 days 01:30:53.877000,1,True,18.1,17.7,47.0,939.9,False,2.4,261
RIC,3,AlphaTauri,43.0,0 days 00:01:38.589000,2.0,HARD,26.0,0 days 01:30:54.431000,1,True,18.1,17.7,47.0,939.9,False,2.4,261
TSU,22,AlphaTauri,43.0,0 days 00:01:37.945000,3.0,HARD,22.0,0 days 01:31:10.856000,1,True,18.1,17.7,47.0,939.9,False,2.4,261
BOT,77,Alfa Romeo,43.0,0 days 00:01:39.831000,3.0,MEDIUM,19.0,0 days 01:31:25.017000,1,True,18.1,17.7,47.0,939.9,False,2.4,261
VER,1,Red Bull Racing,44.0,0 days 00:01:35.614000,3.0,HARD,18.0,0 days 01:31:56.951000,1,True,18.1,17.7,47.0,939.9,False,2.2,258
PER,11,Red Bull Racing,44.0,0 days 00:01:36.586000,3.0,HARD,18.0,0 days 01:31:59.798000,1,True,18.1,17.7,47.0,939.9,False,2.2,258
LEC,16,Ferrari,44.0,0 days 00:01:36.126000,2.0,HARD,23.0,0 days 01:32:01.392000,1,True,18.1,17.7,47.0,939.9,False,2.2,258
OCO,31,Alpine,44.0,0 days 00:01:37.191000,2.0,HARD,24.0,0 days 01:32:10.949000,1,True,18.1,17.7,47.0,939.9,False,2.2,258
PIA,81,McLaren,44.0,0 days 00:01:52.939000,3.0,MEDIUM,2.0,0 days 01:32:12.843000,1,False,18.1,17.7,47.0,939.9,False,2.2,258
STR,18,Aston Martin,44.0,0 days 00:01:36.763000,3.0,HARD,18.0,0 days 01:32:13.032000,1,True,18.1,17.7,47.0,939.9,False,2.2,258
RUS,63,Mercedes,44.0,0 days 00:01:36.071000,3.0,HARD,18.0,0 days 01:32:15.601000,1,True,18.1,17.7,47.0,939.9,False,2.2,258
GAS,10,Alpine,44.0,0 days 00:01:39.943000,2.0,HARD,27.0,0 days 01:32:16.360000,1,True,18.1,17.7,47.0,939.9,False,2.2,258
SAI,55,Ferrari,44.0,0 days 00:01:37.502000,3.0,HARD,18.0,0 days 01:32:16.822000,1,True,18.1,17.7,47.0,939.9,False,2.2,258
ALO,14,Aston Martin,44.0,0 days 00:01:37.992000,3.0,HARD,18.0,0 days 01:32:17.733000,1,True,18.1,17.7,47.0,939.9,False,2.2,258
HAM,44,Mercedes,44.0,0 days 00:01:37.316000,3.0,HARD,18.0,0 days 01:32:18.871000,1,True,18.1,17.7,47.0,939.9,False,2.2,258
ALB,23,Williams,44.0,0 days 00:01:39.131000,2.0,HARD,28.0,0 days 01:32:27.035000,1,True,18.1,17.7,47.0,939.9,False,2.2,258
ZHO,24,Alfa Romeo,44.0,0 days 00:01:39.741000,2.0,MEDIUM,18.0,0 days 01:32:27.586000,1,True,18.1,17.7,47.0,939.9,False,2.2,258
MAG,20,Haas F1 Team,44.0,0 days 00:01:38.693000,3.0,HARD,18.0,0 days 01:32:29.027000,1,True,18.1,17.7,47.0,939.9,False,2.2,258
HUL,27,Haas F1 Team,44.0,0 days 00:01:37.977000,3.0,HARD,18.0,0 days 01:32:30.277000,1,True,18.1,17.7,47.0,939.9,False,2.2,258
SAR,2,Williams,44.0,0 days 00:01:38.942000,2.0,HARD,29.0,0 days 01:32:32.527000,1,True,18.1,17.7,47.0,939.9,False,2.2,258
RIC,3,AlphaTauri,44.0,0 days 00:01:38.834000,2.0,HARD,27.0,0 days 01:32:33.020000,1,True,18.1,17.7,47.0,939.9,False,2.2,258
TSU,22,AlphaTauri,44.0,0 days 00:01:37.730000,3.0,HARD,23.0,0 days 01:32:48.801000,1,True,18.1,17.7,47.0,939.7,False,2.4,254
BOT,77,Alfa Romeo,44.0,0 days 00:01:39.304000,3.0,MEDIUM,20.0,0 days 01:33:04.848000,1,True,18.1,17.7,47.0,939.7,False,2.4,254
VER,1,Red Bull Racing,45.0,0 days 00:01:35.867000,3.0,HARD,19.0,0 days 01:33:32.565000,1,True,18.1,17.7,47.0,939.7,False,2.4,254
PER,11,Red Bull Racing,45.0,0 days 00:01:36.110000,3.0,HARD,19.0,0 days 01:33:36.384000,1,True,18.1,17.7,47.0,939.7,False,2.4,254
LEC,16,Ferrari,45.0,0 days 00:01:35.713000,2.0,HARD,24.0,0 days 01:33:37.518000,1,True,18.0,17.6,48.0,939.7,False,1.5,290
OCO,31,Alpine,45.0,0 days 00:01:36.929000,2.0,HARD,25.0,0 days 01:33:48.140000,1,True,18.0,17.6,48.0,939.7,False,1.5,290
STR,18,Aston Martin,45.0,0 days 00:01:36.584000,3.0,HARD,19.0,0 days 01:33:49.795000,1,True,18.0,17.6,48.0,939.7,False,1.5,290
RUS,63,Mercedes,45.0,0 days 00:01:36.291000,3.0,HARD,19.0,0 days 01:33:51.672000,1,True,18.0,17.6,48.0,939.7,False,1.5,290
SAI,55,Ferrari,45.0,0 days 00:01:36.064000,3.0,HARD,19.0,0 days 01:33:54.324000,1,True,18.0,17.6,48.0,939.7,False,1.5,290
ALO,14,Aston Martin,45.0,0 days 00:01:36.680000,3.0,HARD,19.0,0 days 01:33:55.725000,1,True,18.0,17.6,48.0,939.7,False,1.5,290
HAM,44,Mercedes,45.0,0 days 00:01:36.471000,3.0,HARD,19.0,0 days 01:33:56.187000,1,True,18.0,17.6,48.0,939.7,False,1.5,290
GAS,10,Alpine,45.0,0 days 00:01:38.829000,2.0,HARD,28.0,0 days 01:33:56.303000,1,True,18.0,17.6,48.0,939.7,False,1.5,290
PIA,81,McLaren,45.0,0 days 00:01:36.255000,3.0,MEDIUM,3.0,0 days 01:34:05.782000,1,True,18.0,17.6,48.0,939.7,False,1.5,290
ALB,23,Williams,45.0,0 days 00:01:38.508000,2.0,HARD,29.0,0 days 01:34:06.166000,1,True,18.0,17.6,48.0,939.7,False,1.5,290
ZHO,24,Alfa Romeo,45.0,0 days 00:01:38.534000,2.0,MEDIUM,19.0,0 days 01:34:07.327000,1,True,18.0,17.6,48.0,939.7,False,1.5,290
MAG,20,Haas F1 Team,45.0,0 days 00:01:38.597000,3.0,HARD,19.0,0 days 01:34:07.720000,1,True,18.0,17.6,48.0,939.7,False,1.5,290
HUL,27,Haas F1 Team,45.0,0 days 00:01:38.535000,3.0,HARD,19.0,0 days 01:34:08.254000,1,True,18.0,17.6,48.0,939.7,False,1.5,290
SAR,2,Williams,45.0,0 days 00:01:38.569000,2.0,HARD,30.0,0 days 01:34:11.469000,1,True,18.0,17.6,48.0,939.7,False,1.5,290
RIC,3,AlphaTauri,45.0,0 days 00:01:37.510000,2.0,HARD,28.0,0 days 01:34:11.854000,1,True,18.0,17.6,48.0,939.7,False,1.5,290
TSU,22,AlphaTauri,45.0,0 days 00:01:37.587000,3.0,HARD,24.0,0 days 01:34:26.531000,1,True,18.0,17.6,48.0,939.7,False,1.5,290
BOT,77,Alfa Romeo,45.0,0 days 00:01:39.075000,3.0,MEDIUM,21.0,0 days 01:34:44.152000,1,True,18.0,17.6,48.0,939.5,False,1.7,284
VER,1,Red Bull Racing,46.0,0 days 00:01:35.896000,3.0,HARD,20.0,0 days 01:35:08.432000,1,True,18.0,17.6,48.0,939.5,False,1.7,284
PER,11,Red Bull Racing,46.0,0 days 00:01:36.164000,3.0,HARD,20.0,0 days 01:35:12.494000,1,True,18.0,17.6,48.0,939.5,False,1.7,284
LEC,16,Ferrari,46.0,0 days 00:01:36.091000,2.0,HARD,25.0,0 days 01:35:13.231000,1,True,18.0,17.6,48.0,939.5,False,1.7,284
OCO,31,Alpine,46.0,0 days 00:01:36.917000,2.0,HARD,26.0,0 days 01:35:25.069000,1,True,18.0,17.6,48.0,939.5,False,1.7,284
STR,18,Aston Martin,46.0,0 days 00:01:36.868000,3.0,HARD,20.0,0 days 01:35:26.379000,1,True,18.0,17.6,48.0,939.5,False,1.7,284
RUS,63,Mercedes,46.0,0 days 00:01:36.325000,3.0,HARD,20.0,0 days 01:35:27.963000,1,True,18.0,17.6,48.0,939.5,False,1.7,284
SAI,55,Ferrari,46.0,0 days 00:01:36.186000,3.0,HARD,20.0,0 days 01:35:30.388000,1,True,18.0,17.6,48.0,939.5,False,1.7,284
ALO,14,Aston Martin,46.0,0 days 00:01:37.178000,3.0,HARD,20.0,0 days 01:35:32.405000,1,True,18.0,17.6,48.0,939.5,False,1.7,284
HAM,44,Mercedes,46.0,0 days 00:01:36.217000,3.0,HARD,20.0,0 days 01:35:32.658000,1,True,18.0,17.6,48.0,939.5,False,1.7,284
GAS,10,Alpine,46.0,0 days 00:01:38.079000,2.0,HARD,29.0,0 days 01:35:35.132000,12,True,18.0,17.6,48.0,939.5,False,1.7,284
PIA,81,McLaren,46.0,0 days 00:01:35.585000,3.0,MEDIUM,4.0,0 days 01:35:42.037000,12,True,18.0,17.7,48.0,939.7,False,1.6,195
ALB,23,Williams,46.0,0 days 00:01:38.284000,2.0,HARD,30.0,0 days 01:35:44.674000,12,True,18.0,17.7,48.0,939.7,False,1.6,195
ZHO,24,Alfa Romeo,46.0,0 days 00:01:39.897000,2.0,MEDIUM,20.0,0 days 01:35:45.861000,12,True,18.0,17.7,48.0,939.7,False,1.6,195
MAG,20,Haas F1 Team,46.0,0 days 00:01:38.918000,3.0,HARD,20.0,0 days 01:35:46.317000,12,True,18.0,17.7,48.0,939.7,False,1.6,195
HUL,27,Haas F1 Team,46.0,,3.0,HARD,20.0,0 days 01:35:46.789000,12,False,18.0,17.7,48.0,939.7,False,1.6,195
RIC,3,AlphaTauri,46.0,0 days 00:01:37.347000,2.0,HARD,29.0,0 days 01:35:49.364000,12,True,18.0,17.7,48.0,939.7,False,1.6,195
SAR,2,Williams,46.0,0 days 00:01:38.814000,2.0,HARD,31.0,0 days 01:35:50.038000,12,True,18.0,17.7,48.0,939.7,False,1.6,195
TSU,22,AlphaTauri,46.0,0 days 00:01:37.906000,3.0,HARD,25.0,0 days 01:36:04.118000,12,True,18.0,17.7,48.0,939.7,False,1.6,195
BOT,77,Alfa Romeo,46.0,0 days 00:01:38.672000,3.0,MEDIUM,22.0,0 days 01:36:23.227000,12,True,18.0,17.7,48.0,939.7,False,1.6,195
VER,1,Red Bull Racing,47.0,0 days 00:01:35.879000,3.0,HARD,21.0,0 days 01:36:44.328000,12,True,18.0,17.8,48.0,939.7,False,2.2,104
PER,11,Red Bull Racing,47.0,0 days 00:01:36.016000,3.0,HARD,21.0,0 days 01:36:48.658000,12,True,18.0,17.8,48.0,939.7,False,2.2,104
LEC,16,Ferrari,47.0,0 days 00:01:35.995000,2.0,HARD,26.0,0 days 01:36:49.322000,12,True,18.0,17.8,48.0,939.7,False,2.2,104
OCO,31,Alpine,47.0,0 days 00:01:36.637000,2.0,HARD,27.0,0 days 01:37:01.986000,12,True,18.0,17.8,48.0,939.7,False,2.2,104
STR,18,Aston Martin,47.0,0 days 00:01:36.791000,3.0,HARD,21.0,0 days 01:37:03.247000,12,True,18.0,17.8,48.0,939.7,False,2.2,104
RUS,63,Mercedes,47.0,0 days 00:01:36.351000,3.0,HARD,21.0,0 days 01:37:04.288000,12,True,18.0,17.8,48.0,939.7,False,2.2,104
SAI,55,Ferrari,47.0,0 days 00:01:35.984000,3.0,HARD,21.0,0 days 01:37:06.574000,12,True,18.0,17.8,48.0,939.7,False,2.2,104
HAM,44,Mercedes,47.0,0 days 00:01:36.425000,3.0,HARD,21.0,0 days 01:37:08.875000,12,True,18.0,17.8,48.0,939.7,False,2.2,104
ALO,14,Aston Martin,47.0,0 days 00:01:36.718000,3.0,HARD,21.0,0 days 01:37:09.583000,12,True,18.0,17.8,48.0,939.7,False,2.2,104
GAS,10,Alpine,47.0,0 days 00:01:37.907000,2.0,HARD,30.0,0 days 01:37:13.211000,21,True,18.0,17.8,48.0,939.7,False,2.2,104
PIA,81,McLaren,47.0,0 days 00:01:35.490000,3.0,MEDIUM,5.0,0 days 01:37:17.622000,21,True,18.0,17.8,48.0,939.7,False,2.2,104
ALB,23,Williams,47.0,0 days 00:01:38.398000,2.0,HARD,31.0,0 days 01:37:22.958000,1,True,18.0,17.8,48.0,939.7,False,2.2,104
MAG,20,Haas F1 Team,47.0,0 days 00:01:38.215000,3.0,HARD,21.0,0 days 01:37:25.235000,1,True,18.0,17.8,48.0,939.7,False,2.2,104
ZHO,24,Alfa Romeo,47.0,0 days 00:01:38.719000,2.0,MEDIUM,21.0,0 days 01:37:25.758000,1,True,18.0,17.8,48.0,939.7,False,2.2,104
RIC,3,AlphaTauri,47.0,0 days 00:01:38.136000,2.0,HARD,30.0,0 days 01:37:26.711000,1,True,18.0,17.8,48.0,939.7,False,2.2,104
SAR,2,Williams,47.0,0 days 00:01:38.397000,2.0,HARD,32.0,0 days 01:37:28.852000,1,True,18.0,17.8,48.0,939.7,False,2.2,104
TSU,22,AlphaTauri,47.0,,3.0,HARD,26.0,0 days 01:37:42.024000,12,False,18.0,17.6,48.0,939.7,False,1.5,335
BOT,77,Alfa Romeo,47.0,0 days 00:01:39.237000,3.0,MEDIUM,23.0,0 days 01:38:01.899000,12,True,18.0,17.6,48.0,939.7,False,1.5,335
VER,1,Red Bull Racing,48.0,0 days 00:01:36.497000,3.0,HARD,22.0,0 days 01:38:20.207000,12,True,18.0,17.6,48.0,939.7,False,1.5,335
PER,11,Red Bull Racing,48.0,0 days 00:01:36.287000,3.0,HARD,22.0,0 days 01:38:24.674000,12,True,18.0,17.6,48.0,939.7,False,1.5,335
LEC,16,Ferrari,48.0,0 days 00:01:36.552000,2.0,HARD,27.0,0 days 01:38:25.317000,12,True,18.0,17.6,48.0,939.7,False,1.5,335
OCO,31,Alpine,48.0,0 days 00:01:36.845000,2.0,HARD,28.0,0 days 01:38:38.623000,12,True,18.0,17.5,48.0,939.7,False,2.0,332
STR,18,Aston Martin,48.0,0 days 00:01:37.692000,3.0,HARD,22.0,0 days 01:38:40.038000,12,True,18.0,17.5,48.0,939.7,False,2.0,332
RUS,63,Mercedes,48.0,0 days 00:01:36.443000,3.0,HARD,22.0,0 days 01:38:40.639000,12,True,18.0,17.5,48.0,939.7,False,2.0,332
SAI,55,Ferrari,48.0,0 days 00:01:36.482000,3.0,HARD,22.0,0 days 01:38:42.558000,12,True,18.0,17.5,48.0,939.7,False,2.0,332
HAM,44,Mercedes,48.0,0 days 00:01:35.716000,3.0,HARD,22.0,0 days 01:38:45.300000,12,True,18.0,17.5,48.0,939.7,False,2.0,332
ALO,14,Aston Martin,48.0,0 days 00:01:37.288000,3.0,HARD,22.0,0 days 01:38:46.301000,12,True,18.0,17.5,48.0,939.7,False,2.0,332
GAS,10,Alpine,48.0,0 days 00:01:38.217000,2.0,HARD,31.0,0 days 01:38:51.118000,12,True,18.0,17.5,48.0,939.7,False,2.0,332
PIA,81,McLaren,48.0,0 days 00:01:35.595000,3.0,MEDIUM,6.0,0 days 01:38:53.112000,12,True,18.0,17.5,48.0,939.7,False,2.0,332
ALB,23,Williams,48.0,0 days 00:01:38.096000,2.0,HARD,32.0,0 days 01:39:01.356000,12,True,18.0,17.5,48.0,939.7,False,2.0,332
MAG,20,Haas F1 Team,48.0,0 days 00:01:37.774000,3.0,HARD,22.0,0 days 01:39:03.450000,12,True,18.0,17.5,48.0,939.7,False,2.0,332
ZHO,24,Alfa Romeo,48.0,0 days 00:01:39.303000,2.0,MEDIUM,22.0,0 days 01:39:04.477000,12,True,18.0,17.5,48.0,939.7,False,2.0,332
RIC,3,AlphaTauri,48.0,0 days 00:01:39.503000,2.0,HARD,31.0,0 days 01:39:04.847000,12,True,18.0,17.5,48.0,939.7,False,2.0,332
SAR,2,Williams,48.0,0 days 00:01:38.288000,2.0,HARD,33.0,0 days 01:39:07.249000,12,True,18.0,17.5,48.0,939.7,False,2.0,332
BOT,77,Alfa Romeo,48.0,0 days 00:01:38.926000,3.0,MEDIUM,24.0,0 days 01:39:41.136000,21,True,18.0,17.6,48.0,940.0,False,1.5,257
VER,1,Red Bull Racing,49.0,0 days 00:01:36.950000,3.0,HARD,23.0,0 days 01:39:56.704000,1,True,18.0,17.6,48.0,940.0,False,1.5,257
PER,11,Red Bull Racing,49.0,0 days 00:01:36.125000,3.0,HARD,23.0,0 days 01:40:00.961000,1,True,18.0,17.6,48.0,940.0,False,1.5,257
LEC,16,Ferrari,49.0,0 days 00:01:35.868000,2.0,HARD,28.0,0 days 01:40:01.869000,1,True,18.0,17.6,48.0,940.0,False,1.5,257
OCO,31,Alpine,49.0,0 days 00:01:36.936000,2.0,HARD,29.0,0 days 01:40:15.468000,1,True,18.0,17.6,48.0,940.0,False,1.5,257
RUS,63,Mercedes,49.0,0 days 00:01:36.161000,3.0,HARD,23.0,0 days 01:40:17.082000,1,True,18.0,17.6,48.0,940.0,False,1.5,257
STR,18,Aston Martin,49.0,0 days 00:01:36.990000,3.0,HARD,23.0,0 days 01:40:17.730000,1,True,18.0,17.6,48.0,940.0,False,1.5,257
SAI,55,Ferrari,49.0,0 days 00:01:36.546000,3.0,HARD,23.0,0 days 01:40:19.040000,1,True,18.0,17.6,48.0,940.0,False,1.5,257
HAM,44,Mercedes,49.0,0 days 00:01:36.126000,3.0,HARD,23.0,0 days 01:40:21.016000,1,True,18.0,17.6,48.0,940.0,False,1.5,257
ALO,14,Aston Martin,49.0,0 days 00:01:36.703000,3.0,HARD,23.0,0 days 01:40:23.589000,1,True,18.0,17.6,48.0,940.0,False,1.5,257
PIA,81,McLaren,49.0,0 days 00:01:36.014000,3.0,MEDIUM,7.0,0 days 01:40:28.707000,1,True,18.0,17.6,48.0,940.0,False,1.5,257
GAS,10,Alpine,49.0,0 days 00:01:37.952000,2.0,HARD,32.0,0 days 01:40:29.335000,1,True,18.0,17.6,48.0,940.0,False,1.5,257
ALB,23,Williams,49.0,0 days 00:01:37.875000,2.0,HARD,33.0,0 days 01:40:39.452000,1,True,18.0,17.6,48.0,939.9,False,1.6,224
MAG,20,Haas F1 Team,49.0,0 days 00:01:37.476000,3.0,HARD,23.0,0 days 01:40:41.224000,1,True,18.0,17.6,48.0,939.9,False,1.6,224
ZHO,24,Alfa Romeo,49.0,0 days 00:01:39.425000,2.0,MEDIUM,23.0,0 days 01:40:43.780000,1,True,18.0,17.6,48.0,939.9,False,1.6,224
RIC,3,AlphaTauri,49.0,0 days 00:01:38.389000,2.0,HARD,32.0,0 days 01:40:44.350000,1,True,18.0,17.6,48.0,939.9,False,1.6,224
SAR,2,Williams,49.0,0 days 00:01:38.631000,2.0,HARD,34.0,0 days 01:40:45.537000,1,True,18.0,17.6,48.0,939.9,False,1.6,224
BOT,77,Alfa Romeo,49.0,0 days 00:01:37.562000,3.0,MEDIUM,25.0,0 days 01:41:20.062000,1,True,18.0,17.6,48.0,939.9,False,1.6,224
VER,1,Red Bull Racing,50.0,0 days 00:01:37.637000,3.0,HARD,24.0,0 days 01:41:33.654000,1,True,18.0,17.6,48.0,939.9,False,1.6,224
PER,11,Red Bull Racing,50.0,0 days 00:01:36.394000,3.0,HARD,24.0,0 days 01:41:37.086000,1,True,18.0,17.6,48.0,939.9,False,2.5,238
LEC,16,Ferrari,50.0,0 days 00:01:35.669000,2.0,HARD,29.0,0 days 01:41:37.737000,1,True,18.0,17.6,48.0,939.9,False,2.5,238
OCO,31,Alpine,50.0,0 days 00:01:37.567000,2.0,HARD,30.0,0 days 01:41:52.404000,1,True,18.0,17.6,48.0,939.9,False,2.5,238
RUS,63,Mercedes,50.0,0 days 00:01:36.178000,3.0,HARD,24.0,0 days 01:41:53.243000,1,True,18.0,17.6,48.0,939.9,False,2.5,238
STR,18,Aston Martin,50.0,0 days 00:01:36.642000,3.0,HARD,24.0,0 days 01:41:54.720000,1,True,18.0,17.6,48.0,939.9,False,2.5,238
SAI,55,Ferrari,50.0,0 days 00:01:36.507000,3.0,HARD,24.0,0 days 01:41:55.586000,1,True,18.0,17.6,48.0,939.9,False,2.5,238
HAM,44,Mercedes,50.0,0 days 00:01:35.933000,3.0,HARD,24.0,0 days 01:41:57.142000,1,True,18.0,17.6,48.0,939.9,False,2.5,238
ALO,14,Aston Martin,50.0,0 days 00:01:36.966000,3.0,HARD,24.0,0 days 01:42:00.292000,1,True,18.0,17.6,48.0,939.9,False,2.5,238
PIA,81,McLaren,50.0,0 days 00:01:36.128000,3.0,MEDIUM,8.0,0 days 01:42:04.721000,1,True,18.0,17.6,48.0,939.9,False,2.5,238
GAS,10,Alpine,50.0,0 days 00:01:38.316000,2.0,HARD,33.0,0 days 01:42:07.287000,1,True,18.0,17.6,48.0,939.9,False,2.5,238
ALB,23,Williams,50.0,0 days 00:01:37.357000,2.0,HARD,34.0,0 days 01:42:17.327000,1,True,18.0,17.6,48.0,939.9,False,2.5,238
MAG,20,Haas F1 Team,50.0,0 days 00:01:37.455000,3.0,HARD,24.0,0 days 01:42:18.700000,1,True,18.0,17.6,48.0,939.9,False,2.5,238
RIC,3,AlphaTauri,50.0,0 days 00:01:37.108000,2.0,HARD,33.0,0 days 01:42:22.739000,1,True,18.0,17.6,48.0,939.9,False,2.5,238
ZHO,24,Alfa Romeo,50.0,0 days 00:01:38.315000,2.0,MEDIUM,24.0,0 days 01:42:23.205000,1,True,18.0,17.6,48.0,939.9,False,2.5,238
SAR,2,Williams,50.0,0 days 00:01:38.086000,2.0,HARD,35.0,0 days 01:42:24.168000,1,True,18.0,17.6,48.0,939.9,False,2.5,238
BOT,77,Alfa Romeo,50.0,0 days 00:01:39.068000,3.0,MEDIUM,26.0,0 days 01:42:57.624000,1,True,18.0,17.5,48.0,939.9,False,2.7,229
