Driver,DriverNumber,Team,LapNumber,LapTime,Stint,Compound,TyreLife,LapStartTime,TrackStatus,IsAccurate,AirTemp,TrackTemp,Humidity,Pressure,Rainfall,WindSpeed,WindDirection
VER,1,Red Bull Racing,1.0,0 days 00:01:49.827000,1.0,HARD,1.0,0 days 01:02:44.148000,12,False,29.8,36.8,71.0,1008.7,False,1.3,178
HAM,44,Mercedes,1.0,0 days 00:01:45.023000,1.0,MEDIUM,1.0,0 days 01:02:44.148000,12,False,29.8,36.8,71.0,1008.7,False,1.3,178
SAI,55,Ferrari,1.0,0 days 00:01:43.309000,1.0,MEDIUM,1.0,0 days 01:02:44.148000,12,False,29.8,36.8,71.0,1008.7,False,1.3,178
PER,11,Red Bull Racing,1.0,0 days 00:01:51.589000,1.0,HARD,1.0,0 days 01:02:44.148000,12,False,29.8,36.8,71.0,1008.7,False,1.3,178
HUL,27,Haas F1 Team,1.0,0 days 00:01:49.191000,1.0,MEDIUM,1.0,0 days 01:02:44.148000,12,False,29.8,36.8,71.0,1008.7,False,1.3,178
RUS,63,Mercedes,1.0,0 days 00:01:45.772000,1.0,MEDIUM,1.0,0 days 01:02:44.148000,12,False,29.8,36.8,71.0,1008.7,False,1.3,178
OCO,31,Alpine,1.0,0 days 00:01:47.795000,1.0,MEDIUM,1.0,0 days 01:02:44.148000,12,False,29.8,36.8,71.0,1008.7,False,1.3,178
PIA,81,McLaren,1.0,0 days 00:01:51.927000,1.0,MEDIUM,1.0,0 days 01:02:44.148000,12,False,29.8,36.8,71.0,1008.7,False,1.3,178
ALO,14,Aston Martin,1.0,0 days 00:01:47.377000,1.0,MEDIUM,1.0,0 days 01:02:44.148000,12,False,29.8,36.8,71.0,1008.7,False,1.3,178
LAW,40,AlphaTauri,1.0,0 days 00:01:50.934000,1.0,MEDIUM,1.0,0 days 01:02:44.148000,12,False,29.8,36.8,71.0,1008.7,False,1.3,178
LEC,16,Ferrari,1.0,0 days 00:01:44.544000,1.0,SOFT,4.0,0 days 01:02:44.148000,12,False,29.8,36.8,71.0,1008.7,False,1.3,178
SAR,2,Williams,1.0,0 days 00:01:54.060000,1.0,MEDIUM,1.0,0 days 01:02:44.148000,12,False,29.8,36.8,71.0,1008.7,False,1.3,178
BOT,77,Alfa Romeo,1.0,0 days 00:01:54.714000,1.0,HARD,1.0,0 days 01:02:44.148000,12,False,29.8,36.8,71.0,1008.7,False,1.3,178
GAS,10,Alpine,1.0,0 days 00:01:50.115000,1.0,MEDIUM,1.0,0 days 01:02:44.148000,12,False,29.8,36.8,71.0,1008.7,False,1.3,178
TSU,22,AlphaTauri,1.0,,1.0,SOFT,1.0,0 days 01:02:44.148000,12,False,29.8,36.8,71.0,1008.7,False,1.3,178
MAG,20,Haas F1 Team,1.0,0 days 00:01:48.345000,1.0,MEDIUM,1.0,0 days 01:02:44.148000,12,False,29.8,36.8,71.0,1008.7,False,1.3,178
ALB,23,Williams,1.0,0 days 00:01:53.077000,1.0,MEDIUM,1.0,0 days 01:02:44.148000,12,False,29.8,36.8,71.0,1008.7,False,1.3,178
ZHO,24,Alfa Romeo,1.0,0 days 00:01:55.057000,1.0,SOFT,1.0,0 days 01:02:44.148000,12,False,29.8,36.8,71.0,1008.7,False,1.3,178
NOR,4,McLaren,1.0,0 days 00:01:46.415000,1.0,MEDIUM,1.0,0 days 01:02:44.148000,12,False,29.8,36.8,71.0,1008.7,False,1.3,178
SAI,55,Ferrari,2.0,0 days 00:01:41.383000,1.0,MEDIUM,2.0,0 days 01:04:27.700000,12,True,29.8,36.7,72.0,1008.7,False,1.0,180
LEC,16,Ferrari,2.0,0 days 00:01:41.338000,1.0,SOFT,5.0,0 days 01:04:28.935000,12,True,29.8,36.7,72.0,1008.7,False,1.0,180
HAM,44,Mercedes,2.0,0 days 00:01:42.587000,1.0,MEDIUM,2.0,0 days 01:04:29.414000,12,True,29.8,36.7,72.0,1008.7,False,1.0,180
RUS,63,Mercedes,2.0,0 days 00:01:41.103000,1.0,MEDIUM,2.0,0 days 01:04:30.163000,12,True,29.8,36.7,72.0,1008.7,False,1.0,180
NOR,4,McLaren,2.0,0 days 00:01:41.826000,1.0,MEDIUM,2.0,0 days 01:04:30.806000,12,True,29.8,36.7,72.0,1008.7,False,1.0,180
ALO,14,Aston Martin,2.0,0 days 00:01:42.255000,1.0,MEDIUM,2.0,0 days 01:04:31.768000,12,True,29.8,36.7,72.0,1008.7,False,1.0,180
OCO,31,Alpine,2.0,0 days 00:01:42.401000,1.0,MEDIUM,2.0,0 days 01:04:32.186000,12,True,29.8,36.7,72.0,1008.7,False,1.0,180
MAG,20,Haas F1 Team,2.0,0 days 00:01:42.668000,1.0,MEDIUM,2.0,0 days 01:04:32.736000,12,True,29.8,36.7,72.0,1008.7,False,1.0,180
HUL,27,Haas F1 Team,2.0,0 days 00:01:42.849000,1.0,MEDIUM,2.0,0 days 01:04:33.582000,12,True,29.8,36.7,72.0,1008.7,False,1.0,180
VER,1,Red Bull Racing,2.0,0 days 00:01:41.596000,1.0,HARD,2.0,0 days 01:04:34.218000,12,True,29.8,36.7,72.0,1008.7,False,1.0,180
GAS,10,Alpine,2.0,0 days 00:01:42.353000,1.0,MEDIUM,2.0,0 days 01:04:34.506000,12,True,29.8,36.7,72.0,1008.7,False,1.0,180
LAW,40,AlphaTauri,2.0,0 days 00:01:42.139000,1.0,MEDIUM,2.0,0 days 01:04:35.325000,12,True,29.8,36.7,72.0,1008.7,False,1.0,180
PER,11,Red Bull Racing,2.0,0 days 00:01:42.009000,1.0,HARD,2.0,0 days 01:04:35.980000,12,True,29.8,36.7,72.0,1008.7,False,1.0,180
PIA,81,McLaren,2.0,0 days 00:01:42.060000,1.0,MEDIUM,2.0,0 days 01:04:36.318000,12,True,29.8,36.7,72.0,1008.7,False,1.0,180
ALB,23,Williams,2.0,0 days 00:01:41.902000,1.0,MEDIUM,2.0,0 days 01:04:37.468000,12,True,29.8,36.7,72.0,1008.7,False,1.0,180
SAR,2,Williams,2.0,0 days 00:01:41.983000,1.0,MEDIUM,2.0,0 days 01:04:38.451000,21,True,29.8,36.7,72.0,1008.7,False,1.0,180
BOT,77,Alfa Romeo,2.0,0 days 00:01:42.182000,1.0,HARD,2.0,0 days 01:04:39.105000,21,True,29.8,36.7,72.0,1008.7,False,1.0,180
ZHO,24,Alfa Romeo,2.0,0 days 00:01:49.969000,1.0,SOFT,2.0,0 days 01:04:39.448000,21,False,29.8,36.7,72.0,1008.7,False,1.0,180
SAI,55,Ferrari,3.0,0 days 00:01:40.962000,1.0,MEDIUM,3.0,0 days 01:06:09.083000,1,True,29.9,37.3,71.0,1008.7,False,1.0,168
LEC,16,Ferrari,3.0,0 days 00:01:40.752000,1.0,SOFT,6.0,0 days 01:06:10.273000,1,True,29.9,37.3,71.0,1008.7,False,1.0,168
RUS,63,Mercedes,3.0,0 days 00:01:40.944000,1.0,MEDIUM,3.0,0 days 01:06:11.266000,1,True,29.9,37.3,71.0,1008.7,False,1.0,168
HAM,44,Mercedes,3.0,0 days 00:01:41.088000,1.0,MEDIUM,3.0,0 days 01:06:12.001000,1,True,29.9,37.3,71.0,1008.7,False,1.0,168
NOR,4,McLaren,3.0,0 days 00:01:41.124000,1.0,MEDIUM,3.0,0 days 01:06:12.632000,1,True,29.9,37.3,71.0,1008.7,False,1.0,168
ALO,14,Aston Martin,3.0,0 days 00:01:41.349000,1.0,MEDIUM,3.0,0 days 01:06:14.023000,1,True,29.9,37.3,71.0,1008.7,False,1.0,168
OCO,31,Alpine,3.0,0 days 00:01:41.196000,1.0,MEDIUM,3.0,0 days 01:06:14.587000,1,True,29.9,37.3,71.0,1008.7,False,1.0,168
MAG,20,Haas F1 Team,3.0,0 days 00:01:41.539000,1.0,MEDIUM,3.0,0 days 01:06:15.404000,1,True,29.9,37.3,71.0,1008.7,False,1.0,168
VER,1,Red Bull Racing,3.0,0 days 00:01:41.510000,1.0,HARD,3.0,0 days 01:06:15.814000,1,True,29.9,37.3,71.0,1008.7,False,1.0,168
HUL,27,Haas F1 Team,3.0,0 days 00:01:41.400000,1.0,MEDIUM,3.0,0 days 01:06:16.431000,1,True,29.9,37.3,71.0,1008.7,False,1.0,168
GAS,10,Alpine,3.0,0 days 00:01:41.442000,1.0,MEDIUM,3.0,0 days 01:06:16.859000,1,True,29.9,37.3,71.0,1008.7,False,1.0,168
LAW,40,AlphaTauri,3.0,0 days 00:01:41.514000,1.0,MEDIUM,3.0,0 days 01:06:17.464000,1,True,29.9,37.3,71.0,1008.7,False,1.0,168
PER,11,Red Bull Racing,3.0,0 days 00:01:41.622000,1.0,HARD,3.0,0 days 01:06:17.989000,1,True,29.9,37.3,71.0,1008.7,False,1.0,168
PIA,81,McLaren,3.0,0 days 00:01:41.909000,1.0,MEDIUM,3.0,0 days 01:06:18.378000,1,True,29.9,37.3,71.0,1008.7,False,1.0,168
ALB,23,Williams,3.0,0 days 00:01:41.783000,1.0,MEDIUM,3.0,0 days 01:06:19.370000,1,True,29.9,37.3,71.0,1008.7,False,1.0,168
SAR,2,Williams,3.0,0 days 00:01:41.700000,1.0,MEDIUM,3.0,0 days 01:06:20.434000,1,True,29.9,37.3,71.0,1008.7,False,1.0,168
BOT,77,Alfa Romeo,3.0,0 days 00:01:43.036000,1.0,HARD,3.0,0 days 01:06:21.287000,1,True,29.9,37.3,71.0,1008.7,False,1.0,168
ZHO,24,Alfa Romeo,3.0,0 days 00:02:02.716000,2.0,HARD,1.0,0 days 01:06:29.417000,1,False,29.9,37.3,71.0,1008.7,False,1.0,168
SAI,55,Ferrari,4.0,0 days 00:01:40.580000,1.0,MEDIUM,4.0,0 days 01:07:50.045000,1,True,29.9,37.3,72.0,1008.7,False,2.0,171
LEC,16,Ferrari,4.0,0 days 00:01:40.661000,1.0,SOFT,7.0,0 days 01:07:51.025000,1,True,29.9,37.3,72.0,1008.7,False,2.0,171
RUS,63,Mercedes,4.0,0 days 00:01:41.086000,1.0,MEDIUM,4.0,0 days 01:07:52.210000,1,True,29.9,37.3,72.0,1008.7,False,2.0,171
HAM,44,Mercedes,4.0,0 days 00:01:42.861000,1.0,MEDIUM,4.0,0 days 01:07:53.089000,1,True,29.9,37.3,72.0,1008.7,False,2.0,171
NOR,4,McLaren,4.0,0 days 00:01:41.678000,1.0,MEDIUM,4.0,0 days 01:07:53.756000,1,True,29.9,37.3,72.0,1008.7,False,2.0,171
ALO,14,Aston Martin,4.0,0 days 00:01:41.356000,1.0,MEDIUM,4.0,0 days 01:07:55.372000,1,True,29.9,37.2,71.0,1008.7,False,1.2,183
OCO,31,Alpine,4.0,0 days 00:01:41.375000,1.0,MEDIUM,4.0,0 days 01:07:55.783000,1,True,29.9,37.2,71.0,1008.7,False,1.2,183
MAG,20,Haas F1 Team,4.0,0 days 00:01:41.004000,1.0,MEDIUM,4.0,0 days 01:07:56.943000,1,True,29.9,37.2,71.0,1008.7,False,1.2,183
VER,1,Red Bull Racing,4.0,0 days 00:01:41.143000,1.0,HARD,4.0,0 days 01:07:57.324000,1,True,29.9,37.2,71.0,1008.7,False,1.2,183
HUL,27,Haas F1 Team,4.0,0 days 00:01:41.256000,1.0,MEDIUM,4.0,0 days 01:07:57.831000,1,True,29.9,37.2,71.0,1008.7,False,1.2,183
GAS,10,Alpine,4.0,0 days 00:01:41.334000,1.0,MEDIUM,4.0,0 days 01:07:58.301000,1,True,29.9,37.2,71.0,1008.7,False,1.2,183
LAW,40,AlphaTauri,4.0,0 days 00:01:41.359000,1.0,MEDIUM,4.0,0 days 01:07:58.978000,1,True,29.9,37.2,71.0,1008.7,False,1.2,183
PER,11,Red Bull Racing,4.0,0 days 00:01:41.354000,1.0,HARD,4.0,0 days 01:07:59.611000,1,True,29.9,37.2,71.0,1008.7,False,1.2,183
PIA,81,McLaren,4.0,0 days 00:01:41.370000,1.0,MEDIUM,4.0,0 days 01:08:00.287000,1,True,29.9,37.2,71.0,1008.7,False,1.2,183
ALB,23,Williams,4.0,0 days 00:01:41.473000,1.0,MEDIUM,4.0,0 days 01:08:01.153000,1,True,29.9,37.2,71.0,1008.7,False,1.2,183
SAR,2,Williams,4.0,0 days 00:01:41.875000,1.0,MEDIUM,4.0,0 days 01:08:02.134000,1,True,29.9,37.2,71.0,1008.7,False,1.2,183
BOT,77,Alfa Romeo,4.0,0 days 00:01:41.766000,1.0,HARD,4.0,0 days 01:08:04.323000,1,True,29.9,37.2,71.0,1008.7,False,1.2,183
ZHO,24,Alfa Romeo,4.0,0 days 00:01:39.869000,2.0,HARD,2.0,0 days 01:08:32.133000,1,True,29.9,37.2,71.0,1008.7,False,1.2,183
SAI,55,Ferrari,5.0,0 days 00:01:40.551000,1.0,MEDIUM,5.0,0 days 01:09:30.625000,1,True,29.9,37.2,71.0,1008.7,False,1.7,196
LEC,16,Ferrari,5.0,0 days 00:01:40.328000,1.0,SOFT,8.0,0 days 01:09:31.686000,1,True,29.9,37.2,71.0,1008.7,False,1.7,196
RUS,63,Mercedes,5.0,0 days 00:01:40.464000,1.0,MEDIUM,5.0,0 days 01:09:33.296000,1,True,29.9,37.2,71.0,1008.7,False,1.7,196
NOR,4,McLaren,5.0,0 days 00:01:40.285000,1.0,MEDIUM,5.0,0 days 01:09:35.434000,1,True,29.9,37.2,71.0,1008.7,False,1.7,196
HAM,44,Mercedes,5.0,0 days 00:01:40.978000,1.0,MEDIUM,5.0,0 days 01:09:35.950000,1,True,29.9,37.2,71.0,1008.7,False,1.7,196
ALO,14,Aston Martin,5.0,0 days 00:01:41.194000,1.0,MEDIUM,5.0,0 days 01:09:36.728000,1,True,29.9,37.2,71.0,1008.7,False,1.7,196
OCO,31,Alpine,5.0,0 days 00:01:41.329000,1.0,MEDIUM,5.0,0 days 01:09:37.158000,1,True,29.9,37.2,71.0,1008.7,False,1.7,196
MAG,20,Haas F1 Team,5.0,0 days 00:01:41.469000,1.0,MEDIUM,5.0,0 days 01:09:37.947000,1,True,29.9,37.2,71.0,1008.7,False,1.7,196
VER,1,Red Bull Racing,5.0,0 days 00:01:41.308000,1.0,HARD,5.0,0 days 01:09:38.467000,1,True,29.9,37.2,71.0,1008.7,False,1.7,196
HUL,27,Haas F1 Team,5.0,0 days 00:01:41.350000,1.0,MEDIUM,5.0,0 days 01:09:39.087000,1,True,29.9,37.2,71.0,1008.7,False,1.7,196
GAS,10,Alpine,5.0,0 days 00:01:41.292000,1.0,MEDIUM,5.0,0 days 01:09:39.635000,1,True,29.9,37.2,71.0,1008.7,False,1.7,196
LAW,40,AlphaTauri,5.0,0 days 00:01:41.351000,1.0,MEDIUM,5.0,0 days 01:09:40.337000,1,True,29.9,37.2,71.0,1008.7,False,1.7,196
PER,11,Red Bull Racing,5.0,0 days 00:01:41.331000,1.0,HARD,5.0,0 days 01:09:40.965000,1,True,29.9,37.2,71.0,1008.7,False,1.7,196
PIA,81,McLaren,5.0,0 days 00:01:41.241000,1.0,MEDIUM,5.0,0 days 01:09:41.657000,1,True,29.9,37.2,71.0,1008.7,False,1.7,196
ALB,23,Williams,5.0,0 days 00:01:41.361000,1.0,MEDIUM,5.0,0 days 01:09:42.626000,1,True,29.9,37.2,71.0,1008.7,False,1.7,196
SAR,2,Williams,5.0,0 days 00:01:41.264000,1.0,MEDIUM,5.0,0 days 01:09:44.009000,1,True,29.9,37.2,71.0,1008.7,False,1.7,196
BOT,77,Alfa Romeo,5.0,0 days 00:01:41.757000,1.0,HARD,5.0,0 days 01:09:46.089000,1,True,29.9,37.2,71.0,1008.7,False,1.7,196
ZHO,24,Alfa Romeo,5.0,0 days 00:01:40.371000,2.0,HARD,3.0,0 days 01:10:12.002000,1,True,29.9,37.0,71.0,1008.7,False,1.2,163
SAI,55,Ferrari,6.0,0 days 00:01:40.113000,1.0,MEDIUM,6.0,0 days 01:11:11.176000,1,True,30.0,36.7,71.0,1008.9,False,1.7,172
LEC,16,Ferrari,6.0,0 days 00:01:40.165000,1.0,SOFT,9.0,0 days 01:11:12.014000,1,True,30.0,36.7,71.0,1008.9,False,1.7,172
RUS,63,Mercedes,6.0,0 days 00:01:40.221000,1.0,MEDIUM,6.0,0 days 01:11:13.760000,1,True,30.0,36.7,71.0,1008.9,False,1.7,172
NOR,4,McLaren,6.0,0 days 00:01:39.992000,1.0,MEDIUM,6.0,0 days 01:11:15.719000,1,True,30.0,36.7,71.0,1008.9,False,1.7,172
HAM,44,Mercedes,6.0,0 days 00:01:40.126000,1.0,MEDIUM,6.0,0 days 01:11:16.928000,1,True,30.0,36.7,71.0,1008.9,False,1.7,172
ALO,14,Aston Martin,6.0,0 days 00:01:40.686000,1.0,MEDIUM,6.0,0 days 01:11:17.922000,1,True,30.0,36.7,71.0,1008.9,False,1.7,172
OCO,31,Alpine,6.0,0 days 00:01:40.908000,1.0,MEDIUM,6.0,0 days 01:11:18.487000,1,True,30.0,36.7,71.0,1008.9,False,1.7,172
MAG,20,Haas F1 Team,6.0,0 days 00:01:42.626000,1.0,MEDIUM,6.0,0 days 01:11:19.416000,1,True,30.0,36.7,71.0,1008.9,False,1.7,172
VER,1,Red Bull Racing,6.0,0 days 00:01:41.313000,1.0,HARD,6.0,0 days 01:11:19.775000,1,True,30.0,36.7,71.0,1008.9,False,1.7,172
HUL,27,Haas F1 Team,6.0,0 days 00:01:41.949000,1.0,MEDIUM,6.0,0 days 01:11:20.437000,1,True,30.0,36.7,71.0,1008.9,False,1.7,172
GAS,10,Alpine,6.0,0 days 00:01:41.829000,1.0,MEDIUM,6.0,0 days 01:11:20.927000,1,True,30.0,36.7,71.0,1008.9,False,1.7,172
LAW,40,AlphaTauri,6.0,0 days 00:01:41.933000,1.0,MEDIUM,6.0,0 days 01:11:21.688000,1,True,30.0,36.7,71.0,1008.9,False,1.7,172
PER,11,Red Bull Racing,6.0,0 days 00:01:43.147000,1.0,HARD,6.0,0 days 01:11:22.296000,1,True,30.0,36.7,71.0,1008.9,False,1.7,172
PIA,81,McLaren,6.0,0 days 00:01:42.673000,1.0,MEDIUM,6.0,0 days 01:11:22.898000,1,True,30.0,36.7,71.0,1008.9,False,1.7,172
ALB,23,Williams,6.0,0 days 00:01:42.001000,1.0,MEDIUM,6.0,0 days 01:11:23.987000,1,True,30.0,36.7,71.0,1008.9,False,1.7,172
SAR,2,Williams,6.0,0 days 00:01:41.636000,1.0,MEDIUM,6.0,0 days 01:11:25.273000,1,True,30.0,36.7,71.0,1008.9,False,1.7,172
BOT,77,Alfa Romeo,6.0,0 days 00:01:41.270000,1.0,HARD,6.0,0 days 01:11:27.846000,1,True,30.0,36.7,71.0,1008.9,False,1.7,172
ZHO,24,Alfa Romeo,6.0,0 days 00:01:40.471000,2.0,HARD,4.0,0 days 01:11:52.373000,1,True,30.0,36.7,71.0,1008.9,False,1.7,172
SAI,55,Ferrari,7.0,0 days 00:01:40.178000,1.0,MEDIUM,7.0,0 days 01:12:51.289000,1,True,30.0,36.8,72.0,1008.9,False,1.5,162
LEC,16,Ferrari,7.0,0 days 00:01:40.279000,1.0,SOFT,10.0,0 days 01:12:52.179000,1,True,30.0,36.8,72.0,1008.9,False,1.5,162
RUS,63,Mercedes,7.0,0 days 00:01:40.271000,1.0,MEDIUM,7.0,0 days 01:12:53.981000,1,True,30.0,36.8,72.0,1008.9,False,1.2,163
NOR,4,McLaren,7.0,0 days 00:01:39.972000,1.0,MEDIUM,7.0,0 days 01:12:55.711000,1,True,30.0,36.8,72.0,1008.9,False,1.2,163
HAM,44,Mercedes,7.0,0 days 00:01:39.918000,1.0,MEDIUM,7.0,0 days 01:12:57.054000,1,True,30.0,36.8,72.0,1008.9,False,1.2,163
ALO,14,Aston Martin,7.0,0 days 00:01:40.774000,1.0,MEDIUM,7.0,0 days 01:12:58.608000,1,True,30.0,36.8,72.0,1008.9,False,1.2,163
OCO,31,Alpine,7.0,0 days 00:01:40.732000,1.0,MEDIUM,7.0,0 days 01:12:59.395000,1,True,30.0,36.8,72.0,1008.9,False,1.2,163
VER,1,Red Bull Racing,7.0,0 days 00:01:40.423000,1.0,HARD,7.0,0 days 01:13:01.088000,1,True,30.0,36.8,72.0,1008.9,False,1.2,163
MAG,20,Haas F1 Team,7.0,0 days 00:01:40.834000,1.0,MEDIUM,7.0,0 days 01:13:02.042000,1,True,30.0,36.8,72.0,1008.9,False,1.2,163
HUL,27,Haas F1 Team,7.0,0 days 00:01:41.117000,1.0,MEDIUM,7.0,0 days 01:13:02.386000,1,True,30.0,36.8,72.0,1008.9,False,1.2,163
GAS,10,Alpine,7.0,0 days 00:01:41.399000,1.0,MEDIUM,7.0,0 days 01:13:02.756000,1,True,30.0,36.8,72.0,1008.9,False,1.2,163
LAW,40,AlphaTauri,7.0,0 days 00:01:41.468000,1.0,MEDIUM,7.0,0 days 01:13:03.621000,1,True,30.0,36.8,72.0,1008.9,False,1.2,163
PER,11,Red Bull Racing,7.0,0 days 00:01:41.353000,1.0,HARD,7.0,0 days 01:13:05.443000,1,True,30.0,36.8,72.0,1008.9,False,1.2,163
PIA,81,McLaren,7.0,0 days 00:01:42.309000,1.0,MEDIUM,7.0,0 days 01:13:05.571000,1,True,30.0,36.8,72.0,1008.9,False,1.2,163
ALB,23,Williams,7.0,0 days 00:01:43.107000,1.0,MEDIUM,7.0,0 days 01:13:05.988000,1,True,30.0,36.8,72.0,1008.9,False,1.2,163
SAR,2,Williams,7.0,0 days 00:01:42.886000,1.0,MEDIUM,7.0,0 days 01:13:06.909000,1,True,30.0,36.8,72.0,1008.9,False,1.2,163
BOT,77,Alfa Romeo,7.0,0 days 00:01:42.397000,1.0,HARD,7.0,0 days 01:13:09.116000,1,True,30.0,36.8,72.0,1008.9,False,1.2,163
ZHO,24,Alfa Romeo,7.0,0 days 00:01:40.588000,2.0,HARD,5.0,0 days 01:13:32.844000,1,True,30.0,36.8,72.0,1008.9,False,1.2,163
SAI,55,Ferrari,8.0,0 days 00:01:40.503000,1.0,MEDIUM,8.0,0 days 01:14:31.467000,1,True,30.0,36.8,71.0,1008.9,False,1.6,163
LEC,16,Ferrari,8.0,0 days 00:01:40.396000,1.0,SOFT,11.0,0 days 01:14:32.458000,1,True,30.0,36.8,71.0,1008.9,False,1.6,163
RUS,63,Mercedes,8.0,0 days 00:01:40.464000,1.0,MEDIUM,8.0,0 days 01:14:34.252000,1,True,30.0,36.8,71.0,1008.9,False,1.6,163
NOR,4,McLaren,8.0,0 days 00:01:40.301000,1.0,MEDIUM,8.0,0 days 01:14:35.683000,1,True,30.0,36.8,71.0,1008.9,False,1.6,163
HAM,44,Mercedes,8.0,0 days 00:01:40.166000,1.0,MEDIUM,8.0,0 days 01:14:36.972000,1,True,30.0,36.8,71.0,1008.9,False,1.6,163
ALO,14,Aston Martin,8.0,0 days 00:01:40.210000,1.0,MEDIUM,8.0,0 days 01:14:39.382000,1,True,30.0,36.8,71.0,1008.9,False,1.6,163
OCO,31,Alpine,8.0,0 days 00:01:40.339000,1.0,MEDIUM,8.0,0 days 01:14:40.127000,1,True,30.0,36.8,71.0,1008.9,False,1.6,163
VER,1,Red Bull Racing,8.0,0 days 00:01:40.177000,1.0,HARD,8.0,0 days 01:14:41.511000,1,True,30.0,36.8,71.0,1008.9,False,1.6,163
MAG,20,Haas F1 Team,8.0,0 days 00:01:40.630000,1.0,MEDIUM,8.0,0 days 01:14:42.876000,1,True,30.0,36.8,71.0,1008.9,False,1.6,163
HUL,27,Haas F1 Team,8.0,0 days 00:01:40.734000,1.0,MEDIUM,8.0,0 days 01:14:43.503000,1,True,30.0,36.8,71.0,1008.9,False,1.6,163
GAS,10,Alpine,8.0,0 days 00:01:40.677000,1.0,MEDIUM,8.0,0 days 01:14:44.155000,1,True,30.0,36.8,71.0,1008.9,False,1.6,163
LAW,40,AlphaTauri,8.0,0 days 00:01:40.893000,1.0,MEDIUM,8.0,0 days 01:14:45.089000,1,True,30.0,36.8,71.0,1008.9,False,1.6,163
PER,11,Red Bull Racing,8.0,0 days 00:01:40.556000,1.0,HARD,8.0,0 days 01:14:46.796000,1,True,30.0,36.8,71.0,1008.9,False,1.6,163
PIA,81,McLaren,8.0,0 days 00:01:41.091000,1.0,MEDIUM,8.0,0 days 01:14:47.880000,1,True,30.0,36.8,71.0,1008.9,False,1.6,163
ALB,23,Williams,8.0,0 days 00:01:41.318000,1.0,MEDIUM,8.0,0 days 01:14:49.095000,1,True,30.0,36.8,71.0,1008.9,False,1.6,163
SAR,2,Williams,8.0,0 days 00:01:41.683000,1.0,MEDIUM,8.0,0 days 01:14:49.795000,1,True,30.0,36.8,71.0,1008.9,False,1.6,163
BOT,77,Alfa Romeo,8.0,0 days 00:01:42.153000,1.0,HARD,8.0,0 days 01:14:51.513000,1,True,30.0,36.8,71.0,1008.9,False,1.6,163
ZHO,24,Alfa Romeo,8.0,0 days 00:01:41.240000,2.0,HARD,6.0,0 days 01:15:13.432000,1,True,30.0,36.5,72.0,1008.9,False,1.7,161
SAI,55,Ferrari,9.0,0 days 00:01:39.626000,1.0,MEDIUM,9.0,0 days 01:16:11.970000,1,True,30.0,36.3,72.0,1009.0,False,1.7,163
LEC,16,Ferrari,9.0,0 days 00:01:39.646000,1.0,SOFT,12.0,0 days 01:16:12.854000,1,True,30.0,36.3,72.0,1009.0,False,1.7,163
RUS,63,Mercedes,9.0,0 days 00:01:40.039000,1.0,MEDIUM,9.0,0 days 01:16:14.716000,1,True,30.0,36.3,72.0,1009.0,False,1.7,163
NOR,4,McLaren,9.0,0 days 00:01:40.130000,1.0,MEDIUM,9.0,0 days 01:16:15.984000,1,True,30.0,36.3,72.0,1009.0,False,1.7,163
HAM,44,Mercedes,9.0,0 days 00:01:40.312000,1.0,MEDIUM,9.0,0 days 01:16:17.138000,1,True,30.0,36.3,72.0,1009.0,False,1.7,163
ALO,14,Aston Martin,9.0,0 days 00:01:40.422000,1.0,MEDIUM,9.0,0 days 01:16:19.592000,1,True,30.0,36.3,72.0,1009.0,False,1.7,163
OCO,31,Alpine,9.0,0 days 00:01:40.343000,1.0,MEDIUM,9.0,0 days 01:16:20.466000,1,True,30.0,36.3,72.0,1009.0,False,1.7,163
VER,1,Red Bull Racing,9.0,0 days 00:01:40.264000,1.0,HARD,9.0,0 days 01:16:21.688000,1,True,30.0,36.3,72.0,1009.0,False,1.7,163
MAG,20,Haas F1 Team,9.0,0 days 00:01:40.995000,1.0,MEDIUM,9.0,0 days 01:16:23.506000,1,True,30.0,36.3,72.0,1009.0,False,1.7,163
HUL,27,Haas F1 Team,9.0,0 days 00:01:40.978000,1.0,MEDIUM,9.0,0 days 01:16:24.237000,1,True,30.0,36.3,72.0,1009.0,False,1.7,163
GAS,10,Alpine,9.0,0 days 00:01:41.063000,1.0,MEDIUM,9.0,0 days 01:16:24.832000,1,True,30.0,36.3,72.0,1009.0,False,1.7,163
LAW,40,AlphaTauri,9.0,0 days 00:01:40.886000,1.0,MEDIUM,9.0,0 days 01:16:25.982000,1,True,30.0,36.3,72.0,1009.0,False,1.7,163
PER,11,Red Bull Racing,9.0,0 days 00:01:40.694000,1.0,HARD,9.0,0 days 01:16:27.352000,1,True,30.0,36.3,72.0,1009.0,False,1.7,163
PIA,81,McLaren,9.0,0 days 00:01:40.474000,1.0,MEDIUM,9.0,0 days 01:16:28.971000,1,True,30.0,36.3,72.0,1009.0,False,1.7,163
ALB,23,Williams,9.0,0 days 00:01:40.869000,1.0,MEDIUM,9.0,0 days 01:16:30.413000,1,True,30.0,36.3,72.0,1009.0,False,1.7,163
SAR,2,Williams,9.0,0 days 00:01:41.228000,1.0,MEDIUM,9.0,0 days 01:16:31.478000,1,True,30.0,36.3,72.0,1009.0,False,1.7,163
BOT,77,Alfa Romeo,9.0,0 days 00:01:41.303000,1.0,HARD,9.0,0 days 01:16:33.666000,1,True,30.0,36.3,72.0,1009.0,False,1.7,163
ZHO,24,Alfa Romeo,9.0,0 days 00:01:40.555000,2.0,HARD,7.0,0 days 01:16:54.672000,1,True,30.0,36.6,73.0,1009.0,False,1.7,168
SAI,55,Ferrari,10.0,0 days 00:01:40.369000,1.0,MEDIUM,10.0,0 days 01:17:51.596000,1,True,30.0,36.6,73.0,1009.0,False,1.7,168
LEC,16,Ferrari,10.0,0 days 00:01:40.790000,1.0,SOFT,13.0,0 days 01:17:52.500000,1,True,30.0,36.6,73.0,1009.0,False,1.7,168
RUS,63,Mercedes,10.0,0 days 00:01:40.093000,1.0,MEDIUM,10.0,0 days 01:17:54.755000,1,True,30.0,36.2,73.0,1009.0,False,1.2,175
NOR,4,McLaren,10.0,0 days 00:01:39.974000,1.0,MEDIUM,10.0,0 days 01:17:56.114000,1,True,30.0,36.2,73.0,1009.0,False,1.2,175
HAM,44,Mercedes,10.0,0 days 00:01:40.144000,1.0,MEDIUM,10.0,0 days 01:17:57.450000,1,True,30.0,36.2,73.0,1009.0,False,1.2,175
ALO,14,Aston Martin,10.0,0 days 00:01:40.555000,1.0,MEDIUM,10.0,0 days 01:18:00.014000,1,True,30.0,36.2,73.0,1009.0,False,1.2,175
OCO,31,Alpine,10.0,0 days 00:01:40.689000,1.0,MEDIUM,10.0,0 days 01:18:00.809000,1,True,30.0,36.2,73.0,1009.0,False,1.2,175
VER,1,Red Bull Racing,10.0,0 days 00:01:40.408000,1.0,HARD,10.0,0 days 01:18:01.952000,1,True,30.0,36.2,73.0,1009.0,False,1.2,175
MAG,20,Haas F1 Team,10.0,0 days 00:01:40.504000,1.0,MEDIUM,10.0,0 days 01:18:04.501000,1,True,30.0,36.2,73.0,1009.0,False,1.2,175
HUL,27,Haas F1 Team,10.0,0 days 00:01:40.633000,1.0,MEDIUM,10.0,0 days 01:18:05.215000,1,True,30.0,36.2,73.0,1009.0,False,1.2,175
GAS,10,Alpine,10.0,0 days 00:01:40.378000,1.0,MEDIUM,10.0,0 days 01:18:05.895000,1,True,30.0,36.2,73.0,1009.0,False,1.2,175
LAW,40,AlphaTauri,10.0,0 days 00:01:40.598000,1.0,MEDIUM,10.0,0 days 01:18:06.868000,1,True,30.0,36.2,73.0,1009.0,False,1.2,175
PER,11,Red Bull Racing,10.0,0 days 00:01:40.643000,1.0,HARD,10.0,0 days 01:18:08.046000,1,True,30.0,36.2,73.0,1009.0,False,1.2,175
PIA,81,McLaren,10.0,0 days 00:01:40.528000,1.0,MEDIUM,10.0,0 days 01:18:09.445000,1,True,30.0,36.2,73.0,1009.0,False,1.2,175
ALB,23,Williams,10.0,0 days 00:01:40.625000,1.0,MEDIUM,10.0,0 days 01:18:11.282000,1,True,30.0,36.2,73.0,1009.0,False,1.2,175
SAR,2,Williams,10.0,0 days 00:01:40.739000,1.0,MEDIUM,10.0,0 days 01:18:12.706000,1,True,30.0,36.2,73.0,1009.0,False,1.2,175
BOT,77,Alfa Romeo,10.0,0 days 00:01:41.230000,1.0,HARD,10.0,0 days 01:18:14.969000,1,True,30.0,36.2,73.0,1009.0,False,1.2,175
ZHO,24,Alfa Romeo,10.0,0 days 00:01:40.566000,2.0,HARD,8.0,0 days 01:18:35.227000,1,True,30.0,36.2,73.0,1009.0,False,1.2,175
SAI,55,Ferrari,11.0,0 days 00:01:40.297000,1.0,MEDIUM,11.0,0 days 01:19:31.965000,1,True,30.0,36.8,73.0,1009.0,False,1.6,160
LEC,16,Ferrari,11.0,0 days 00:01:40.403000,1.0,SOFT,14.0,0 days 01:19:33.290000,1,True,30.0,36.8,73.0,1009.0,False,1.6,160
RUS,63,Mercedes,11.0,0 days 00:01:40.595000,1.0,MEDIUM,11.0,0 days 01:19:34.848000,1,True,30.0,36.8,73.0,1009.0,False,1.6,160
NOR,4,McLaren,11.0,0 days 00:01:40.355000,1.0,MEDIUM,11.0,0 days 01:19:36.088000,1,True,30.0,36.8,73.0,1009.0,False,1.6,160
HAM,44,Mercedes,11.0,0 days 00:01:40.241000,1.0,MEDIUM,11.0,0 days 01:19:37.594000,1,True,30.0,36.8,73.0,1009.0,False,1.6,160
ALO,14,Aston Martin,11.0,0 days 00:01:40.147000,1.0,MEDIUM,11.0,0 days 01:19:40.569000,1,True,30.0,36.8,73.0,1009.0,False,1.6,160
OCO,31,Alpine,11.0,0 days 00:01:40.085000,1.0,MEDIUM,11.0,0 days 01:19:41.498000,1,True,30.0,36.8,73.0,1009.0,False,1.6,160
VER,1,Red Bull Racing,11.0,0 days 00:01:40.423000,1.0,HARD,11.0,0 days 01:19:42.360000,1,True,30.0,36.8,73.0,1009.0,False,1.6,160
MAG,20,Haas F1 Team,11.0,0 days 00:01:40.415000,1.0,MEDIUM,11.0,0 days 01:19:45.005000,1,True,30.0,36.8,73.0,1009.0,False,1.6,160
HUL,27,Haas F1 Team,11.0,0 days 00:01:40.559000,1.0,MEDIUM,11.0,0 days 01:19:45.848000,1,True,30.0,36.8,73.0,1009.0,False,1.6,160
GAS,10,Alpine,11.0,0 days 00:01:40.728000,1.0,MEDIUM,11.0,0 days 01:19:46.273000,1,True,30.0,36.8,73.0,1009.0,False,1.6,160
LAW,40,AlphaTauri,11.0,0 days 00:01:40.824000,1.0,MEDIUM,11.0,0 days 01:19:47.466000,1,True,30.0,36.8,73.0,1009.0,False,1.6,160
PER,11,Red Bull Racing,11.0,0 days 00:01:40.693000,1.0,HARD,11.0,0 days 01:19:48.689000,1,True,30.0,36.8,73.0,1009.0,False,1.6,160
PIA,81,McLaren,11.0,0 days 00:01:40.678000,1.0,MEDIUM,11.0,0 days 01:19:49.973000,1,True,30.0,36.8,73.0,1009.0,False,1.6,160
ALB,23,Williams,11.0,0 days 00:01:40.363000,1.0,MEDIUM,11.0,0 days 01:19:51.907000,1,True,30.0,36.8,73.0,1009.0,False,1.6,160
SAR,2,Williams,11.0,0 days 00:01:40.711000,1.0,MEDIUM,11.0,0 days 01:19:53.445000,1,True,30.0,36.8,73.0,1009.0,False,1.6,160
BOT,77,Alfa Romeo,11.0,0 days 00:01:41.376000,1.0,HARD,11.0,0 days 01:19:56.199000,1,True,30.0,36.8,72.0,1009.0,False,1.1,145
ZHO,24,Alfa Romeo,11.0,0 days 00:01:40.534000,2.0,HARD,9.0,0 days 01:20:15.793000,1,True,30.0,36.8,72.0,1009.0,False,1.1,145
SAI,55,Ferrari,12.0,0 days 00:01:40.530000,1.0,MEDIUM,12.0,0 days 01:21:12.262000,1,True,30.1,36.8,72.0,1009.0,False,2.0,138
LEC,16,Ferrari,12.0,0 days 00:01:40.392000,1.0,SOFT,15.0,0 days 01:21:13.693000,1,True,30.1,36.8,72.0,1009.0,False,2.0,138
RUS,63,Mercedes,12.0,0 days 00:01:40.463000,1.0,MEDIUM,12.0,0 days 01:21:15.443000,1,True,30.1,36.8,72.0,1009.0,False,2.0,138
NOR,4,McLaren,12.0,0 days 00:01:40.466000,1.0,MEDIUM,12.0,0 days 01:21:16.443000,1,True,30.1,36.8,72.0,1009.0,False,2.0,138
HAM,44,Mercedes,12.0,0 days 00:01:40.218000,1.0,MEDIUM,12.0,0 days 01:21:17.835000,1,True,30.1,36.8,72.0,1009.0,False,2.0,138
ALO,14,Aston Martin,12.0,0 days 00:01:40.383000,1.0,MEDIUM,12.0,0 days 01:21:20.716000,1,True,30.1,36.8,72.0,1009.0,False,2.0,138
OCO,31,Alpine,12.0,0 days 00:01:40.388000,1.0,MEDIUM,12.0,0 days 01:21:21.583000,1,True,30.1,36.8,72.0,1009.0,False,2.0,138
VER,1,Red Bull Racing,12.0,0 days 00:01:40.602000,1.0,HARD,12.0,0 days 01:21:22.783000,1,True,30.1,36.8,72.0,1009.0,False,2.0,138
MAG,20,Haas F1 Team,12.0,0 days 00:01:40.705000,1.0,MEDIUM,12.0,0 days 01:21:25.420000,1,True,30.1,36.8,72.0,1009.0,False,2.0,138
HUL,27,Haas F1 Team,12.0,0 days 00:01:40.479000,1.0,MEDIUM,12.0,0 days 01:21:26.407000,1,True,30.1,36.8,72.0,1009.0,False,2.0,138
GAS,10,Alpine,12.0,0 days 00:01:40.439000,1.0,MEDIUM,12.0,0 days 01:21:27.001000,1,True,30.1,36.8,72.0,1009.0,False,2.0,138
LAW,40,AlphaTauri,12.0,0 days 00:01:40.454000,1.0,MEDIUM,12.0,0 days 01:21:28.290000,1,True,30.1,36.8,72.0,1009.0,False,2.0,138
PER,11,Red Bull Racing,12.0,0 days 00:01:40.715000,1.0,HARD,12.0,0 days 01:21:29.382000,1,True,30.1,36.8,72.0,1009.0,False,2.0,138
PIA,81,McLaren,12.0,0 days 00:01:40.563000,1.0,MEDIUM,12.0,0 days 01:21:30.651000,1,True,30.1,36.8,72.0,1009.0,False,2.0,138
ALB,23,Williams,12.0,0 days 00:01:40.458000,1.0,MEDIUM,12.0,0 days 01:21:32.270000,1,True,30.1,36.8,72.0,1009.0,False,2.0,138
SAR,2,Williams,12.0,0 days 00:01:40.554000,1.0,MEDIUM,12.0,0 days 01:21:34.156000,1,True,30.1,36.8,72.0,1009.0,False,2.0,138
BOT,77,Alfa Romeo,12.0,0 days 00:01:41.063000,1.0,HARD,12.0,0 days 01:21:37.575000,1,True,30.1,36.8,72.0,1009.0,False,2.0,138
ZHO,24,Alfa Romeo,12.0,0 days 00:01:40.316000,2.0,HARD,10.0,0 days 01:21:56.327000,1,True,30.0,36.8,72.0,1009.0,False,1.5,181
SAI,55,Ferrari,13.0,0 days 00:01:40.356000,1.0,MEDIUM,13.0,0 days 01:22:52.792000,1,True,30.0,36.8,72.0,1009.0,False,1.5,181
LEC,16,Ferrari,13.0,0 days 00:01:40.154000,1.0,SOFT,16.0,0 days 01:22:54.085000,1,True,30.1,36.6,72.0,1009.0,False,1.5,158
RUS,63,Mercedes,13.0,0 days 00:01:40.344000,1.0,MEDIUM,13.0,0 days 01:22:55.906000,1,True,30.1,36.6,72.0,1009.0,False,1.5,158
NOR,4,McLaren,13.0,0 days 00:01:40.372000,1.0,MEDIUM,13.0,0 days 01:22:56.909000,1,True,30.1,36.6,72.0,1009.0,False,1.5,158
HAM,44,Mercedes,13.0,0 days 00:01:40.081000,1.0,MEDIUM,13.0,0 days 01:22:58.053000,1,True,30.1,36.6,72.0,1009.0,False,1.5,158
ALO,14,Aston Martin,13.0,0 days 00:01:40.554000,1.0,MEDIUM,13.0,0 days 01:23:01.099000,1,True,30.1,36.6,72.0,1009.0,False,1.5,158
OCO,31,Alpine,13.0,0 days 00:01:40.562000,1.0,MEDIUM,13.0,0 days 01:23:01.971000,1,True,30.1,36.6,72.0,1009.0,False,1.5,158
VER,1,Red Bull Racing,13.0,0 days 00:01:40.693000,1.0,HARD,13.0,0 days 01:23:03.385000,1,True,30.1,36.6,72.0,1009.0,False,1.5,158
MAG,20,Haas F1 Team,13.0,0 days 00:01:40.828000,1.0,MEDIUM,13.0,0 days 01:23:06.125000,1,True,30.1,36.6,72.0,1009.0,False,1.5,158
HUL,27,Haas F1 Team,13.0,0 days 00:01:40.783000,1.0,MEDIUM,13.0,0 days 01:23:06.886000,1,True,30.1,36.6,72.0,1009.0,False,1.5,158
GAS,10,Alpine,13.0,0 days 00:01:40.829000,1.0,MEDIUM,13.0,0 days 01:23:07.440000,1,True,30.1,36.6,72.0,1009.0,False,1.5,158
LAW,40,AlphaTauri,13.0,0 days 00:01:40.642000,1.0,MEDIUM,13.0,0 days 01:23:08.744000,1,True,30.1,36.6,72.0,1009.0,False,1.5,158
PER,11,Red Bull Racing,13.0,0 days 00:01:40.843000,1.0,HARD,13.0,0 days 01:23:10.097000,1,True,30.1,36.6,72.0,1009.0,False,1.5,158
PIA,81,McLaren,13.0,0 days 00:01:41.119000,1.0,MEDIUM,13.0,0 days 01:23:11.214000,1,True,30.1,36.6,72.0,1009.0,False,1.5,158
ALB,23,Williams,13.0,0 days 00:01:40.755000,1.0,MEDIUM,13.0,0 days 01:23:12.728000,1,True,30.1,36.6,72.0,1009.0,False,1.5,158
SAR,2,Williams,13.0,0 days 00:01:40.797000,1.0,MEDIUM,13.0,0 days 01:23:14.710000,1,True,30.1,36.6,72.0,1009.0,False,1.5,158
BOT,77,Alfa Romeo,13.0,0 days 00:01:41.194000,1.0,HARD,13.0,0 days 01:23:18.638000,1,True,30.1,36.6,72.0,1009.0,False,1.5,158
ZHO,24,Alfa Romeo,13.0,0 days 00:01:40.397000,2.0,HARD,11.0,0 days 01:23:36.643000,1,True,30.1,36.6,72.0,1009.0,False,1.5,158
SAI,55,Ferrari,14.0,0 days 00:01:40.398000,1.0,MEDIUM,14.0,0 days 01:24:33.148000,1,True,30.1,36.6,72.0,1009.0,False,1.5,175
LEC,16,Ferrari,14.0,0 days 00:01:41.622000,1.0,SOFT,17.0,0 days 01:24:34.239000,1,True,30.1,36.6,72.0,1009.0,False,1.5,175
RUS,63,Mercedes,14.0,0 days 00:01:40.758000,1.0,MEDIUM,14.0,0 days 01:24:36.250000,1,True,30.1,36.6,72.0,1009.0,False,1.5,175
NOR,4,McLaren,14.0,0 days 00:01:40.421000,1.0,MEDIUM,14.0,0 days 01:24:37.281000,1,True,30.1,36.6,72.0,1009.0,False,1.5,175
HAM,44,Mercedes,14.0,0 days 00:01:40.273000,1.0,MEDIUM,14.0,0 days 01:24:38.134000,1,True,30.1,36.6,72.0,1009.0,False,1.5,175
ALO,14,Aston Martin,14.0,0 days 00:01:40.180000,1.0,MEDIUM,14.0,0 days 01:24:41.653000,1,True,30.1,36.6,72.0,1009.0,False,1.5,175
OCO,31,Alpine,14.0,0 days 00:01:40.247000,1.0,MEDIUM,14.0,0 days 01:24:42.533000,1,True,30.1,36.6,72.0,1009.0,False,1.5,175
VER,1,Red Bull Racing,14.0,0 days 00:01:40.633000,1.0,HARD,14.0,0 days 01:24:44.078000,1,True,30.1,36.6,72.0,1009.0,False,1.5,175
MAG,20,Haas F1 Team,14.0,0 days 00:01:40.515000,1.0,MEDIUM,14.0,0 days 01:24:46.953000,1,True,30.1,36.6,72.0,1009.0,False,1.5,175
HUL,27,Haas F1 Team,14.0,0 days 00:01:40.641000,1.0,MEDIUM,14.0,0 days 01:24:47.669000,1,True,30.1,36.6,72.0,1009.0,False,1.5,175
GAS,10,Alpine,14.0,0 days 00:01:40.627000,1.0,MEDIUM,14.0,0 days 01:24:48.269000,1,True,30.1,36.6,72.0,1009.0,False,1.5,175
LAW,40,AlphaTauri,14.0,0 days 00:01:40.676000,1.0,MEDIUM,14.0,0 days 01:24:49.386000,1,True,30.1,36.6,72.0,1009.0,False,1.5,175
PER,11,Red Bull Racing,14.0,0 days 00:01:40.314000,1.0,HARD,14.0,0 days 01:24:50.940000,1,True,30.1,36.6,72.0,1009.0,False,1.5,175
PIA,81,McLaren,14.0,0 days 00:01:40.307000,1.0,MEDIUM,14.0,0 days 01:24:52.333000,1,True,30.1,36.6,72.0,1009.0,False,1.5,175
ALB,23,Williams,14.0,0 days 00:01:40.775000,1.0,MEDIUM,14.0,0 days 01:24:53.483000,1,True,30.1,36.6,72.0,1009.0,False,1.5,175
SAR,2,Williams,14.0,0 days 00:01:40.983000,1.0,MEDIUM,14.0,0 days 01:24:55.507000,1,True,30.1,36.4,72.0,1009.0,False,1.2,156
BOT,77,Alfa Romeo,14.0,0 days 00:01:40.955000,1.0,HARD,14.0,0 days 01:24:59.832000,1,True,30.1,36.4,72.0,1009.0,False,1.2,156
ZHO,24,Alfa Romeo,14.0,0 days 00:01:40.833000,2.0,HARD,12.0,0 days 01:25:17.040000,1,True,30.1,36.4,72.0,1009.0,False,1.2,156
SAI,55,Ferrari,15.0,0 days 00:01:39.937000,1.0,MEDIUM,15.0,0 days 01:26:13.546000,1,True,30.1,36.4,72.0,1009.0,False,1.6,169
LEC,16,Ferrari,15.0,0 days 00:01:39.613000,1.0,SOFT,18.0,0 days 01:26:15.861000,1,True,30.1,36.4,72.0,1009.0,False,1.6,169
RUS,63,Mercedes,15.0,0 days 00:01:39.965000,1.0,MEDIUM,15.0,0 days 01:26:17.008000,1,True,30.1,36.4,72.0,1009.0,False,1.6,169
NOR,4,McLaren,15.0,0 days 00:01:40.247000,1.0,MEDIUM,15.0,0 days 01:26:17.702000,1,True,30.1,36.4,72.0,1009.0,False,1.6,169
HAM,44,Mercedes,15.0,0 days 00:01:40.394000,1.0,MEDIUM,15.0,0 days 01:26:18.407000,1,True,30.1,36.4,72.0,1009.0,False,1.6,169
ALO,14,Aston Martin,15.0,0 days 00:01:40.095000,1.0,MEDIUM,15.0,0 days 01:26:21.833000,1,True,30.1,36.4,72.0,1009.0,False,1.6,169
OCO,31,Alpine,15.0,0 days 00:01:40.353000,1.0,MEDIUM,15.0,0 days 01:26:22.780000,1,True,30.1,36.4,72.0,1009.0,False,1.6,169
VER,1,Red Bull Racing,15.0,0 days 00:01:40.206000,1.0,HARD,15.0,0 days 01:26:24.711000,1,True,30.1,36.4,72.0,1009.0,False,1.6,169
MAG,20,Haas F1 Team,15.0,0 days 00:01:40.598000,1.0,MEDIUM,15.0,0 days 01:26:27.468000,1,True,30.1,36.4,72.0,1009.0,False,1.6,169
HUL,27,Haas F1 Team,15.0,0 days 00:01:40.693000,1.0,MEDIUM,15.0,0 days 01:26:28.310000,1,True,30.1,36.4,72.0,1009.0,False,1.6,169
GAS,10,Alpine,15.0,0 days 00:01:40.602000,1.0,MEDIUM,15.0,0 days 01:26:28.896000,1,True,30.1,36.4,72.0,1009.0,False,1.6,169
LAW,40,AlphaTauri,15.0,0 days 00:01:40.728000,1.0,MEDIUM,15.0,0 days 01:26:30.062000,1,True,30.1,36.4,72.0,1009.0,False,1.6,169
PER,11,Red Bull Racing,15.0,0 days 00:01:40.538000,1.0,HARD,15.0,0 days 01:26:31.254000,1,True,30.1,36.4,72.0,1009.0,False,1.6,169
PIA,81,McLaren,15.0,0 days 00:01:40.709000,1.0,MEDIUM,15.0,0 days 01:26:32.640000,1,True,30.1,36.4,72.0,1009.0,False,1.6,169
ALB,23,Williams,15.0,0 days 00:01:40.638000,1.0,MEDIUM,15.0,0 days 01:26:34.258000,1,True,30.1,36.4,72.0,1009.0,False,1.6,169
SAR,2,Williams,15.0,0 days 00:01:40.838000,1.0,MEDIUM,15.0,0 days 01:26:36.490000,1,True,30.1,36.4,72.0,1009.0,False,1.6,169
BOT,77,Alfa Romeo,15.0,0 days 00:01:40.793000,1.0,HARD,15.0,0 days 01:26:40.787000,1,True,30.1,36.4,72.0,1009.0,False,1.6,169
ZHO,24,Alfa Romeo,15.0,0 days 00:01:40.463000,2.0,HARD,13.0,0 days 01:26:57.873000,1,True,30.1,36.4,72.0,1009.0,False,1.6,160
SAI,55,Ferrari,16.0,0 days 00:01:39.398000,1.0,MEDIUM,16.0,0 days 01:27:53.483000,1,True,30.1,36.4,72.0,1009.0,False,1.6,160
LEC,16,Ferrari,16.0,0 days 00:01:39.625000,1.0,SOFT,19.0,0 days 01:27:55.474000,1,True,30.1,36.4,72.0,1009.0,False,1.6,173
RUS,63,Mercedes,16.0,0 days 00:01:40.062000,1.0,MEDIUM,16.0,0 days 01:27:56.973000,1,True,30.1,36.4,72.0,1009.0,False,1.6,173
NOR,4,McLaren,16.0,0 days 00:01:40.342000,1.0,MEDIUM,16.0,0 days 01:27:57.949000,1,True,30.1,36.4,72.0,1009.0,False,1.6,173
HAM,44,Mercedes,16.0,0 days 00:01:40.785000,1.0,MEDIUM,16.0,0 days 01:27:58.801000,1,True,30.1,36.4,72.0,1009.0,False,1.6,173
ALO,14,Aston Martin,16.0,0 days 00:01:40.238000,1.0,MEDIUM,16.0,0 days 01:28:01.928000,1,True,30.1,36.4,72.0,1009.0,False,1.6,173
OCO,31,Alpine,16.0,0 days 00:01:40.387000,1.0,MEDIUM,16.0,0 days 01:28:03.133000,1,True,30.1,36.4,72.0,1009.0,False,1.6,173
VER,1,Red Bull Racing,16.0,0 days 00:01:40.390000,1.0,HARD,16.0,0 days 01:28:04.917000,1,True,30.1,36.4,72.0,1009.0,False,1.6,173
MAG,20,Haas F1 Team,16.0,0 days 00:01:40.671000,1.0,MEDIUM,16.0,0 days 01:28:08.066000,1,True,30.1,36.4,72.0,1009.0,False,1.6,173
HUL,27,Haas F1 Team,16.0,0 days 00:01:40.789000,1.0,MEDIUM,16.0,0 days 01:28:09.003000,1,True,30.1,36.4,72.0,1009.0,False,1.6,173
GAS,10,Alpine,16.0,0 days 00:01:40.929000,1.0,MEDIUM,16.0,0 days 01:28:09.498000,1,True,30.1,36.4,72.0,1009.0,False,1.6,173
LAW,40,AlphaTauri,16.0,0 days 00:01:40.941000,1.0,MEDIUM,16.0,0 days 01:28:10.790000,1,True,30.1,36.4,72.0,1009.0,False,1.6,173
PER,11,Red Bull Racing,16.0,0 days 00:01:40.688000,1.0,HARD,16.0,0 days 01:28:11.792000,1,True,30.1,36.4,72.0,1009.0,False,1.6,173
PIA,81,McLaren,16.0,0 days 00:01:40.600000,1.0,MEDIUM,16.0,0 days 01:28:13.349000,1,True,30.1,36.4,72.0,1009.0,False,1.6,173
ALB,23,Williams,16.0,0 days 00:01:40.815000,1.0,MEDIUM,16.0,0 days 01:28:14.896000,1,True,30.1,36.4,72.0,1009.0,False,1.6,173
SAR,2,Williams,16.0,0 days 00:01:40.965000,1.0,MEDIUM,16.0,0 days 01:28:17.328000,1,True,30.1,36.4,72.0,1009.0,False,1.6,173
BOT,77,Alfa Romeo,16.0,0 days 00:01:40.925000,1.0,HARD,16.0,0 days 01:28:21.580000,1,True,30.1,36.4,72.0,1009.0,False,1.6,173
ZHO,24,Alfa Romeo,16.0,0 days 00:01:40.425000,2.0,HARD,14.0,0 days 01:28:38.336000,1,True,30.1,36.4,72.0,1009.0,False,1.6,173
SAI,55,Ferrari,17.0,0 days 00:01:39.448000,1.0,MEDIUM,17.0,0 days 01:29:32.881000,1,True,30.1,36.5,72.0,1009.0,False,1.5,186
LEC,16,Ferrari,17.0,0 days 00:01:39.800000,1.0,SOFT,20.0,0 days 01:29:35.099000,1,True,30.1,36.5,72.0,1009.0,False,1.5,186
RUS,63,Mercedes,17.0,0 days 00:01:40.029000,1.0,MEDIUM,17.0,0 days 01:29:37.035000,1,True,30.1,36.5,72.0,1009.0,False,1.5,186
NOR,4,McLaren,17.0,0 days 00:01:40.024000,1.0,MEDIUM,17.0,0 days 01:29:38.291000,1,True,30.1,36.5,72.0,1009.0,False,1.5,186
HAM,44,Mercedes,17.0,0 days 00:01:40.380000,1.0,MEDIUM,17.0,0 days 01:29:39.586000,1,True,30.1,36.5,72.0,1009.0,False,1.5,186
ALO,14,Aston Martin,17.0,0 days 00:01:40.499000,1.0,MEDIUM,17.0,0 days 01:29:42.166000,1,True,30.1,36.5,72.0,1009.0,False,1.5,186
OCO,31,Alpine,17.0,0 days 00:01:40.575000,1.0,MEDIUM,17.0,0 days 01:29:43.520000,1,True,30.1,36.5,72.0,1009.0,False,1.5,186
VER,1,Red Bull Racing,17.0,0 days 00:01:40.481000,1.0,HARD,17.0,0 days 01:29:45.307000,1,True,30.1,36.5,72.0,1009.0,False,1.5,186
MAG,20,Haas F1 Team,17.0,0 days 00:01:40.859000,1.0,MEDIUM,17.0,0 days 01:29:48.737000,1,True,30.1,36.5,72.0,1009.0,False,1.5,186
HUL,27,Haas F1 Team,17.0,0 days 00:01:40.753000,1.0,MEDIUM,17.0,0 days 01:29:49.792000,1,True,30.1,36.5,72.0,1009.0,False,1.5,186
GAS,10,Alpine,17.0,0 days 00:01:40.673000,1.0,MEDIUM,17.0,0 days 01:29:50.427000,1,True,30.1,36.5,72.0,1009.0,False,1.5,186
LAW,40,AlphaTauri,17.0,0 days 00:01:40.940000,1.0,MEDIUM,17.0,0 days 01:29:51.731000,1,True,30.1,36.5,72.0,1009.0,False,1.5,186
PER,11,Red Bull Racing,17.0,0 days 00:01:40.987000,1.0,HARD,17.0,0 days 01:29:52.480000,1,True,30.1,36.5,72.0,1009.0,False,1.5,186
PIA,81,McLaren,17.0,0 days 00:01:40.846000,1.0,MEDIUM,17.0,0 days 01:29:53.949000,1,True,30.1,36.5,73.0,1009.0,False,1.2,189
ALB,23,Williams,17.0,0 days 00:01:40.689000,1.0,MEDIUM,17.0,0 days 01:29:55.711000,1,True,30.1,36.5,73.0,1009.0,False,1.2,189
SAR,2,Williams,17.0,0 days 00:01:41.113000,1.0,MEDIUM,17.0,0 days 01:29:58.293000,1,True,30.1,36.5,73.0,1009.0,False,1.2,189
BOT,77,Alfa Romeo,17.0,0 days 00:01:40.809000,1.0,HARD,17.0,0 days 01:30:02.505000,1,True,30.1,36.5,73.0,1009.0,False,1.2,189
ZHO,24,Alfa Romeo,17.0,0 days 00:01:40.424000,2.0,HARD,15.0,0 days 01:30:18.761000,1,True,30.1,36.5,73.0,1009.0,False,1.2,189
SAI,55,Ferrari,18.0,0 days 00:01:38.992000,1.0,MEDIUM,18.0,0 days 01:31:12.329000,1,True,30.0,36.5,73.0,1009.0,False,1.0,181
LEC,16,Ferrari,18.0,0 days 00:01:39.613000,1.0,SOFT,21.0,0 days 01:31:14.899000,1,True,30.0,36.5,73.0,1009.0,False,1.0,181
RUS,63,Mercedes,18.0,0 days 00:01:39.686000,1.0,MEDIUM,18.0,0 days 01:31:17.064000,1,True,30.0,36.5,73.0,1009.0,False,1.0,181
NOR,4,McLaren,18.0,0 days 00:01:39.693000,1.0,MEDIUM,18.0,0 days 01:31:18.315000,1,True,30.0,36.5,73.0,1009.0,False,1.0,181
HAM,44,Mercedes,18.0,0 days 00:01:40.364000,1.0,MEDIUM,18.0,0 days 01:31:19.966000,1,True,30.0,36.5,73.0,1009.0,False,1.0,181
ALO,14,Aston Martin,18.0,0 days 00:01:40.316000,1.0,MEDIUM,18.0,0 days 01:31:22.665000,1,True,30.0,36.5,73.0,1009.0,False,1.0,181
OCO,31,Alpine,18.0,0 days 00:01:40.423000,1.0,MEDIUM,18.0,0 days 01:31:24.095000,1,True,30.0,36.5,73.0,1009.0,False,1.0,181
VER,1,Red Bull Racing,18.0,0 days 00:01:40.464000,1.0,HARD,18.0,0 days 01:31:25.788000,1,True,30.0,36.5,73.0,1009.0,False,1.0,181
MAG,20,Haas F1 Team,18.0,0 days 00:01:40.993000,1.0,MEDIUM,18.0,0 days 01:31:29.596000,1,True,30.0,36.5,73.0,1009.0,False,1.0,181
HUL,27,Haas F1 Team,18.0,0 days 00:01:40.877000,1.0,MEDIUM,18.0,0 days 01:31:30.545000,1,True,30.0,36.5,73.0,1009.0,False,1.0,181
GAS,10,Alpine,18.0,0 days 00:01:40.866000,1.0,MEDIUM,18.0,0 days 01:31:31.100000,1,True,30.0,36.5,73.0,1009.0,False,1.0,181
LAW,40,AlphaTauri,18.0,0 days 00:01:41.119000,1.0,MEDIUM,18.0,0 days 01:31:32.671000,1,True,30.0,36.5,73.0,1009.0,False,1.0,181
PER,11,Red Bull Racing,18.0,0 days 00:01:41.077000,1.0,HARD,18.0,0 days 01:31:33.467000,1,True,30.0,36.5,73.0,1009.0,False,1.0,181
PIA,81,McLaren,18.0,0 days 00:01:40.895000,1.0,MEDIUM,18.0,0 days 01:31:34.795000,1,True,30.0,36.5,73.0,1009.0,False,1.0,181
ALB,23,Williams,18.0,0 days 00:01:40.949000,1.0,MEDIUM,18.0,0 days 01:31:36.400000,1,True,30.0,36.5,73.0,1009.0,False,1.0,181
SAR,2,Williams,18.0,0 days 00:01:41.570000,1.0,MEDIUM,18.0,0 days 01:31:39.406000,1,True,30.0,36.5,73.0,1009.0,False,1.0,181
BOT,77,Alfa Romeo,18.0,0 days 00:01:40.904000,1.0,HARD,18.0,0 days 01:31:43.314000,1,True,30.0,36.5,73.0,1009.0,False,1.0,181
ZHO,24,Alfa Romeo,18.0,0 days 00:01:40.582000,2.0,HARD,16.0,0 days 01:31:59.185000,1,True,30.0,36.4,73.0,1009.0,False,1.3,185
SAI,55,Ferrari,19.0,0 days 00:01:39.029000,1.0,MEDIUM,19.0,0 days 01:32:51.321000,12,True,30.0,36.4,73.0,1009.0,False,1.3,185
LEC,16,Ferrari,19.0,0 days 00:01:40.236000,1.0,SOFT,22.0,0 days 01:32:54.512000,12,True,30.0,36.3,73.0,1009.0,False,1.1,187
RUS,63,Mercedes,19.0,0 days 00:01:39.996000,1.0,MEDIUM,19.0,0 days 01:32:56.750000,12,True,30.0,36.3,73.0,1009.0,False,1.1,187
NOR,4,McLaren,19.0,0 days 00:01:39.880000,1.0,MEDIUM,19.0,0 days 01:32:58.008000,12,True,30.0,36.3,73.0,1009.0,False,1.1,187
HAM,44,Mercedes,19.0,0 days 00:01:39.394000,1.0,MEDIUM,19.0,0 days 01:33:00.330000,12,True,30.0,36.3,73.0,1009.0,False,1.1,187
ALO,14,Aston Martin,19.0,0 days 00:01:40.346000,1.0,MEDIUM,19.0,0 days 01:33:02.981000,12,True,30.0,36.3,73.0,1009.0,False,1.1,187
OCO,31,Alpine,19.0,0 days 00:01:40.490000,1.0,MEDIUM,19.0,0 days 01:33:04.518000,12,True,30.0,36.3,73.0,1009.0,False,1.1,187
VER,1,Red Bull Racing,19.0,0 days 00:01:40.746000,1.0,HARD,19.0,0 days 01:33:06.252000,12,True,30.0,36.3,73.0,1009.0,False,1.1,187
MAG,20,Haas F1 Team,19.0,0 days 00:01:41.007000,1.0,MEDIUM,19.0,0 days 01:33:10.589000,12,True,30.0,36.3,73.0,1009.0,False,1.1,187
HUL,27,Haas F1 Team,19.0,0 days 00:01:41.096000,1.0,MEDIUM,19.0,0 days 01:33:11.422000,12,True,30.0,36.3,73.0,1009.0,False,1.1,187
GAS,10,Alpine,19.0,0 days 00:01:41.061000,1.0,MEDIUM,19.0,0 days 01:33:11.966000,12,True,30.0,36.3,73.0,1009.0,False,1.1,187
LAW,40,AlphaTauri,19.0,0 days 00:01:41.286000,1.0,MEDIUM,19.0,0 days 01:33:13.790000,12,True,30.0,36.3,73.0,1009.0,False,1.1,187
PER,11,Red Bull Racing,19.0,0 days 00:01:41.404000,1.0,HARD,19.0,0 days 01:33:14.544000,12,True,30.0,36.3,73.0,1009.0,False,1.1,187
PIA,81,McLaren,19.0,0 days 00:01:41.322000,1.0,MEDIUM,19.0,0 days 01:33:15.690000,12,True,30.0,36.3,73.0,1009.0,False,1.1,187
ALB,23,Williams,19.0,0 days 00:01:41.174000,1.0,MEDIUM,19.0,0 days 01:33:17.349000,12,True,30.0,36.3,73.0,1009.0,False,1.1,187
SAR,2,Williams,19.0,0 days 00:02:29.645000,1.0,MEDIUM,19.0,0 days 01:33:20.976000,124,False,30.0,36.3,73.0,1009.0,False,1.1,187
BOT,77,Alfa Romeo,19.0,0 days 00:01:41.786000,1.0,HARD,19.0,0 days 01:33:24.218000,12,True,30.0,36.3,73.0,1009.0,False,1.1,187
ZHO,24,Alfa Romeo,19.0,0 days 00:01:41.684000,2.0,HARD,17.0,0 days 01:33:39.767000,12,True,30.0,36.3,73.0,1009.0,False,1.1,187
SAI,55,Ferrari,20.0,0 days 00:01:56.824000,1.0,MEDIUM,20.0,0 days 01:34:30.350000,14,False,30.0,36.3,73.0,1009.2,False,1.5,197
LEC,16,Ferrari,20.0,0 days 00:02:01.624000,1.0,SOFT,23.0,0 days 01:34:34.748000,14,False,30.0,36.3,73.0,1009.2,False,1.5,197
RUS,63,Mercedes,20.0,0 days 00:02:00.405000,1.0,MEDIUM,20.0,0 days 01:34:36.746000,14,False,30.0,36.3,73.0,1009.2,False,1.5,197
NOR,4,McLaren,20.0,0 days 00:02:01.158000,1.0,MEDIUM,20.0,0 days 01:34:37.888000,14,False,30.0,36.3,73.0,1009.2,False,1.5,197
HAM,44,Mercedes,20.0,0 days 00:02:01.815000,1.0,MEDIUM,20.0,0 days 01:34:39.724000,14,False,30.0,36.3,73.0,1009.2,False,1.5,197
ALO,14,Aston Martin,20.0,0 days 00:02:04.300000,1.0,MEDIUM,20.0,0 days 01:34:43.327000,14,False,30.0,36.3,73.0,1009.2,False,1.5,197
OCO,31,Alpine,20.0,0 days 00:02:05.887000,1.0,MEDIUM,20.0,0 days 01:34:45.008000,14,False,30.0,36.3,73.0,1009.2,False,1.5,197
VER,1,Red Bull Racing,20.0,0 days 00:01:58.294000,1.0,HARD,20.0,0 days 01:34:46.998000,14,False,30.0,36.3,73.0,1009.2,False,1.5,197
MAG,20,Haas F1 Team,20.0,0 days 00:02:06.536000,1.0,MEDIUM,20.0,0 days 01:34:51.596000,14,False,30.0,36.3,73.0,1009.2,False,1.5,197
HUL,27,Haas F1 Team,20.0,0 days 00:02:08.679000,1.0,MEDIUM,20.0,0 days 01:34:52.518000,14,False,30.0,36.3,73.0,1009.2,False,1.5,197
GAS,10,Alpine,20.0,0 days 00:02:08.721000,1.0,MEDIUM,20.0,0 days 01:34:53.027000,14,False,30.0,36.3,73.0,1009.2,False,1.5,197
LAW,40,AlphaTauri,20.0,0 days 00:02:08.455000,1.0,MEDIUM,20.0,0 days 01:34:55.076000,14,False,30.0,36.2,73.0,1009.2,False,1.6,158
PER,11,Red Bull Racing,20.0,0 days 00:02:01.114000,1.0,HARD,20.0,0 days 01:34:55.948000,14,False,30.0,36.2,73.0,1009.2,False,1.6,158
PIA,81,McLaren,20.0,0 days 00:02:08.998000,1.0,MEDIUM,20.0,0 days 01:34:57.012000,14,False,30.0,36.2,73.0,1009.2,False,1.6,158
ALB,23,Williams,20.0,0 days 00:02:08.599000,1.0,MEDIUM,20.0,0 days 01:34:58.523000,14,False,30.0,36.2,73.0,1009.2,False,1.6,158
BOT,77,Alfa Romeo,20.0,0 days 00:02:04.660000,1.0,HARD,20.0,0 days 01:35:06.004000,14,False,30.0,36.2,73.0,1009.2,False,1.6,158
ZHO,24,Alfa Romeo,20.0,0 days 00:02:16.694000,2.0,HARD,18.0,0 days 01:35:21.451000,14,False,30.0,36.2,73.0,1009.2,False,1.6,158
SAR,2,Williams,20.0,,2.0,HARD,1.0,0 days 01:35:50.621000,4,False,30.0,36.2,73.0,1009.2,False,1.6,158
SAI,55,Ferrari,21.0,,2.0,HARD,1.0,0 days 01:36:27.174000,4,False,30.0,36.2,72.0,1009.2,False,1.7,170
LEC,16,Ferrari,21.0,,2.0,HARD,1.0,0 days 01:36:36.372000,4,False,30.0,36.2,72.0,1009.2,False,1.7,170
RUS,63,Mercedes,21.0,,2.0,HARD,1.0,0 days 01:36:37.151000,4,False,30.0,36.2,72.0,1009.2,False,1.7,170
NOR,4,McLaren,21.0,,2.0,HARD,1.0,0 days 01:36:39.046000,4,False,30.0,36.2,72.0,1009.2,False,1.7,170
HAM,44,Mercedes,21.0,,2.0,HARD,1.0,0 days 01:36:41.539000,4,False,30.0,36.2,72.0,1009.2,False,1.7,170
VER,1,Red Bull Racing,21.0,,1.0,HARD,21.0,0 days 01:36:45.292000,4,False,30.0,36.2,72.0,1009.2,False,1.7,170
ALO,14,Aston Martin,21.0,,2.0,HARD,1.0,0 days 01:36:47.627000,4,False,30.0,36.2,72.0,1009.2,False,1.7,170
OCO,31,Alpine,21.0,,2.0,HARD,1.0,0 days 01:36:50.895000,4,False,30.0,36.2,72.0,1009.2,False,1.7,170
PER,11,Red Bull Racing,21.0,,1.0,HARD,21.0,0 days 01:36:57.062000,4,False,30.0,36.3,73.0,1009.2,False,1.6,154
MAG,20,Haas F1 Team,21.0,,2.0,HARD,1.0,0 days 01:36:58.132000,4,False,30.0,36.3,73.0,1009.2,False,1.6,154
HUL,27,Haas F1 Team,21.0,,2.0,HARD,1.0,0 days 01:37:01.197000,4,False,30.0,36.3,73.0,1009.2,False,1.6,154
GAS,10,Alpine,21.0,,2.0,HARD,1.0,0 days 01:37:01.748000,4,False,30.0,36.3,73.0,1009.2,False,1.6,154
LAW,40,AlphaTauri,21.0,,2.0,HARD,1.0,0 days 01:37:03.531000,4,False,30.0,36.3,73.0,1009.2,False,1.6,154
PIA,81,McLaren,21.0,,2.0,HARD,1.0,0 days 01:37:06.010000,4,False,30.0,36.3,73.0,1009.2,False,1.6,154
ALB,23,Williams,21.0,,2.0,HARD,1.0,0 days 01:37:07.122000,4,False,30.0,36.3,73.0,1009.2,False,1.6,154
BOT,77,Alfa Romeo,21.0,,1.0,HARD,21.0,0 days 01:37:10.664000,4,False,30.0,36.3,73.0,1009.2,False,1.6,154
ZHO,24,Alfa Romeo,21.0,,3.0,MEDIUM,1.0,0 days 01:37:38.145000,4,False,30.0,36.3,73.0,1009.2,False,1.6,154
SAR,2,Williams,21.0,0 days 00:02:15.091000,2.0,HARD,2.0,0 days 01:39:01.535000,4,False,30.0,36.4,72.0,1009.2,False,1.2,175
SAI,55,Ferrari,22.0,,2.0,HARD,2.0,0 days 01:39:35.817000,41,False,30.0,36.4,72.0,1009.2,False,1.2,175
VER,1,Red Bull Racing,22.0,0 days 00:02:29.966000,1.0,HARD,22.0,0 days 01:39:37.375000,41,False,30.0,36.4,72.0,1009.2,False,1.2,175
RUS,63,Mercedes,22.0,0 days 00:02:29.337000,2.0,HARD,2.0,0 days 01:39:38.368000,41,False,30.0,36.4,72.0,1009.2,False,1.2,175
PER,11,Red Bull Racing,22.0,0 days 00:02:28.562000,1.0,HARD,22.0,0 days 01:39:39.655000,41,False,30.0,36.4,72.0,1009.2,False,1.2,175
NOR,4,McLaren,22.0,0 days 00:02:28.267000,2.0,HARD,2.0,0 days 01:39:40.326000,41,False,30.0,36.4,72.0,1009.2,False,1.2,175
LEC,16,Ferrari,22.0,0 days 00:02:27.929000,2.0,HARD,2.0,0 days 01:39:41.129000,41,False,30.0,36.4,72.0,1009.2,False,1.2,175
HAM,44,Mercedes,22.0,0 days 00:02:26.231000,2.0,HARD,2.0,0 days 01:39:43.340000,41,False,30.0,36.4,72.0,1009.2,False,1.2,175
ALO,14,Aston Martin,22.0,0 days 00:02:25.198000,2.0,HARD,2.0,0 days 01:39:44.836000,41,False,30.0,36.4,72.0,1009.2,False,1.2,175
OCO,31,Alpine,22.0,0 days 00:02:23.293000,2.0,HARD,2.0,0 days 01:39:47.185000,41,False,30.0,36.4,72.0,1009.2,False,1.2,175
BOT,77,Alfa Romeo,22.0,0 days 00:02:22.499000,1.0,HARD,22.0,0 days 01:39:48.746000,41,False,30.0,36.4,72.0,1009.2,False,1.2,175
MAG,20,Haas F1 Team,22.0,0 days 00:02:21.983000,2.0,HARD,2.0,0 days 01:39:49.671000,41,False,30.0,36.4,72.0,1009.2,False,1.2,175
GAS,10,Alpine,22.0,0 days 00:02:20.730000,2.0,HARD,2.0,0 days 01:39:51.423000,41,False,30.0,36.4,72.0,1009.2,False,1.2,175
PIA,81,McLaren,22.0,0 days 00:02:18.790000,2.0,HARD,2.0,0 days 01:39:53.780000,41,False,30.0,36.4,72.0,1009.2,False,1.2,175
LAW,40,AlphaTauri,22.0,0 days 00:02:17.713000,2.0,HARD,2.0,0 days 01:39:55.523000,41,False,30.0,36.2,72.0,1009.2,False,1.6,155
HUL,27,Haas F1 Team,22.0,0 days 00:02:16.853000,2.0,HARD,2.0,0 days 01:39:57.024000,41,False,30.0,36.2,72.0,1009.2,False,1.6,155
ALB,23,Williams,22.0,0 days 00:02:15.182000,2.0,HARD,2.0,0 days 01:39:59.366000,41,False,30.0,36.2,72.0,1009.2,False,1.6,155
ZHO,24,Alfa Romeo,22.0,0 days 00:02:00.733000,3.0,MEDIUM,2.0,0 days 01:40:14.406000,41,False,30.0,36.2,72.0,1009.2,False,1.6,155
SAR,2,Williams,22.0,0 days 00:01:40.354000,2.0,HARD,3.0,0 days 01:41:16.626000,41,False,29.9,36.0,72.0,1009.2,False,1.2,159
SAI,55,Ferrari,23.0,0 days 00:01:42.423000,2.0,HARD,3.0,0 days 01:42:06.558000,1,True,30.0,36.0,72.0,1009.2,False,1.6,160
VER,1,Red Bull Racing,23.0,0 days 00:01:43.346000,1.0,HARD,23.0,0 days 01:42:07.341000,1,True,30.0,36.0,72.0,1009.2,False,1.6,160
RUS,63,Mercedes,23.0,0 days 00:01:42.341000,2.0,HARD,3.0,0 days 01:42:07.705000,1,True,30.0,36.0,72.0,1009.2,False,1.6,160
PER,11,Red Bull Racing,23.0,0 days 00:01:44.195000,1.0,HARD,23.0,0 days 01:42:08.217000,1,True,30.0,36.0,72.0,1009.2,False,1.6,160
NOR,4,McLaren,23.0,0 days 00:01:42.789000,2.0,HARD,3.0,0 days 01:42:08.593000,1,True,30.0,36.0,72.0,1009.2,False,1.6,160
LEC,16,Ferrari,23.0,0 days 00:01:43.955000,2.0,HARD,3.0,0 days 01:42:09.058000,1,True,30.0,36.0,72.0,1009.2,False,1.6,160
HAM,44,Mercedes,23.0,0 days 00:01:43.080000,2.0,HARD,3.0,0 days 01:42:09.571000,1,True,30.0,36.0,72.0,1009.2,False,1.6,160
ALO,14,Aston Martin,23.0,0 days 00:01:43.291000,2.0,HARD,3.0,0 days 01:42:10.034000,1,True,30.0,36.0,72.0,1009.2,False,1.6,160
OCO,31,Alpine,23.0,0 days 00:01:43.254000,2.0,HARD,3.0,0 days 01:42:10.478000,1,True,30.0,36.0,72.0,1009.2,False,1.6,160
BOT,77,Alfa Romeo,23.0,0 days 00:01:45.486000,1.0,HARD,23.0,0 days 01:42:11.245000,1,True,30.0,36.0,72.0,1009.2,False,1.6,160
MAG,20,Haas F1 Team,23.0,0 days 00:01:43.438000,2.0,HARD,3.0,0 days 01:42:11.654000,1,True,30.0,36.0,72.0,1009.2,False,1.6,160
GAS,10,Alpine,23.0,0 days 00:01:43.344000,2.0,HARD,3.0,0 days 01:42:12.153000,1,True,30.0,36.0,72.0,1009.2,False,1.6,160
PIA,81,McLaren,23.0,0 days 00:01:43.549000,2.0,HARD,3.0,0 days 01:42:12.570000,1,True,30.0,36.0,72.0,1009.2,False,1.6,160
LAW,40,AlphaTauri,23.0,0 days 00:01:43.523000,2.0,HARD,3.0,0 days 01:42:13.236000,1,True,30.0,36.0,72.0,1009.2,False,1.6,160
HUL,27,Haas F1 Team,23.0,0 days 00:01:43.093000,2.0,HARD,3.0,0 days 01:42:13.877000,1,True,30.0,36.0,72.0,1009.2,False,1.6,160
ALB,23,Williams,23.0,0 days 00:01:43.117000,2.0,HARD,3.0,0 days 01:42:14.548000,1,True,30.0,36.0,72.0,1009.2,False,1.6,160
ZHO,24,Alfa Romeo,23.0,0 days 00:01:42.749000,3.0,MEDIUM,3.0,0 days 01:42:15.139000,1,True,30.0,36.0,72.0,1009.2,False,1.6,160
SAR,2,Williams,23.0,0 days 00:01:39.856000,2.0,HARD,4.0,0 days 01:42:56.980000,1,True,29.9,36.1,72.0,1009.2,False,1.5,152
SAI,55,Ferrari,24.0,0 days 00:01:39.792000,2.0,HARD,4.0,0 days 01:43:48.981000,1,True,29.9,36.1,72.0,1009.2,False,1.5,152
RUS,63,Mercedes,24.0,0 days 00:01:39.501000,2.0,HARD,4.0,0 days 01:43:50.046000,1,True,29.9,36.1,72.0,1009.2,False,1.5,152
VER,1,Red Bull Racing,24.0,0 days 00:01:41.971000,1.0,HARD,24.0,0 days 01:43:50.687000,1,True,29.9,36.1,72.0,1009.2,False,1.5,152
NOR,4,McLaren,24.0,0 days 00:01:40.320000,2.0,HARD,4.0,0 days 01:43:51.382000,1,True,29.9,36.1,72.0,1009.2,False,1.5,152
PER,11,Red Bull Racing,24.0,0 days 00:01:42.735000,1.0,HARD,24.0,0 days 01:43:52.412000,1,True,29.9,36.1,72.0,1009.2,False,1.5,152
HAM,44,Mercedes,24.0,0 days 00:01:40.957000,2.0,HARD,4.0,0 days 01:43:52.651000,1,True,29.9,36.1,72.0,1009.2,False,1.5,152
LEC,16,Ferrari,24.0,0 days 00:01:42.668000,2.0,HARD,4.0,0 days 01:43:53.013000,1,True,29.9,36.1,72.0,1009.2,False,1.5,152
ALO,14,Aston Martin,24.0,0 days 00:01:43.137000,2.0,HARD,4.0,0 days 01:43:53.325000,1,True,29.9,36.1,72.0,1009.2,False,1.5,152
OCO,31,Alpine,24.0,0 days 00:01:43.091000,2.0,HARD,4.0,0 days 01:43:53.732000,1,True,29.9,36.1,72.0,1009.2,False,1.5,152
MAG,20,Haas F1 Team,24.0,0 days 00:01:42.343000,2.0,HARD,4.0,0 days 01:43:55.092000,1,True,29.9,36.1,73.0,1009.2,False,1.5,166
GAS,10,Alpine,24.0,0 days 00:01:42.407000,2.0,HARD,4.0,0 days 01:43:55.497000,1,True,29.9,36.1,73.0,1009.2,False,1.5,166
PIA,81,McLaren,24.0,0 days 00:01:42.238000,2.0,HARD,4.0,0 days 01:43:56.119000,1,True,29.9,36.1,73.0,1009.2,False,1.5,166
BOT,77,Alfa Romeo,24.0,0 days 00:01:46.415000,1.0,HARD,24.0,0 days 01:43:56.731000,1,True,29.9,36.1,73.0,1009.2,False,1.5,166
LAW,40,AlphaTauri,24.0,0 days 00:01:42.294000,2.0,HARD,4.0,0 days 01:43:56.759000,1,True,29.9,36.1,73.0,1009.2,False,1.5,166
HUL,27,Haas F1 Team,24.0,0 days 00:01:43.044000,2.0,HARD,4.0,0 days 01:43:56.970000,1,True,29.9,36.1,73.0,1009.2,False,1.5,166
ALB,23,Williams,24.0,0 days 00:01:43.087000,2.0,HARD,4.0,0 days 01:43:57.665000,1,True,29.9,36.1,73.0,1009.2,False,1.5,166
ZHO,24,Alfa Romeo,24.0,0 days 00:01:43.949000,3.0,MEDIUM,4.0,0 days 01:43:57.888000,1,True,29.9,36.1,73.0,1009.2,False,1.5,166
SAR,2,Williams,24.0,0 days 00:01:40.390000,2.0,HARD,5.0,0 days 01:44:36.836000,1,True,29.9,36.1,73.0,1009.2,False,1.5,166
SAI,55,Ferrari,25.0,0 days 00:01:39.726000,2.0,HARD,5.0,0 days 01:45:28.773000,1,True,29.9,35.9,72.0,1009.2,False,1.8,183
RUS,63,Mercedes,25.0,0 days 00:01:39.560000,2.0,HARD,5.0,0 days 01:45:29.547000,1,True,29.9,35.9,72.0,1009.2,False,1.8,183
NOR,4,McLaren,25.0,0 days 00:01:40.240000,2.0,HARD,5.0,0 days 01:45:31.702000,1,True,29.9,35.9,72.0,1009.2,False,1.8,183
VER,1,Red Bull Racing,25.0,0 days 00:01:40.700000,1.0,HARD,25.0,0 days 01:45:32.658000,1,True,29.9,35.9,72.0,1009.2,False,1.8,183
HAM,44,Mercedes,25.0,0 days 00:01:40.442000,2.0,HARD,5.0,0 days 01:45:33.608000,1,True,29.9,35.9,72.0,1009.2,False,1.8,183
PER,11,Red Bull Racing,25.0,0 days 00:01:41.532000,1.0,HARD,25.0,0 days 01:45:35.147000,1,True,29.9,35.9,72.0,1009.2,False,1.8,183
LEC,16,Ferrari,25.0,0 days 00:01:39.748000,2.0,HARD,5.0,0 days 01:45:35.681000,1,True,29.9,35.9,72.0,1009.2,False,1.8,183
ALO,14,Aston Martin,25.0,0 days 00:01:40.689000,2.0,HARD,5.0,0 days 01:45:36.462000,1,True,29.9,35.9,72.0,1009.2,False,1.8,183
OCO,31,Alpine,25.0,0 days 00:01:40.895000,2.0,HARD,5.0,0 days 01:45:36.823000,1,True,29.9,35.9,72.0,1009.2,False,1.8,183
MAG,20,Haas F1 Team,25.0,0 days 00:01:41.109000,2.0,HARD,5.0,0 days 01:45:37.435000,1,True,29.9,35.9,72.0,1009.2,False,1.8,183
GAS,10,Alpine,25.0,0 days 00:01:41.048000,2.0,HARD,5.0,0 days 01:45:37.904000,1,True,29.9,35.9,72.0,1009.2,False,1.8,183
PIA,81,McLaren,25.0,0 days 00:01:41.272000,2.0,HARD,5.0,0 days 01:45:38.357000,1,True,29.9,35.9,72.0,1009.2,False,1.8,183
LAW,40,AlphaTauri,25.0,0 days 00:01:41.399000,2.0,HARD,5.0,0 days 01:45:39.053000,1,True,29.9,35.9,72.0,1009.2,False,1.8,183
HUL,27,Haas F1 Team,25.0,0 days 00:01:41.165000,2.0,HARD,5.0,0 days 01:45:40.014000,1,True,29.9,35.9,72.0,1009.2,False,1.8,183
ALB,23,Williams,25.0,0 days 00:01:40.961000,2.0,HARD,5.0,0 days 01:45:40.752000,1,True,29.9,35.9,72.0,1009.2,False,1.8,183
ZHO,24,Alfa Romeo,25.0,0 days 00:01:41.346000,3.0,MEDIUM,5.0,0 days 01:45:41.837000,1,True,29.9,35.9,72.0,1009.2,False,1.8,183
BOT,77,Alfa Romeo,25.0,0 days 00:01:41.759000,1.0,HARD,25.0,0 days 01:45:43.146000,1,True,29.9,35.9,72.0,1009.2,False,1.8,183
SAR,2,Williams,25.0,0 days 00:01:40.300000,2.0,HARD,6.0,0 days 01:46:17.226000,1,True,29.9,36.0,72.0,1009.2,False,1.7,171
SAI,55,Ferrari,26.0,0 days 00:01:39.185000,2.0,HARD,6.0,0 days 01:47:08.499000,1,True,29.8,36.0,72.0,1009.2,False,1.2,161
RUS,63,Mercedes,26.0,0 days 00:01:39.173000,2.0,HARD,6.0,0 days 01:47:09.107000,1,True,29.8,36.0,72.0,1009.2,False,1.2,161
NOR,4,McLaren,26.0,0 days 00:01:39.484000,2.0,HARD,6.0,0 days 01:47:11.942000,1,True,29.8,36.0,72.0,1009.2,False,1.2,161
VER,1,Red Bull Racing,26.0,0 days 00:01:40.244000,1.0,HARD,26.0,0 days 01:47:13.358000,1,True,29.8,36.0,72.0,1009.2,False,1.2,161
HAM,44,Mercedes,26.0,0 days 00:01:39.954000,2.0,HARD,6.0,0 days 01:47:14.050000,1,True,29.8,36.0,72.0,1009.2,False,1.2,161
LEC,16,Ferrari,26.0,0 days 00:01:39.892000,2.0,HARD,6.0,0 days 01:47:15.429000,1,True,29.8,36.0,72.0,1009.2,False,1.2,161
PER,11,Red Bull Racing,26.0,0 days 00:01:40.595000,1.0,HARD,26.0,0 days 01:47:16.679000,1,True,29.8,36.0,72.0,1009.2,False,1.2,161
ALO,14,Aston Martin,26.0,0 days 00:01:40.896000,2.0,HARD,6.0,0 days 01:47:17.151000,1,True,29.8,36.0,72.0,1009.2,False,1.2,161
OCO,31,Alpine,26.0,0 days 00:01:40.885000,2.0,HARD,6.0,0 days 01:47:17.718000,1,True,29.8,36.0,72.0,1009.2,False,1.2,161
MAG,20,Haas F1 Team,26.0,0 days 00:01:40.851000,2.0,HARD,6.0,0 days 01:47:18.544000,1,True,29.8,36.0,72.0,1009.2,False,1.2,161
GAS,10,Alpine,26.0,0 days 00:01:40.920000,2.0,HARD,6.0,0 days 01:47:18.952000,1,True,29.8,36.0,72.0,1009.2,False,1.2,161
PIA,81,McLaren,26.0,0 days 00:01:40.802000,2.0,HARD,6.0,0 days 01:47:19.629000,1,True,29.8,36.0,72.0,1009.2,False,1.2,161
LAW,40,AlphaTauri,26.0,0 days 00:01:40.971000,2.0,HARD,6.0,0 days 01:47:20.452000,1,True,29.8,36.0,72.0,1009.2,False,1.2,161
HUL,27,Haas F1 Team,26.0,0 days 00:01:40.930000,2.0,HARD,6.0,0 days 01:47:21.179000,1,True,29.8,36.0,72.0,1009.2,False,1.2,161
ALB,23,Williams,26.0,0 days 00:01:40.927000,2.0,HARD,6.0,0 days 01:47:21.713000,1,True,29.8,36.0,72.0,1009.2,False,1.2,161
ZHO,24,Alfa Romeo,26.0,0 days 00:01:40.973000,3.0,MEDIUM,6.0,0 days 01:47:23.183000,1,True,29.8,36.0,72.0,1009.2,False,1.2,161
BOT,77,Alfa Romeo,26.0,0 days 00:01:41.366000,1.0,HARD,26.0,0 days 01:47:24.905000,1,True,29.8,36.0,72.0,1009.2,False,1.2,161
SAR,2,Williams,26.0,0 days 00:01:40.338000,2.0,HARD,7.0,0 days 01:47:57.526000,1,True,29.9,36.2,72.0,1009.2,False,1.7,168
SAI,55,Ferrari,27.0,0 days 00:01:39.835000,2.0,HARD,7.0,0 days 01:48:47.684000,1,True,29.9,36.2,72.0,1009.2,False,1.7,168
RUS,63,Mercedes,27.0,0 days 00:01:40.205000,2.0,HARD,7.0,0 days 01:48:48.280000,1,True,29.9,36.2,72.0,1009.2,False,1.7,168
NOR,4,McLaren,27.0,0 days 00:01:39.406000,2.0,HARD,7.0,0 days 01:48:51.426000,1,True,29.9,36.2,72.0,1009.2,False,1.7,168
VER,1,Red Bull Racing,27.0,0 days 00:01:41.180000,1.0,HARD,27.0,0 days 01:48:53.602000,1,True,29.9,36.2,72.0,1009.2,False,1.7,168
HAM,44,Mercedes,27.0,0 days 00:01:39.226000,2.0,HARD,7.0,0 days 01:48:54.004000,1,True,29.9,36.1,72.0,1009.2,False,1.7,167
LEC,16,Ferrari,27.0,0 days 00:01:39.899000,2.0,HARD,7.0,0 days 01:48:55.321000,1,True,29.9,36.1,72.0,1009.2,False,1.7,167
PER,11,Red Bull Racing,27.0,0 days 00:01:40.500000,1.0,HARD,27.0,0 days 01:48:57.274000,1,True,29.9,36.1,72.0,1009.2,False,1.7,167
ALO,14,Aston Martin,27.0,0 days 00:01:40.185000,2.0,HARD,7.0,0 days 01:48:58.047000,1,True,29.9,36.1,72.0,1009.2,False,1.7,167
OCO,31,Alpine,27.0,0 days 00:01:40.376000,2.0,HARD,7.0,0 days 01:48:58.603000,1,True,29.9,36.1,72.0,1009.2,False,1.7,167
MAG,20,Haas F1 Team,27.0,0 days 00:01:40.481000,2.0,HARD,7.0,0 days 01:48:59.395000,1,True,29.9,36.1,72.0,1009.2,False,1.7,167
GAS,10,Alpine,27.0,0 days 00:01:40.396000,2.0,HARD,7.0,0 days 01:48:59.872000,1,True,29.9,36.1,72.0,1009.2,False,1.7,167
PIA,81,McLaren,27.0,0 days 00:01:40.529000,2.0,HARD,7.0,0 days 01:49:00.431000,1,True,29.9,36.1,72.0,1009.2,False,1.7,167
LAW,40,AlphaTauri,27.0,0 days 00:01:40.231000,2.0,HARD,7.0,0 days 01:49:01.423000,1,True,29.9,36.1,72.0,1009.2,False,1.7,167
HUL,27,Haas F1 Team,27.0,0 days 00:01:40.425000,2.0,HARD,7.0,0 days 01:49:02.109000,1,True,29.9,36.1,72.0,1009.2,False,1.7,167
ALB,23,Williams,27.0,0 days 00:01:41.309000,2.0,HARD,7.0,0 days 01:49:02.640000,1,True,29.9,36.1,72.0,1009.2,False,1.7,167
ZHO,24,Alfa Romeo,27.0,0 days 00:01:40.570000,3.0,MEDIUM,7.0,0 days 01:49:04.156000,1,True,29.9,36.1,72.0,1009.2,False,1.7,167
BOT,77,Alfa Romeo,27.0,0 days 00:01:41.288000,1.0,HARD,27.0,0 days 01:49:06.271000,1,True,29.9,36.1,72.0,1009.2,False,1.7,167
SAR,2,Williams,27.0,0 days 00:01:39.889000,2.0,HARD,8.0,0 days 01:49:37.864000,1,True,29.9,36.1,72.0,1009.2,False,1.7,167
SAI,55,Ferrari,28.0,0 days 00:01:41.230000,2.0,HARD,8.0,0 days 01:50:27.519000,1,True,30.0,36.1,72.0,1009.2,False,1.5,176
RUS,63,Mercedes,28.0,0 days 00:01:41.181000,2.0,HARD,8.0,0 days 01:50:28.485000,1,True,30.0,36.1,72.0,1009.2,False,1.5,176
NOR,4,McLaren,28.0,0 days 00:01:40.267000,2.0,HARD,8.0,0 days 01:50:30.832000,1,True,30.0,36.1,72.0,1009.2,False,1.5,176
HAM,44,Mercedes,28.0,0 days 00:01:39.679000,2.0,HARD,8.0,0 days 01:50:33.230000,1,True,30.0,36.1,72.0,1009.2,False,1.5,176
VER,1,Red Bull Racing,28.0,0 days 00:01:41.431000,1.0,HARD,28.0,0 days 01:50:34.782000,1,True,30.0,36.1,72.0,1009.2,False,1.5,176
LEC,16,Ferrari,28.0,0 days 00:01:39.562000,2.0,HARD,8.0,0 days 01:50:35.220000,1,True,30.0,36.1,72.0,1009.2,False,1.5,176
PER,11,Red Bull Racing,28.0,0 days 00:01:41.833000,1.0,HARD,28.0,0 days 01:50:37.774000,1,True,30.0,36.1,72.0,1009.2,False,1.5,176
ALO,14,Aston Martin,28.0,0 days 00:01:41.931000,2.0,HARD,8.0,0 days 01:50:38.232000,1,True,30.0,36.1,72.0,1009.2,False,1.5,176
OCO,31,Alpine,28.0,0 days 00:01:41.755000,2.0,HARD,8.0,0 days 01:50:38.979000,1,True,30.0,36.1,72.0,1009.2,False,1.5,176
MAG,20,Haas F1 Team,28.0,0 days 00:01:41.579000,2.0,HARD,8.0,0 days 01:50:39.876000,1,True,30.0,36.1,72.0,1009.2,False,1.5,176
GAS,10,Alpine,28.0,0 days 00:01:41.536000,2.0,HARD,8.0,0 days 01:50:40.268000,1,True,30.0,36.1,72.0,1009.2,False,1.5,176
PIA,81,McLaren,28.0,0 days 00:01:41.470000,2.0,HARD,8.0,0 days 01:50:40.960000,1,True,30.0,36.1,72.0,1009.2,False,1.5,176
LAW,40,AlphaTauri,28.0,0 days 00:01:41.500000,2.0,HARD,8.0,0 days 01:50:41.654000,1,True,30.0,36.1,72.0,1009.2,False,1.5,176
HUL,27,Haas F1 Team,28.0,0 days 00:01:41.780000,2.0,HARD,8.0,0 days 01:50:42.534000,1,True,30.0,36.1,72.0,1009.2,False,1.5,176
ALB,23,Williams,28.0,0 days 00:01:41.442000,2.0,HARD,8.0,0 days 01:50:43.949000,1,True,30.0,36.1,72.0,1009.2,False,1.5,176
ZHO,24,Alfa Romeo,28.0,0 days 00:01:41.310000,3.0,MEDIUM,8.0,0 days 01:50:44.726000,1,True,30.0,36.1,72.0,1009.2,False,1.5,176
BOT,77,Alfa Romeo,28.0,0 days 00:01:41.288000,1.0,HARD,28.0,0 days 01:50:47.559000,1,True,30.0,36.1,72.0,1009.2,False,1.5,176
SAR,2,Williams,28.0,0 days 00:01:39.972000,2.0,HARD,9.0,0 days 01:51:17.753000,1,True,30.0,35.7,73.0,1009.2,False,1.3,165
SAI,55,Ferrari,29.0,0 days 00:01:40.225000,2.0,HARD,9.0,0 days 01:52:08.749000,1,True,30.0,35.7,73.0,1009.4,False,1.6,189
RUS,63,Mercedes,29.0,0 days 00:01:40.413000,2.0,HARD,9.0,0 days 01:52:09.666000,1,True,30.0,35.7,73.0,1009.4,False,1.6,189
NOR,4,McLaren,29.0,0 days 00:01:40.097000,2.0,HARD,9.0,0 days 01:52:11.099000,1,True,30.0,35.7,73.0,1009.4,False,1.6,189
HAM,44,Mercedes,29.0,0 days 00:01:39.520000,2.0,HARD,9.0,0 days 01:52:12.909000,1,True,30.0,35.7,73.0,1009.4,False,1.6,189
LEC,16,Ferrari,29.0,0 days 00:01:39.683000,2.0,HARD,9.0,0 days 01:52:14.782000,1,True,30.0,35.7,73.0,1009.4,False,1.6,189
VER,1,Red Bull Racing,29.0,0 days 00:01:40.437000,1.0,HARD,29.0,0 days 01:52:16.213000,1,True,30.0,35.7,73.0,1009.4,False,1.6,189
PER,11,Red Bull Racing,29.0,0 days 00:01:40.290000,1.0,HARD,29.0,0 days 01:52:19.607000,1,True,30.0,35.7,73.0,1009.4,False,1.6,189
ALO,14,Aston Martin,29.0,0 days 00:01:41.292000,2.0,HARD,9.0,0 days 01:52:20.163000,1,True,30.0,35.7,73.0,1009.4,False,1.6,189
OCO,31,Alpine,29.0,0 days 00:01:41.534000,2.0,HARD,9.0,0 days 01:52:20.734000,1,True,30.0,35.7,73.0,1009.4,False,1.6,189
MAG,20,Haas F1 Team,29.0,0 days 00:01:41.565000,2.0,HARD,9.0,0 days 01:52:21.455000,1,True,30.0,35.7,73.0,1009.4,False,1.6,189
GAS,10,Alpine,29.0,0 days 00:01:41.706000,2.0,HARD,9.0,0 days 01:52:21.804000,1,True,30.0,35.7,73.0,1009.4,False,1.6,189
PIA,81,McLaren,29.0,0 days 00:01:41.749000,2.0,HARD,9.0,0 days 01:52:22.430000,1,True,30.0,35.7,73.0,1009.4,False,1.6,189
LAW,40,AlphaTauri,29.0,0 days 00:01:41.515000,2.0,HARD,9.0,0 days 01:52:23.154000,1,True,30.0,35.7,73.0,1009.4,False,1.6,189
HUL,27,Haas F1 Team,29.0,0 days 00:01:41.570000,2.0,HARD,9.0,0 days 01:52:24.314000,1,True,30.0,35.7,73.0,1009.4,False,1.6,189
ALB,23,Williams,29.0,0 days 00:01:41.455000,2.0,HARD,9.0,0 days 01:52:25.391000,1,True,30.0,35.7,73.0,1009.4,False,1.6,189
ZHO,24,Alfa Romeo,29.0,0 days 00:01:41.476000,3.0,MEDIUM,9.0,0 days 01:52:26.036000,1,True,30.0,35.7,73.0,1009.4,False,1.6,189
BOT,77,Alfa Romeo,29.0,0 days 00:01:41.478000,1.0,HARD,29.0,0 days 01:52:28.847000,1,True,30.0,35.7,73.0,1009.4,False,1.6,189
SAR,2,Williams,29.0,0 days 00:01:39.748000,2.0,HARD,10.0,0 days 01:52:57.725000,1,True,30.0,35.9,74.0,1009.4,False,1.0,179
SAI,55,Ferrari,30.0,0 days 00:01:40.217000,2.0,HARD,10.0,0 days 01:53:48.974000,1,True,30.0,35.9,74.0,1009.4,False,1.0,179
RUS,63,Mercedes,30.0,0 days 00:01:40.067000,2.0,HARD,10.0,0 days 01:53:50.079000,1,True,30.0,35.9,74.0,1009.4,False,1.0,179
NOR,4,McLaren,30.0,0 days 00:01:39.736000,2.0,HARD,10.0,0 days 01:53:51.196000,1,True,30.0,35.9,74.0,1009.4,False,1.0,179
HAM,44,Mercedes,30.0,0 days 00:01:39.142000,2.0,HARD,10.0,0 days 01:53:52.429000,1,True,30.0,35.9,74.0,1009.4,False,1.0,179
LEC,16,Ferrari,30.0,0 days 00:01:39.208000,2.0,HARD,10.0,0 days 01:53:54.465000,1,True,30.0,35.9,74.0,1009.2,False,1.0,181
VER,1,Red Bull Racing,30.0,0 days 00:01:40.326000,1.0,HARD,30.0,0 days 01:53:56.650000,1,True,30.0,35.9,74.0,1009.2,False,1.0,181
PER,11,Red Bull Racing,30.0,0 days 00:01:40.319000,1.0,HARD,30.0,0 days 01:53:59.897000,1,True,30.0,35.9,74.0,1009.2,False,1.0,181
ALO,14,Aston Martin,30.0,0 days 00:01:40.128000,2.0,HARD,10.0,0 days 01:54:01.455000,1,True,30.0,35.9,74.0,1009.2,False,1.0,181
OCO,31,Alpine,30.0,0 days 00:01:40.040000,2.0,HARD,10.0,0 days 01:54:02.268000,1,True,30.0,35.9,74.0,1009.2,False,1.0,181
MAG,20,Haas F1 Team,30.0,0 days 00:01:40.224000,2.0,HARD,10.0,0 days 01:54:03.020000,1,True,30.0,35.9,74.0,1009.2,False,1.0,181
GAS,10,Alpine,30.0,0 days 00:01:40.280000,2.0,HARD,10.0,0 days 01:54:03.510000,1,True,30.0,35.9,74.0,1009.2,False,1.0,181
PIA,81,McLaren,30.0,0 days 00:01:40.553000,2.0,HARD,10.0,0 days 01:54:04.179000,1,True,30.0,35.9,74.0,1009.2,False,1.0,181
LAW,40,AlphaTauri,30.0,0 days 00:01:40.999000,2.0,HARD,10.0,0 days 01:54:04.669000,1,True,30.0,35.9,74.0,1009.2,False,1.0,181
HUL,27,Haas F1 Team,30.0,0 days 00:01:40.692000,2.0,HARD,10.0,0 days 01:54:05.884000,1,True,30.0,35.9,74.0,1009.2,False,1.0,181
ALB,23,Williams,30.0,0 days 00:01:40.469000,2.0,HARD,10.0,0 days 01:54:06.846000,1,True,30.0,35.9,74.0,1009.2,False,1.0,181
ZHO,24,Alfa Romeo,30.0,0 days 00:01:40.866000,3.0,MEDIUM,10.0,0 days 01:54:07.512000,1,True,30.0,35.9,74.0,1009.2,False,1.0,181
BOT,77,Alfa Romeo,30.0,0 days 00:01:41.369000,1.0,HARD,30.0,0 days 01:54:10.325000,1,True,30.0,35.9,74.0,1009.2,False,1.0,181
SAR,2,Williams,30.0,0 days 00:01:39.904000,2.0,HARD,11.0,0 days 01:54:37.473000,1,True,30.0,35.9,74.0,1009.2,False,1.0,181
SAI,55,Ferrari,31.0,0 days 00:01:39.633000,2.0,HARD,11.0,0 days 01:55:29.191000,1,True,30.0,35.9,74.0,1009.5,False,0.8,188
RUS,63,Mercedes,31.0,0 days 00:01:39.458000,2.0,HARD,11.0,0 days 01:55:30.146000,1,True,30.0,35.9,74.0,1009.5,False,0.8,188
NOR,4,McLaren,31.0,0 days 00:01:39.367000,2.0,HARD,11.0,0 days 01:55:30.932000,1,True,30.0,35.9,74.0,1009.5,False,0.8,188
HAM,44,Mercedes,31.0,0 days 00:01:39.320000,2.0,HARD,11.0,0 days 01:55:31.571000,1,True,30.0,35.9,74.0,1009.5,False,0.8,188
LEC,16,Ferrari,31.0,0 days 00:01:39.433000,2.0,HARD,11.0,0 days 01:55:33.673000,1,True,30.0,35.9,74.0,1009.5,False,0.8,188
VER,1,Red Bull Racing,31.0,0 days 00:01:40.247000,1.0,HARD,31.0,0 days 01:55:36.976000,1,True,30.0,35.9,74.0,1009.5,False,0.8,188
PER,11,Red Bull Racing,31.0,0 days 00:01:40.205000,1.0,HARD,31.0,0 days 01:55:40.216000,1,True,30.0,35.9,74.0,1009.5,False,0.8,188
ALO,14,Aston Martin,31.0,0 days 00:01:40.049000,2.0,HARD,11.0,0 days 01:55:41.583000,1,True,30.0,35.9,74.0,1009.5,False,0.8,188
OCO,31,Alpine,31.0,0 days 00:01:40.043000,2.0,HARD,11.0,0 days 01:55:42.308000,1,True,30.0,35.9,74.0,1009.5,False,0.8,188
MAG,20,Haas F1 Team,31.0,0 days 00:01:40.030000,2.0,HARD,11.0,0 days 01:55:43.244000,1,True,30.0,35.9,74.0,1009.5,False,0.8,188
GAS,10,Alpine,31.0,0 days 00:01:39.974000,2.0,HARD,11.0,0 days 01:55:43.790000,1,True,30.0,35.9,74.0,1009.5,False,0.8,188
PIA,81,McLaren,31.0,0 days 00:01:40.033000,2.0,HARD,11.0,0 days 01:55:44.732000,1,True,30.0,35.9,74.0,1009.5,False,0.8,188
LAW,40,AlphaTauri,31.0,0 days 00:01:40.440000,2.0,HARD,11.0,0 days 01:55:45.668000,1,True,30.0,35.9,74.0,1009.5,False,0.8,188
HUL,27,Haas F1 Team,31.0,0 days 00:01:40.076000,2.0,HARD,11.0,0 days 01:55:46.576000,1,True,30.0,35.9,74.0,1009.5,False,0.8,188
ALB,23,Williams,31.0,0 days 00:01:40.981000,2.0,HARD,11.0,0 days 01:55:47.315000,1,True,30.0,35.9,74.0,1009.5,False,0.8,188
ZHO,24,Alfa Romeo,31.0,0 days 00:01:40.778000,3.0,MEDIUM,11.0,0 days 01:55:48.378000,1,True,30.0,35.9,74.0,1009.5,False,0.8,188
BOT,77,Alfa Romeo,31.0,0 days 00:01:40.907000,1.0,HARD,31.0,0 days 01:55:51.694000,1,True,30.0,35.9,74.0,1009.5,False,0.8,188
SAR,2,Williams,31.0,0 days 00:01:39.690000,2.0,HARD,12.0,0 days 01:56:17.377000,1,True,30.0,35.9,74.0,1009.5,False,0.8,188
SAI,55,Ferrari,32.0,0 days 00:01:39.184000,2.0,HARD,12.0,0 days 01:57:08.824000,1,True,30.0,35.9,73.0,1009.5,False,1.2,185
RUS,63,Mercedes,32.0,0 days 00:01:39.319000,2.0,HARD,12.0,0 days 01:57:09.604000,1,True,30.0,35.9,73.0,1009.5,False,1.2,185
NOR,4,McLaren,32.0,0 days 00:01:39.291000,2.0,HARD,12.0,0 days 01:57:10.299000,1,True,30.0,35.9,73.0,1009.5,False,1.2,185
HAM,44,Mercedes,32.0,0 days 00:01:39.186000,2.0,HARD,12.0,0 days 01:57:10.891000,1,True,30.0,35.9,73.0,1009.5,False,1.2,185
LEC,16,Ferrari,32.0,0 days 00:01:39.391000,2.0,HARD,12.0,0 days 01:57:13.106000,1,True,30.0,35.9,73.0,1009.5,False,1.2,185
VER,1,Red Bull Racing,32.0,0 days 00:01:40.033000,1.0,HARD,32.0,0 days 01:57:17.223000,1,True,30.0,35.9,73.0,1009.5,False,1.2,185
PER,11,Red Bull Racing,32.0,0 days 00:01:40.254000,1.0,HARD,32.0,0 days 01:57:20.421000,1,True,30.0,35.9,73.0,1009.5,False,1.2,185
ALO,14,Aston Martin,32.0,0 days 00:01:40.390000,2.0,HARD,12.0,0 days 01:57:21.632000,1,True,30.0,35.9,73.0,1009.5,False,1.2,185
OCO,31,Alpine,32.0,0 days 00:01:40.362000,2.0,HARD,12.0,0 days 01:57:22.351000,1,True,30.0,35.9,73.0,1009.5,False,1.2,185
MAG,20,Haas F1 Team,32.0,0 days 00:01:40.464000,2.0,HARD,12.0,0 days 01:57:23.274000,1,True,30.0,35.9,73.0,1009.5,False,1.2,185
GAS,10,Alpine,32.0,0 days 00:01:40.406000,2.0,HARD,12.0,0 days 01:57:23.764000,1,True,30.0,35.9,73.0,1009.5,False,1.2,185
PIA,81,McLaren,32.0,0 days 00:01:40.104000,2.0,HARD,12.0,0 days 01:57:24.765000,1,True,30.0,35.9,73.0,1009.5,False,1.2,185
LAW,40,AlphaTauri,32.0,0 days 00:01:40.055000,2.0,HARD,12.0,0 days 01:57:26.108000,1,True,30.0,35.9,73.0,1009.5,False,1.2,185
HUL,27,Haas F1 Team,32.0,0 days 00:01:41.038000,2.0,HARD,12.0,0 days 01:57:26.652000,1,True,30.0,35.9,73.0,1009.5,False,1.2,185
ALB,23,Williams,32.0,0 days 00:01:40.542000,2.0,HARD,12.0,0 days 01:57:28.296000,1,True,30.0,35.9,73.0,1009.5,False,1.2,185
ZHO,24,Alfa Romeo,32.0,0 days 00:01:40.576000,3.0,MEDIUM,12.0,0 days 01:57:29.156000,1,True,30.0,35.9,73.0,1009.5,False,1.2,185
BOT,77,Alfa Romeo,32.0,0 days 00:01:41.162000,1.0,HARD,32.0,0 days 01:57:32.601000,1,True,30.0,35.9,73.0,1009.5,False,1.2,185
SAR,2,Williams,32.0,0 days 00:01:39.807000,2.0,HARD,13.0,0 days 01:57:57.067000,1,True,30.0,35.9,74.0,1009.4,False,0.8,163
SAI,55,Ferrari,33.0,0 days 00:01:39.235000,2.0,HARD,13.0,0 days 01:58:48.008000,1,True,30.0,35.9,74.0,1009.4,False,0.8,163
RUS,63,Mercedes,33.0,0 days 00:01:39.348000,2.0,HARD,13.0,0 days 01:58:48.923000,1,True,30.0,35.9,74.0,1009.4,False,0.8,163
NOR,4,McLaren,33.0,0 days 00:01:39.663000,2.0,HARD,13.0,0 days 01:58:49.590000,1,True,30.0,35.9,74.0,1009.4,False,0.8,163
HAM,44,Mercedes,33.0,0 days 00:01:40.620000,2.0,HARD,13.0,0 days 01:58:50.077000,1,True,30.0,35.9,74.0,1009.4,False,0.8,163
LEC,16,Ferrari,33.0,0 days 00:01:39.485000,2.0,HARD,13.0,0 days 01:58:52.497000,1,True,30.0,35.9,74.0,1009.4,False,0.8,163
VER,1,Red Bull Racing,33.0,0 days 00:01:40.087000,1.0,HARD,33.0,0 days 01:58:57.256000,1,True,30.0,35.9,74.0,1009.5,False,1.5,168
PER,11,Red Bull Racing,33.0,0 days 00:01:40.355000,1.0,HARD,33.0,0 days 01:59:00.675000,1,True,30.0,35.9,74.0,1009.5,False,1.5,168
ALO,14,Aston Martin,33.0,0 days 00:01:39.636000,2.0,HARD,13.0,0 days 01:59:02.022000,1,True,30.0,35.9,74.0,1009.5,False,1.5,168
OCO,31,Alpine,33.0,0 days 00:01:39.930000,2.0,HARD,13.0,0 days 01:59:02.713000,1,True,30.0,35.9,74.0,1009.5,False,1.5,168
MAG,20,Haas F1 Team,33.0,0 days 00:01:40.096000,2.0,HARD,13.0,0 days 01:59:03.738000,1,True,30.0,35.9,74.0,1009.5,False,1.5,168
GAS,10,Alpine,33.0,0 days 00:01:40.154000,2.0,HARD,13.0,0 days 01:59:04.170000,1,True,30.0,35.9,74.0,1009.5,False,1.5,168
PIA,81,McLaren,33.0,0 days 00:01:40.237000,2.0,HARD,13.0,0 days 01:59:04.869000,1,True,30.0,35.9,74.0,1009.5,False,1.5,168
LAW,40,AlphaTauri,33.0,0 days 00:01:40.334000,2.0,HARD,13.0,0 days 01:59:06.163000,1,True,30.0,35.9,74.0,1009.5,False,1.5,168
HUL,27,Haas F1 Team,33.0,0 days 00:01:40.694000,2.0,HARD,13.0,0 days 01:59:07.690000,1,True,30.0,35.9,74.0,1009.5,False,1.5,168
ALB,23,Williams,33.0,0 days 00:01:40.772000,2.0,HARD,13.0,0 days 01:59:08.838000,1,True,30.0,35.9,74.0,1009.5,False,1.5,168
ZHO,24,Alfa Romeo,33.0,0 days 00:01:40.708000,3.0,MEDIUM,13.0,0 days 01:59:09.732000,1,True,30.0,35.9,74.0,1009.5,False,1.5,168
BOT,77,Alfa Romeo,33.0,0 days 00:01:41.060000,1.0,HARD,33.0,0 days 01:59:13.763000,1,True,30.0,35.9,74.0,1009.5,False,1.5,168
SAR,2,Williams,33.0,0 days 00:01:39.763000,2.0,HARD,14.0,0 days 01:59:36.874000,1,True,30.0,35.9,74.0,1009.5,False,1.5,168
SAI,55,Ferrari,34.0,0 days 00:01:40.025000,2.0,HARD,14.0,0 days 02:00:27.243000,1,True,30.0,35.9,74.0,1009.4,False,1.3,178
RUS,63,Mercedes,34.0,0 days 00:01:39.961000,2.0,HARD,14.0,0 days 02:00:28.271000,1,True,30.0,35.9,74.0,1009.4,False,1.3,178
NOR,4,McLaren,34.0,0 days 00:01:40.060000,2.0,HARD,14.0,0 days 02:00:29.253000,1,True,30.0,35.9,74.0,1009.4,False,1.3,178
HAM,44,Mercedes,34.0,0 days 00:01:39.545000,2.0,HARD,14.0,0 days 02:00:30.697000,1,True,30.0,35.9,74.0,1009.4,False,1.3,178
LEC,16,Ferrari,34.0,0 days 00:01:39.518000,2.0,HARD,14.0,0 days 02:00:31.982000,1,True,30.0,35.9,74.0,1009.4,False,1.3,178
VER,1,Red Bull Racing,34.0,0 days 00:01:40.378000,1.0,HARD,34.0,0 days 02:00:37.343000,1,True,30.0,35.9,74.0,1009.4,False,1.3,178
PER,11,Red Bull Racing,34.0,0 days 00:01:40.822000,1.0,HARD,34.0,0 days 02:00:41.030000,1,True,30.0,35.9,74.0,1009.4,False,1.3,178
ALO,14,Aston Martin,34.0,0 days 00:01:40.578000,2.0,HARD,14.0,0 days 02:00:41.658000,1,True,30.0,35.9,74.0,1009.4,False,1.3,178
OCO,31,Alpine,34.0,0 days 00:01:40.303000,2.0,HARD,14.0,0 days 02:00:42.643000,1,True,30.0,35.9,74.0,1009.4,False,1.3,178
MAG,20,Haas F1 Team,34.0,0 days 00:01:41.291000,2.0,HARD,14.0,0 days 02:00:43.834000,1,True,30.0,35.9,74.0,1009.4,False,1.3,178
GAS,10,Alpine,34.0,0 days 00:01:41.321000,2.0,HARD,14.0,0 days 02:00:44.324000,1,True,30.0,35.9,74.0,1009.4,False,1.3,178
PIA,81,McLaren,34.0,0 days 00:01:41.598000,2.0,HARD,14.0,0 days 02:00:45.106000,1,True,30.0,35.9,74.0,1009.4,False,1.3,178
LAW,40,AlphaTauri,34.0,0 days 00:01:40.953000,2.0,HARD,14.0,0 days 02:00:46.497000,1,True,30.0,35.9,74.0,1009.4,False,1.3,178
HUL,27,Haas F1 Team,34.0,0 days 00:01:40.644000,2.0,HARD,14.0,0 days 02:00:48.384000,1,True,30.0,35.9,74.0,1009.4,False,1.3,178
ALB,23,Williams,34.0,0 days 00:01:40.550000,2.0,HARD,14.0,0 days 02:00:49.610000,1,True,30.0,35.9,74.0,1009.4,False,1.3,178
ZHO,24,Alfa Romeo,34.0,0 days 00:01:40.499000,3.0,MEDIUM,14.0,0 days 02:00:50.440000,1,True,30.0,35.9,74.0,1009.4,False,1.3,178
BOT,77,Alfa Romeo,34.0,0 days 00:01:41.088000,1.0,HARD,34.0,0 days 02:00:54.823000,1,True,30.0,35.9,74.0,1009.5,False,1.5,153
SAR,2,Williams,34.0,0 days 00:01:39.799000,2.0,HARD,15.0,0 days 02:01:16.637000,1,True,30.0,35.9,74.0,1009.5,False,1.5,153
SAI,55,Ferrari,35.0,0 days 00:01:39.970000,2.0,HARD,15.0,0 days 02:02:07.268000,1,True,30.0,35.9,74.0,1009.5,False,1.5,166
RUS,63,Mercedes,35.0,0 days 00:01:39.986000,2.0,HARD,15.0,0 days 02:02:08.232000,1,True,30.0,35.9,74.0,1009.5,False,1.5,166
NOR,4,McLaren,35.0,0 days 00:01:39.701000,2.0,HARD,15.0,0 days 02:02:09.313000,1,True,30.0,35.9,74.0,1009.5,False,1.5,166
HAM,44,Mercedes,35.0,0 days 00:01:39.510000,2.0,HARD,15.0,0 days 02:02:10.242000,1,True,30.0,35.9,74.0,1009.5,False,1.5,166
LEC,16,Ferrari,35.0,0 days 00:01:39.747000,2.0,HARD,15.0,0 days 02:02:11.500000,1,True,30.0,35.9,74.0,1009.5,False,1.5,166
VER,1,Red Bull Racing,35.0,0 days 00:01:40.266000,1.0,HARD,35.0,0 days 02:02:17.721000,1,True,30.0,35.9,74.0,1009.5,False,1.5,166
PER,11,Red Bull Racing,35.0,0 days 00:01:40.326000,1.0,HARD,35.0,0 days 02:02:21.852000,1,True,30.0,35.9,74.0,1009.5,False,1.5,166
ALO,14,Aston Martin,35.0,0 days 00:01:40.626000,2.0,HARD,15.0,0 days 02:02:22.236000,1,True,30.0,35.9,74.0,1009.5,False,1.5,166
OCO,31,Alpine,35.0,0 days 00:01:40.541000,2.0,HARD,15.0,0 days 02:02:22.946000,1,True,30.0,35.9,74.0,1009.5,False,1.5,166
MAG,20,Haas F1 Team,35.0,0 days 00:01:42.612000,2.0,HARD,15.0,0 days 02:02:25.125000,1,True,30.0,35.9,74.0,1009.5,False,1.5,166
GAS,10,Alpine,35.0,0 days 00:01:42.563000,2.0,HARD,15.0,0 days 02:02:25.645000,1,True,30.0,35.9,74.0,1009.5,False,1.5,166
PIA,81,McLaren,35.0,0 days 00:01:42.204000,2.0,HARD,15.0,0 days 02:02:26.704000,1,True,30.0,35.9,74.0,1009.5,False,1.5,166
LAW,40,AlphaTauri,35.0,0 days 00:01:42.148000,2.0,HARD,15.0,0 days 02:02:27.450000,1,True,30.0,35.9,74.0,1009.5,False,1.5,166
HUL,27,Haas F1 Team,35.0,0 days 00:01:41.622000,2.0,HARD,15.0,0 days 02:02:29.028000,1,True,30.0,35.9,74.0,1009.5,False,1.5,166
ALB,23,Williams,35.0,0 days 00:01:41.065000,2.0,HARD,15.0,0 days 02:02:30.160000,1,True,30.0,35.9,74.0,1009.5,False,1.5,166
ZHO,24,Alfa Romeo,35.0,0 days 00:01:41.189000,3.0,MEDIUM,15.0,0 days 02:02:30.939000,1,True,30.0,35.9,74.0,1009.5,False,1.5,166
BOT,77,Alfa Romeo,35.0,0 days 00:01:40.808000,1.0,HARD,35.0,0 days 02:02:35.911000,1,True,30.0,35.9,74.0,1009.5,False,1.5,166
SAR,2,Williams,35.0,0 days 00:01:39.764000,2.0,HARD,16.0,0 days 02:02:56.436000,1,True,30.0,35.5,74.0,1009.5,False,1.7,158
SAI,55,Ferrari,36.0,0 days 00:01:39.544000,2.0,HARD,16.0,0 days 02:03:47.238000,1,True,30.0,35.5,74.0,1009.5,False,1.7,158
RUS,63,Mercedes,36.0,0 days 00:01:39.474000,2.0,HARD,16.0,0 days 02:03:48.218000,1,True,30.0,35.5,74.0,1009.5,False,1.7,158
NOR,4,McLaren,36.0,0 days 00:01:39.462000,2.0,HARD,16.0,0 days 02:03:49.014000,1,True,30.0,35.5,74.0,1009.5,False,1.7,158
HAM,44,Mercedes,36.0,0 days 00:01:39.362000,2.0,HARD,16.0,0 days 02:03:49.752000,1,True,30.0,35.5,74.0,1009.5,False,1.7,158
LEC,16,Ferrari,36.0,0 days 00:01:39.443000,2.0,HARD,16.0,0 days 02:03:51.247000,1,True,30.0,35.5,74.0,1009.5,False,1.7,158
VER,1,Red Bull Racing,36.0,0 days 00:01:40.372000,1.0,HARD,36.0,0 days 02:03:57.987000,1,True,29.9,35.4,74.0,1009.5,False,1.7,180
PER,11,Red Bull Racing,36.0,0 days 00:01:41.489000,1.0,HARD,36.0,0 days 02:04:02.178000,1,True,29.9,35.4,74.0,1009.5,False,1.7,180
ALO,14,Aston Martin,36.0,0 days 00:01:41.265000,2.0,HARD,16.0,0 days 02:04:02.862000,1,True,29.9,35.4,74.0,1009.5,False,1.7,180
OCO,31,Alpine,36.0,0 days 00:01:41.211000,2.0,HARD,16.0,0 days 02:04:03.487000,1,True,29.9,35.4,74.0,1009.5,False,1.7,180
MAG,20,Haas F1 Team,36.0,0 days 00:01:48.130000,2.0,HARD,16.0,0 days 02:04:07.737000,1,True,29.9,35.4,74.0,1009.5,False,1.7,180
GAS,10,Alpine,36.0,0 days 00:01:39.965000,2.0,HARD,16.0,0 days 02:04:08.208000,1,True,29.9,35.4,74.0,1009.5,False,1.7,180
PIA,81,McLaren,36.0,0 days 00:01:40.587000,2.0,HARD,16.0,0 days 02:04:08.908000,1,True,29.9,35.4,74.0,1009.5,False,1.7,180
LAW,40,AlphaTauri,36.0,0 days 00:01:41.100000,2.0,HARD,16.0,0 days 02:04:09.598000,1,True,29.9,35.4,74.0,1009.5,False,1.7,180
HUL,27,Haas F1 Team,36.0,0 days 00:01:41.128000,2.0,HARD,16.0,0 days 02:04:10.650000,1,True,29.9,35.4,74.0,1009.5,False,1.7,180
ALB,23,Williams,36.0,0 days 00:01:41.940000,2.0,HARD,16.0,0 days 02:04:11.225000,1,True,29.9,35.4,74.0,1009.5,False,1.7,180
ZHO,24,Alfa Romeo,36.0,0 days 00:01:42.747000,3.0,MEDIUM,16.0,0 days 02:04:12.128000,1,True,29.9,35.4,74.0,1009.5,False,1.7,180
BOT,77,Alfa Romeo,36.0,0 days 00:01:41.628000,1.0,HARD,36.0,0 days 02:04:16.719000,1,True,29.9,35.4,74.0,1009.5,False,1.7,180
SAR,2,Williams,36.0,0 days 00:01:39.878000,2.0,HARD,17.0,0 days 02:04:36.200000,1,True,29.9,35.4,74.0,1009.5,False,1.7,180
SAI,55,Ferrari,37.0,0 days 00:01:39.884000,2.0,HARD,17.0,0 days 02:05:26.782000,1,True,29.9,35.5,74.0,1009.5,False,1.8,158
RUS,63,Mercedes,37.0,0 days 00:01:39.776000,2.0,HARD,17.0,0 days 02:05:27.692000,1,True,29.9,35.5,74.0,1009.5,False,1.8,158
NOR,4,McLaren,37.0,0 days 00:01:39.838000,2.0,HARD,17.0,0 days 02:05:28.476000,1,True,29.9,35.5,74.0,1009.5,False,1.8,158
HAM,44,Mercedes,37.0,0 days 00:01:39.959000,2.0,HARD,17.0,0 days 02:05:29.114000,1,True,29.9,35.5,74.0,1009.5,False,1.8,158
LEC,16,Ferrari,37.0,0 days 00:01:39.639000,2.0,HARD,17.0,0 days 02:05:30.690000,1,True,29.9,35.5,74.0,1009.5,False,1.8,158
VER,1,Red Bull Racing,37.0,0 days 00:01:40.224000,1.0,HARD,37.0,0 days 02:05:38.359000,1,True,29.9,35.5,74.0,1009.5,False,1.8,158
PER,11,Red Bull Racing,37.0,0 days 00:01:43.171000,1.0,HARD,37.0,0 days 02:05:43.667000,1,True,29.9,35.5,74.0,1009.5,False,1.8,158
ALO,14,Aston Martin,37.0,0 days 00:01:44.094000,2.0,HARD,17.0,0 days 02:05:44.127000,1,True,29.9,35.5,74.0,1009.5,False,1.8,158
OCO,31,Alpine,37.0,0 days 00:01:42.599000,2.0,HARD,17.0,0 days 02:05:44.698000,1,True,29.9,35.5,74.0,1009.5,False,1.8,158
GAS,10,Alpine,37.0,0 days 00:01:40.508000,2.0,HARD,17.0,0 days 02:05:48.173000,1,True,29.9,35.5,74.0,1009.5,False,1.8,158
PIA,81,McLaren,37.0,0 days 00:01:40.368000,2.0,HARD,17.0,0 days 02:05:49.495000,1,True,29.9,35.5,74.0,1009.5,False,1.8,158
LAW,40,AlphaTauri,37.0,0 days 00:01:40.797000,2.0,HARD,17.0,0 days 02:05:50.698000,1,True,29.9,35.5,74.0,1009.5,False,1.8,158
HUL,27,Haas F1 Team,37.0,0 days 00:01:40.482000,2.0,HARD,17.0,0 days 02:05:51.778000,1,True,29.9,35.5,74.0,1009.5,False,1.8,158
ALB,23,Williams,37.0,0 days 00:01:41.028000,2.0,HARD,17.0,0 days 02:05:53.165000,1,True,29.9,35.5,74.0,1009.5,False,1.8,158
ZHO,24,Alfa Romeo,37.0,0 days 00:01:41.148000,3.0,MEDIUM,17.0,0 days 02:05:54.875000,1,True,29.9,35.3,74.0,1009.7,False,1.7,165
MAG,20,Haas F1 Team,37.0,0 days 00:01:42.352000,2.0,HARD,17.0,0 days 02:05:55.867000,1,True,29.9,35.3,74.0,1009.7,False,1.7,165
BOT,77,Alfa Romeo,37.0,0 days 00:01:42.375000,1.0,HARD,37.0,0 days 02:05:58.347000,1,True,29.9,35.3,74.0,1009.7,False,1.7,165
SAR,2,Williams,37.0,0 days 00:01:39.752000,2.0,HARD,18.0,0 days 02:06:16.078000,1,True,29.9,35.3,74.0,1009.7,False,1.7,165
SAI,55,Ferrari,38.0,0 days 00:01:39.519000,2.0,HARD,18.0,0 days 02:07:06.666000,1,True,29.8,35.5,74.0,1009.7,False,1.8,183
RUS,63,Mercedes,38.0,0 days 00:01:39.635000,2.0,HARD,18.0,0 days 02:07:07.468000,1,True,29.8,35.5,74.0,1009.7,False,1.8,183
NOR,4,McLaren,38.0,0 days 00:01:39.720000,2.0,HARD,18.0,0 days 02:07:08.314000,1,True,29.8,35.5,74.0,1009.7,False,1.8,183
HAM,44,Mercedes,38.0,0 days 00:01:39.860000,2.0,HARD,18.0,0 days 02:07:09.073000,1,True,29.8,35.5,74.0,1009.7,False,1.8,183
LEC,16,Ferrari,38.0,0 days 00:01:39.946000,2.0,HARD,18.0,0 days 02:07:10.329000,1,True,29.8,35.5,74.0,1009.7,False,1.8,183
VER,1,Red Bull Racing,38.0,0 days 00:01:40.610000,1.0,HARD,38.0,0 days 02:07:18.583000,1,True,29.8,35.5,74.0,1009.7,False,1.8,183
PER,11,Red Bull Racing,38.0,0 days 00:01:41.321000,1.0,HARD,38.0,0 days 02:07:26.838000,1,True,29.8,35.5,74.0,1009.7,False,1.8,183
OCO,31,Alpine,38.0,0 days 00:01:41.319000,2.0,HARD,18.0,0 days 02:07:27.297000,1,True,29.8,35.5,74.0,1009.7,False,1.8,183
ALO,14,Aston Martin,38.0,0 days 00:01:41.208000,2.0,HARD,18.0,0 days 02:07:28.221000,1,True,29.8,35.5,74.0,1009.7,False,1.8,183
GAS,10,Alpine,38.0,0 days 00:01:41.261000,2.0,HARD,18.0,0 days 02:07:28.681000,1,True,29.8,35.5,74.0,1009.7,False,1.8,183
PIA,81,McLaren,38.0,0 days 00:01:40.858000,2.0,HARD,18.0,0 days 02:07:29.863000,1,True,29.8,35.5,74.0,1009.7,False,1.8,183
LAW,40,AlphaTauri,38.0,0 days 00:01:41.106000,2.0,HARD,18.0,0 days 02:07:31.495000,1,True,29.8,35.5,74.0,1009.7,False,1.8,183
HUL,27,Haas F1 Team,38.0,0 days 00:01:41.051000,2.0,HARD,18.0,0 days 02:07:32.260000,1,True,29.8,35.5,74.0,1009.7,False,1.8,183
ALB,23,Williams,38.0,0 days 00:01:40.837000,2.0,HARD,18.0,0 days 02:07:34.193000,1,True,29.8,35.5,74.0,1009.7,False,1.8,183
ZHO,24,Alfa Romeo,38.0,0 days 00:01:40.821000,3.0,MEDIUM,18.0,0 days 02:07:36.023000,1,True,29.8,35.5,74.0,1009.7,False,1.8,183
MAG,20,Haas F1 Team,38.0,0 days 00:01:41.591000,2.0,HARD,18.0,0 days 02:07:38.219000,1,True,29.8,35.5,74.0,1009.7,False,1.8,183
BOT,77,Alfa Romeo,38.0,0 days 00:01:42.282000,1.0,HARD,38.0,0 days 02:07:40.722000,1,True,29.8,35.5,74.0,1009.7,False,1.8,183
SAR,2,Williams,38.0,0 days 00:01:39.877000,2.0,HARD,19.0,0 days 02:07:55.830000,1,True,29.8,35.5,74.0,1009.7,False,2.2,168
SAI,55,Ferrari,39.0,0 days 00:01:39.253000,2.0,HARD,19.0,0 days 02:08:46.185000,1,True,29.8,35.5,74.0,1009.7,False,2.2,168
RUS,63,Mercedes,39.0,0 days 00:01:39.169000,2.0,HARD,19.0,0 days 02:08:47.103000,1,True,29.8,35.5,74.0,1009.7,False,2.2,168
NOR,4,McLaren,39.0,0 days 00:01:39.271000,2.0,HARD,19.0,0 days 02:08:48.034000,1,True,29.8,35.5,74.0,1009.7,False,2.2,168
HAM,44,Mercedes,39.0,0 days 00:01:39.264000,2.0,HARD,19.0,0 days 02:08:48.933000,1,True,29.8,35.5,74.0,1009.7,False,2.2,168
LEC,16,Ferrari,39.0,0 days 00:01:39.448000,2.0,HARD,19.0,0 days 02:08:50.275000,1,True,29.8,35.5,74.0,1009.7,False,2.2,168
VER,1,Red Bull Racing,39.0,0 days 00:01:41.173000,1.0,HARD,39.0,0 days 02:08:59.193000,1,True,29.8,35.5,74.0,1009.7,False,2.0,165
PER,11,Red Bull Racing,39.0,0 days 00:01:53.087000,1.0,HARD,39.0,0 days 02:09:08.159000,1,False,29.8,35.5,74.0,1009.7,False,2.0,165
OCO,31,Alpine,39.0,0 days 00:01:40.875000,2.0,HARD,19.0,0 days 02:09:08.616000,1,True,29.8,35.5,74.0,1009.7,False,2.0,165
ALO,14,Aston Martin,39.0,0 days 00:01:42.062000,2.0,HARD,19.0,0 days 02:09:09.429000,1,True,29.8,35.5,74.0,1009.7,False,2.0,165
GAS,10,Alpine,39.0,0 days 00:01:42.860000,2.0,HARD,19.0,0 days 02:09:09.942000,1,True,29.8,35.5,74.0,1009.7,False,2.0,165
PIA,81,McLaren,39.0,0 days 00:01:42.986000,2.0,HARD,19.0,0 days 02:09:10.721000,1,True,29.8,35.5,74.0,1009.7,False,2.0,165
LAW,40,AlphaTauri,39.0,0 days 00:01:41.845000,2.0,HARD,19.0,0 days 02:09:12.601000,1,True,29.8,35.5,74.0,1009.7,False,2.0,165
HUL,27,Haas F1 Team,39.0,0 days 00:01:42.010000,2.0,HARD,19.0,0 days 02:09:13.311000,1,True,29.8,35.5,74.0,1009.7,False,2.0,165
ALB,23,Williams,39.0,0 days 00:01:41.246000,2.0,HARD,19.0,0 days 02:09:15.030000,1,True,29.8,35.5,74.0,1009.7,False,2.0,165
ZHO,24,Alfa Romeo,39.0,0 days 00:01:40.894000,3.0,MEDIUM,19.0,0 days 02:09:16.844000,1,True,29.8,35.5,74.0,1009.7,False,2.0,165
MAG,20,Haas F1 Team,39.0,0 days 00:01:41.934000,2.0,HARD,19.0,0 days 02:09:19.810000,1,True,29.8,35.5,74.0,1009.7,False,2.0,165
BOT,77,Alfa Romeo,39.0,0 days 00:01:42.059000,1.0,HARD,39.0,0 days 02:09:23.004000,1,True,29.8,35.5,74.0,1009.7,False,2.0,165
SAR,2,Williams,39.0,0 days 00:01:40.134000,2.0,HARD,20.0,0 days 02:09:35.707000,1,True,29.8,35.5,74.0,1009.7,False,2.0,165
SAI,55,Ferrari,40.0,0 days 00:01:39.393000,2.0,HARD,20.0,0 days 02:10:25.438000,1,True,29.7,35.5,75.0,1009.7,False,1.8,171
RUS,63,Mercedes,40.0,0 days 00:01:39.322000,2.0,HARD,20.0,0 days 02:10:26.272000,1,True,29.7,35.5,75.0,1009.7,False,1.8,171
NOR,4,McLaren,40.0,0 days 00:01:39.346000,2.0,HARD,20.0,0 days 02:10:27.305000,1,True,29.7,35.5,75.0,1009.7,False,1.8,171
HAM,44,Mercedes,40.0,0 days 00:01:39.472000,2.0,HARD,20.0,0 days 02:10:28.197000,1,True,29.7,35.5,75.0,1009.7,False,1.8,171
LEC,16,Ferrari,40.0,0 days 00:01:39.557000,2.0,HARD,20.0,0 days 02:10:29.723000,1,True,29.7,35.5,75.0,1009.7,False,1.8,171
VER,1,Red Bull Racing,40.0,0 days 00:01:48.808000,1.0,HARD,40.0,0 days 02:10:40.366000,1,False,29.7,35.5,75.0,1009.7,False,1.8,171
OCO,31,Alpine,40.0,0 days 00:01:39.931000,2.0,HARD,20.0,0 days 02:10:49.491000,1,True,29.7,35.5,75.0,1009.7,False,1.8,171
ALO,14,Aston Martin,40.0,0 days 00:01:40.154000,2.0,HARD,20.0,0 days 02:10:51.491000,1,True,29.7,35.5,75.0,1009.7,False,1.8,171
GAS,10,Alpine,40.0,0 days 00:01:39.885000,2.0,HARD,20.0,0 days 02:10:52.802000,1,True,29.7,35.5,75.0,1009.7,False,1.8,171
PIA,81,McLaren,40.0,0 days 00:01:40.299000,2.0,HARD,20.0,0 days 02:10:53.707000,1,True,29.7,35.5,75.0,1009.7,False,1.8,171
LAW,40,AlphaTauri,40.0,0 days 00:01:41.182000,2.0,HARD,20.0,0 days 02:10:54.446000,1,True,29.7,35.5,74.0,1009.7,False,1.7,189
HUL,27,Haas F1 Team,40.0,0 days 00:01:41.257000,2.0,HARD,20.0,0 days 02:10:55.321000,1,True,29.7,35.5,74.0,1009.7,False,1.7,189
ALB,23,Williams,40.0,0 days 00:01:40.935000,2.0,HARD,20.0,0 days 02:10:56.276000,1,True,29.7,35.5,74.0,1009.7,False,1.7,189
ZHO,24,Alfa Romeo,40.0,0 days 00:01:40.806000,3.0,MEDIUM,20.0,0 days 02:10:57.738000,1,True,29.7,35.5,74.0,1009.7,False,1.7,189
PER,11,Red Bull Racing,40.0,0 days 00:01:59.337000,2.0,MEDIUM,1.0,0 days 02:11:01.246000,1,False,29.7,35.5,74.0,1009.7,False,1.7,189
MAG,20,Haas F1 Team,40.0,0 days 00:01:41.757000,2.0,HARD,20.0,0 days 02:11:01.744000,1,True,29.7,35.5,74.0,1009.7,False,1.7,189
BOT,77,Alfa Romeo,40.0,0 days 00:01:50.101000,1.0,HARD,40.0,0 days 02:11:05.063000,1,False,29.7,35.5,74.0,1009.7,False,1.7,189
SAR,2,Williams,40.0,0 days 00:01:40.280000,2.0,HARD,21.0,0 days 02:11:15.841000,1,True,29.7,35.5,74.0,1009.7,False,1.7,189
SAI,55,Ferrari,41.0,0 days 00:01:39.798000,2.0,HARD,21.0,0 days 02:12:04.831000,1,True,29.8,35.5,75.0,1009.7,False,1.7,171
RUS,63,Mercedes,41.0,0 days 00:01:39.803000,2.0,HARD,21.0,0 days 02:12:05.594000,1,True,29.8,35.5,75.0,1009.7,False,1.7,171
NOR,4,McLaren,41.0,0 days 00:01:39.662000,2.0,HARD,21.0,0 days 02:12:06.651000,1,True,29.8,35.5,75.0,1009.7,False,1.7,171
HAM,44,Mercedes,41.0,0 days 00:01:39.698000,2.0,HARD,21.0,0 days 02:12:07.669000,1,True,29.8,35.5,75.0,1009.7,False,1.7,171
LEC,16,Ferrari,41.0,0 days 00:01:39.368000,2.0,HARD,21.0,0 days 02:12:09.280000,1,True,29.8,35.5,75.0,1009.7,False,1.7,171
VER,1,Red Bull Racing,41.0,0 days 00:01:59.248000,2.0,MEDIUM,1.0,0 days 02:12:29.174000,1,False,29.8,35.5,75.0,1009.7,False,1.7,171
OCO,31,Alpine,41.0,0 days 00:01:40.064000,2.0,HARD,21.0,0 days 02:12:29.422000,1,True,29.8,35.5,75.0,1009.7,False,1.7,171
ALO,14,Aston Martin,41.0,0 days 00:01:40.180000,2.0,HARD,21.0,0 days 02:12:31.645000,1,True,29.8,35.5,75.0,1009.7,False,1.7,171
GAS,10,Alpine,41.0,0 days 00:01:39.934000,2.0,HARD,21.0,0 days 02:12:32.687000,1,True,29.8,35.5,75.0,1009.7,False,1.7,171
PIA,81,McLaren,41.0,0 days 00:01:39.982000,2.0,HARD,21.0,0 days 02:12:34.006000,1,True,29.8,35.5,75.0,1009.7,False,1.7,171
LAW,40,AlphaTauri,41.0,0 days 00:01:40.315000,2.0,HARD,21.0,0 days 02:12:35.628000,1,True,29.8,35.5,75.0,1009.7,False,1.7,171
HUL,27,Haas F1 Team,41.0,0 days 00:01:40.687000,2.0,HARD,21.0,0 days 02:12:36.578000,1,True,29.8,35.5,75.0,1009.7,False,1.7,171
ALB,23,Williams,41.0,0 days 00:01:40.579000,2.0,HARD,21.0,0 days 02:12:37.211000,1,True,29.8,35.5,75.0,1009.7,False,1.7,171
ZHO,24,Alfa Romeo,41.0,0 days 00:01:40.853000,3.0,MEDIUM,21.0,0 days 02:12:38.544000,1,True,29.8,35.5,75.0,1009.7,False,1.7,171
MAG,20,Haas F1 Team,41.0,0 days 00:01:41.307000,2.0,HARD,21.0,0 days 02:12:43.501000,1,True,29.8,35.5,75.0,1009.7,False,1.7,171
BOT,77,Alfa Romeo,41.0,0 days 00:02:00.751000,2.0,MEDIUM,1.0,0 days 02:12:55.164000,1,False,29.8,35.5,75.0,1009.7,False,1.8,169
SAR,2,Williams,41.0,0 days 00:01:40.297000,2.0,HARD,22.0,0 days 02:12:56.121000,1,True,29.8,35.5,75.0,1009.7,False,1.8,169
PER,11,Red Bull Racing,41.0,0 days 00:01:38.551000,2.0,MEDIUM,2.0,0 days 02:13:00.583000,1,True,29.8,35.5,75.0,1009.7,False,1.8,169
SAI,55,Ferrari,42.0,0 days 00:01:39.939000,2.0,HARD,22.0,0 days 02:13:44.629000,1,True,29.8,35.5,75.0,1009.7,False,1.8,169
RUS,63,Mercedes,42.0,0 days 00:01:39.845000,2.0,HARD,22.0,0 days 02:13:45.397000,1,True,29.8,35.5,75.0,1009.7,False,1.8,169
NOR,4,McLaren,42.0,0 days 00:01:39.606000,2.0,HARD,22.0,0 days 02:13:46.313000,1,True,29.8,35.5,75.0,1009.7,False,1.8,169
HAM,44,Mercedes,42.0,0 days 00:01:39.686000,2.0,HARD,22.0,0 days 02:13:47.367000,1,True,29.8,35.5,75.0,1009.7,False,1.8,169
LEC,16,Ferrari,42.0,0 days 00:01:39.888000,2.0,HARD,22.0,0 days 02:13:48.648000,1,True,29.8,35.5,75.0,1009.7,False,1.8,169
OCO,31,Alpine,42.0,0 days 00:01:39.995000,2.0,HARD,22.0,0 days 02:14:09.486000,1,True,29.8,35.5,74.0,1009.7,False,2.0,167
ALO,14,Aston Martin,42.0,0 days 00:01:40.146000,2.0,HARD,22.0,0 days 02:14:11.825000,1,True,29.8,35.5,74.0,1009.7,False,2.0,167
GAS,10,Alpine,42.0,0 days 00:01:39.835000,2.0,HARD,22.0,0 days 02:14:12.621000,1,True,29.8,35.5,74.0,1009.7,False,2.0,167
PIA,81,McLaren,42.0,0 days 00:01:39.783000,2.0,HARD,22.0,0 days 02:14:13.988000,1,True,29.8,35.5,74.0,1009.7,False,2.0,167
LAW,40,AlphaTauri,42.0,0 days 00:01:40.181000,2.0,HARD,22.0,0 days 02:14:15.943000,1,True,29.8,35.5,74.0,1009.7,False,2.0,167
HUL,27,Haas F1 Team,42.0,0 days 00:01:40.523000,2.0,HARD,22.0,0 days 02:14:17.265000,1,True,29.8,35.5,74.0,1009.7,False,2.0,167
ALB,23,Williams,42.0,0 days 00:01:40.637000,2.0,HARD,22.0,0 days 02:14:17.790000,1,True,29.8,35.5,74.0,1009.7,False,2.0,167
ZHO,24,Alfa Romeo,42.0,0 days 00:01:40.425000,3.0,MEDIUM,22.0,0 days 02:14:19.397000,1,True,29.8,35.5,74.0,1009.7,False,2.0,167
MAG,20,Haas F1 Team,42.0,0 days 00:01:40.956000,2.0,HARD,22.0,0 days 02:14:24.808000,1,True,29.8,35.5,74.0,1009.7,False,2.0,167
VER,1,Red Bull Racing,42.0,0 days 00:01:37.713000,2.0,MEDIUM,2.0,0 days 02:14:28.422000,1,True,29.8,35.5,74.0,1009.7,False,2.0,167
SAR,2,Williams,42.0,0 days 00:01:40.602000,2.0,HARD,23.0,0 days 02:14:36.418000,12,True,29.8,35.5,74.0,1009.7,False,2.0,167
PER,11,Red Bull Racing,42.0,0 days 00:01:38.709000,2.0,MEDIUM,3.0,0 days 02:14:39.134000,12,True,29.8,35.5,74.0,1009.7,False,2.0,167
BOT,77,Alfa Romeo,42.0,0 days 00:01:38.392000,2.0,MEDIUM,2.0,0 days 02:14:55.915000,12,True,29.8,35.3,74.0,1009.9,False,1.7,161
SAI,55,Ferrari,43.0,0 days 00:01:39.248000,2.0,HARD,23.0,0 days 02:15:24.568000,12,True,29.8,35.3,74.0,1009.9,False,1.7,161
RUS,63,Mercedes,43.0,0 days 00:01:39.482000,2.0,HARD,23.0,0 days 02:15:25.242000,12,True,29.8,35.3,74.0,1009.9,False,1.7,161
NOR,4,McLaren,43.0,0 days 00:01:39.560000,2.0,HARD,23.0,0 days 02:15:25.919000,12,True,29.8,35.3,74.0,1009.9,False,1.7,161
HAM,44,Mercedes,43.0,0 days 00:01:39.291000,2.0,HARD,23.0,0 days 02:15:27.053000,126,False,29.8,35.3,74.0,1009.9,False,1.7,161
LEC,16,Ferrari,43.0,0 days 00:01:39.996000,2.0,HARD,23.0,0 days 02:15:28.536000,126,False,29.8,35.3,74.0,1009.9,False,1.7,161
OCO,31,Alpine,43.0,,2.0,HARD,23.0,0 days 02:15:49.481000,12,False,29.8,35.3,74.0,1009.9,False,1.7,161
ALO,14,Aston Martin,43.0,0 days 00:01:50.179000,2.0,HARD,23.0,0 days 02:15:51.971000,126,False,29.8,35.3,74.0,1009.9,False,1.7,161
GAS,10,Alpine,43.0,0 days 00:01:50.491000,2.0,HARD,23.0,0 days 02:15:52.456000,126,False,29.8,35.3,74.0,1009.9,False,1.7,161
PIA,81,McLaren,43.0,0 days 00:01:52.356000,2.0,HARD,23.0,0 days 02:15:53.771000,126,False,29.8,35.3,74.0,1009.9,False,1.7,161
LAW,40,AlphaTauri,43.0,0 days 00:01:51.885000,2.0,HARD,23.0,0 days 02:15:56.124000,126,False,29.7,34.8,74.0,1009.9,False,2.4,183
HUL,27,Haas F1 Team,43.0,0 days 00:01:53.224000,2.0,HARD,23.0,0 days 02:15:57.788000,126,False,29.7,34.8,74.0,1009.9,False,2.4,183
ALB,23,Williams,43.0,0 days 00:02:00.929000,2.0,HARD,23.0,0 days 02:15:58.427000,126,False,29.7,34.8,74.0,1009.9,False,2.4,183
ZHO,24,Alfa Romeo,43.0,0 days 00:01:54.357000,3.0,MEDIUM,23.0,0 days 02:15:59.822000,126,False,29.7,34.8,74.0,1009.9,False,2.4,183
MAG,20,Haas F1 Team,43.0,0 days 00:02:06.002000,2.0,HARD,23.0,0 days 02:16:05.764000,126,False,29.7,34.8,74.0,1009.9,False,2.4,183
VER,1,Red Bull Racing,43.0,0 days 00:01:56.357000,2.0,MEDIUM,3.0,0 days 02:16:06.135000,126,False,29.7,34.8,74.0,1009.9,False,2.4,183
SAR,2,Williams,43.0,0 days 00:02:08.408000,2.0,HARD,24.0,0 days 02:16:17.020000,26,False,29.7,34.8,74.0,1009.9,False,2.4,183
PER,11,Red Bull Racing,43.0,0 days 00:02:00.690000,2.0,MEDIUM,4.0,0 days 02:16:17.843000,26,False,29.7,34.8,74.0,1009.9,False,2.4,183
BOT,77,Alfa Romeo,43.0,0 days 00:02:06.949000,2.0,MEDIUM,3.0,0 days 02:16:34.307000,26,False,29.7,34.8,74.0,1009.9,False,2.4,183
SAI,55,Ferrari,44.0,0 days 00:02:18.570000,2.0,HARD,24.0,0 days 02:17:03.816000,26,False,29.7,34.9,74.0,1009.9,False,1.6,174
RUS,63,Mercedes,44.0,0 days 00:02:24.887000,2.0,HARD,24.0,0 days 02:17:04.724000,26,False,29.7,34.9,74.0,1009.9,False,1.6,174
NOR,4,McLaren,44.0,0 days 00:02:18.860000,2.0,HARD,24.0,0 days 02:17:05.479000,26,False,29.7,34.9,74.0,1009.9,False,1.6,174
HAM,44,Mercedes,44.0,0 days 00:02:25.716000,2.0,HARD,24.0,0 days 02:17:06.344000,6,False,29.7,34.9,74.0,1009.9,False,1.6,174
LEC,16,Ferrari,44.0,0 days 00:02:18.447000,2.0,HARD,24.0,0 days 02:17:08.532000,6,False,29.7,34.9,74.0,1009.9,False,1.6,174
ALO,14,Aston Martin,44.0,0 days 00:02:24.760000,2.0,HARD,24.0,0 days 02:17:42.150000,6,False,29.7,34.9,74.0,1009.9,False,1.6,174
GAS,10,Alpine,44.0,0 days 00:02:17.976000,2.0,HARD,24.0,0 days 02:17:42.947000,6,False,29.7,34.9,74.0,1009.9,False,1.6,174
PIA,81,McLaren,44.0,0 days 00:02:16.298000,2.0,HARD,24.0,0 days 02:17:46.127000,6,False,29.7,34.9,74.0,1009.9,False,1.6,174
LAW,40,AlphaTauri,44.0,0 days 00:02:18.528000,2.0,HARD,24.0,0 days 02:17:48.009000,6,False,29.7,34.9,74.0,1009.9,False,1.6,174
HUL,27,Haas F1 Team,44.0,0 days 00:02:16.653000,2.0,HARD,24.0,0 days 02:17:51.012000,6,False,29.7,34.9,74.0,1009.9,False,1.6,174
ZHO,24,Alfa Romeo,44.0,0 days 00:02:17.516000,3.0,MEDIUM,24.0,0 days 02:17:54.179000,6,False,29.7,35.3,75.0,1009.9,False,2.2,153
ALB,23,Williams,44.0,,3.0,MEDIUM,1.0,0 days 02:17:59.356000,67,False,29.7,35.3,75.0,1009.9,False,2.2,153
VER,1,Red Bull Racing,44.0,0 days 00:02:17.522000,2.0,MEDIUM,4.0,0 days 02:18:02.492000,6,False,29.7,35.3,75.0,1009.9,False,2.2,153
MAG,20,Haas F1 Team,44.0,,3.0,SOFT,4.0,0 days 02:18:11.766000,671,False,29.7,35.3,75.0,1009.9,False,2.2,153
PER,11,Red Bull Racing,44.0,0 days 00:02:17.392000,2.0,MEDIUM,5.0,0 days 02:18:18.533000,67,False,29.7,35.3,75.0,1009.9,False,2.2,153
SAR,2,Williams,44.0,,3.0,MEDIUM,1.0,0 days 02:18:25.428000,671,False,29.7,35.3,75.0,1009.9,False,2.2,153
BOT,77,Alfa Romeo,44.0,0 days 00:02:14.405000,2.0,MEDIUM,4.0,0 days 02:18:41.256000,671,False,29.7,35.3,75.0,1009.9,False,2.2,153
SAI,55,Ferrari,45.0,0 days 00:02:01.324000,2.0,HARD,25.0,0 days 02:19:22.386000,671,False,29.6,35.3,74.0,1009.9,False,2.2,175
NOR,4,McLaren,45.0,0 days 00:02:00.748000,2.0,HARD,25.0,0 days 02:19:24.339000,671,False,29.6,35.3,74.0,1009.9,False,2.2,175
LEC,16,Ferrari,45.0,0 days 00:02:00.846000,2.0,HARD,25.0,0 days 02:19:26.979000,671,False,29.6,35.3,74.0,1009.9,False,2.2,175
RUS,63,Mercedes,45.0,0 days 00:02:11.669000,3.0,MEDIUM,1.0,0 days 02:19:29.611000,671,False,29.6,35.3,74.0,1009.9,False,2.2,175
HAM,44,Mercedes,45.0,0 days 00:02:13.606000,3.0,MEDIUM,1.0,0 days 02:19:32.060000,671,False,29.6,35.3,74.0,1009.9,False,2.2,175
GAS,10,Alpine,45.0,0 days 00:01:51.238000,2.0,HARD,25.0,0 days 02:20:00.923000,671,False,29.6,35.3,74.0,1009.9,False,2.0,165
PIA,81,McLaren,45.0,0 days 00:01:52.685000,2.0,HARD,25.0,0 days 02:20:02.425000,671,False,29.6,35.3,74.0,1009.9,False,2.0,165
LAW,40,AlphaTauri,45.0,0 days 00:01:50.881000,2.0,HARD,25.0,0 days 02:20:06.537000,671,False,29.6,35.3,74.0,1009.9,False,2.0,165
ALO,14,Aston Martin,45.0,0 days 00:02:26.081000,3.0,SOFT,3.0,0 days 02:20:06.910000,671,False,29.6,35.3,74.0,1009.9,False,2.0,165
HUL,27,Haas F1 Team,45.0,0 days 00:01:51.986000,2.0,HARD,25.0,0 days 02:20:07.665000,671,False,29.6,35.3,74.0,1009.9,False,2.0,165
ZHO,24,Alfa Romeo,45.0,0 days 00:01:50.632000,3.0,MEDIUM,25.0,0 days 02:20:11.695000,671,False,29.6,35.3,74.0,1009.9,False,2.0,165
VER,1,Red Bull Racing,45.0,0 days 00:01:44.939000,2.0,MEDIUM,5.0,0 days 02:20:20.014000,671,False,29.6,35.3,74.0,1009.9,False,2.0,165
ALB,23,Williams,45.0,0 days 00:01:40.919000,3.0,MEDIUM,2.0,0 days 02:20:34.339000,71,False,29.6,35.3,74.0,1009.9,False,2.0,165
PER,11,Red Bull Racing,45.0,0 days 00:01:40.229000,2.0,MEDIUM,6.0,0 days 02:20:35.925000,71,False,29.6,35.3,74.0,1009.9,False,2.0,165
MAG,20,Haas F1 Team,45.0,0 days 00:01:39.787000,3.0,SOFT,5.0,0 days 02:20:48.904000,1,True,29.6,35.3,74.0,1009.9,False,2.0,165
BOT,77,Alfa Romeo,45.0,0 days 00:01:39.080000,2.0,MEDIUM,5.0,0 days 02:20:55.661000,1,True,29.6,35.1,74.0,1009.9,False,2.5,174
SAR,2,Williams,45.0,0 days 00:01:38.531000,3.0,MEDIUM,2.0,0 days 02:20:58.675000,1,True,29.6,35.1,74.0,1009.9,False,2.5,174
SAI,55,Ferrari,46.0,0 days 00:01:37.913000,2.0,HARD,26.0,0 days 02:21:23.710000,1,True,29.6,35.1,74.0,1009.9,False,2.5,174
NOR,4,McLaren,46.0,0 days 00:01:38.046000,2.0,HARD,26.0,0 days 02:21:25.087000,1,True,29.6,35.1,74.0,1009.9,False,2.5,174
LEC,16,Ferrari,46.0,0 days 00:01:38.275000,2.0,HARD,26.0,0 days 02:21:27.825000,1,True,29.6,35.1,74.0,1009.9,False,2.5,174
RUS,63,Mercedes,46.0,0 days 00:01:36.273000,3.0,MEDIUM,2.0,0 days 02:21:41.280000,1,True,29.6,35.1,74.0,1009.9,False,2.5,174
HAM,44,Mercedes,46.0,0 days 00:01:36.953000,3.0,MEDIUM,2.0,0 days 02:21:45.666000,1,True,29.6,35.1,74.0,1009.9,False,2.5,174
GAS,10,Alpine,46.0,0 days 00:01:38.277000,2.0,HARD,26.0,0 days 02:21:52.161000,1,True,29.6,35.1,74.0,1009.9,False,2.5,174
PIA,81,McLaren,46.0,0 days 00:01:38.492000,2.0,HARD,26.0,0 days 02:21:55.110000,1,True,29.6,35.0,74.0,1009.9,False,2.4,163
LAW,40,AlphaTauri,46.0,0 days 00:01:39.132000,2.0,HARD,26.0,0 days 02:21:57.418000,1,True,29.6,35.0,74.0,1009.9,False,2.4,163
HUL,27,Haas F1 Team,46.0,0 days 00:01:40.005000,2.0,HARD,26.0,0 days 02:21:59.651000,1,True,29.6,35.0,74.0,1009.9,False,2.4,163
ZHO,24,Alfa Romeo,46.0,0 days 00:01:39.316000,3.0,MEDIUM,26.0,0 days 02:22:02.327000,1,True,29.6,35.0,74.0,1009.9,False,2.4,163
VER,1,Red Bull Racing,46.0,0 days 00:01:37.570000,2.0,MEDIUM,6.0,0 days 02:22:04.953000,1,True,29.6,35.0,74.0,1009.9,False,2.4,163
ALB,23,Williams,46.0,0 days 00:01:37.342000,3.0,MEDIUM,3.0,0 days 02:22:15.258000,12,True,29.6,35.0,74.0,1009.9,False,2.4,163
PER,11,Red Bull Racing,46.0,0 days 00:01:37.541000,2.0,MEDIUM,7.0,0 days 02:22:16.154000,12,True,29.6,35.0,74.0,1009.9,False,2.4,163
MAG,20,Haas F1 Team,46.0,0 days 00:01:40.988000,3.0,SOFT,6.0,0 days 02:22:28.691000,12,True,29.6,35.0,74.0,1009.9,False,2.4,163
ALO,14,Aston Martin,46.0,0 days 00:01:53.333000,3.0,SOFT,4.0,0 days 02:22:32.991000,12,True,29.6,35.0,74.0,1009.9,False,2.4,163
BOT,77,Alfa Romeo,46.0,0 days 00:01:38.979000,2.0,MEDIUM,6.0,0 days 02:22:34.741000,12,True,29.6,35.0,74.0,1009.9,False,2.4,163
SAR,2,Williams,46.0,0 days 00:01:38.784000,3.0,MEDIUM,3.0,0 days 02:22:37.206000,12,True,29.6,35.0,74.0,1009.9,False,2.4,163
SAI,55,Ferrari,47.0,0 days 00:01:37.666000,2.0,HARD,27.0,0 days 02:23:01.623000,12,True,29.5,35.0,75.0,1009.9,False,2.2,168
NOR,4,McLaren,47.0,0 days 00:01:38.157000,2.0,HARD,27.0,0 days 02:23:03.133000,12,True,29.5,35.0,75.0,1009.9,False,2.2,168
LEC,16,Ferrari,47.0,0 days 00:01:38.403000,2.0,HARD,27.0,0 days 02:23:06.100000,12,True,29.5,35.0,75.0,1009.9,False,2.2,168
RUS,63,Mercedes,47.0,0 days 00:01:36.419000,3.0,MEDIUM,3.0,0 days 02:23:17.553000,12,True,29.5,35.0,75.0,1009.9,False,2.2,168
HAM,44,Mercedes,47.0,0 days 00:01:35.867000,3.0,MEDIUM,3.0,0 days 02:23:22.619000,12,True,29.5,35.0,75.0,1009.9,False,2.2,168
GAS,10,Alpine,47.0,0 days 00:01:38.568000,2.0,HARD,27.0,0 days 02:23:30.438000,12,True,29.5,35.0,75.0,1009.9,False,2.2,168
PIA,81,McLaren,47.0,0 days 00:01:38.889000,2.0,HARD,27.0,0 days 02:23:33.602000,12,True,29.5,35.0,75.0,1009.9,False,2.2,168
LAW,40,AlphaTauri,47.0,0 days 00:01:39.028000,2.0,HARD,27.0,0 days 02:23:36.550000,12,True,29.5,35.0,75.0,1009.9,False,2.2,168
HUL,27,Haas F1 Team,47.0,0 days 00:01:39.971000,2.0,HARD,27.0,0 days 02:23:39.656000,12,True,29.5,35.0,75.0,1009.9,False,2.2,168
ZHO,24,Alfa Romeo,47.0,0 days 00:01:40.485000,3.0,MEDIUM,27.0,0 days 02:23:41.643000,12,True,29.5,35.0,75.0,1009.9,False,2.2,168
VER,1,Red Bull Racing,47.0,0 days 00:01:38.090000,2.0,MEDIUM,7.0,0 days 02:23:42.523000,12,True,29.5,35.0,75.0,1009.9,False,2.2,168
ALB,23,Williams,47.0,0 days 00:01:38.047000,3.0,MEDIUM,4.0,0 days 02:23:52.600000,21,True,29.5,35.0,75.0,1009.9,False,2.2,168
PER,11,Red Bull Racing,47.0,0 days 00:01:38.235000,2.0,MEDIUM,8.0,0 days 02:23:53.695000,21,True,29.5,35.0,75.0,1009.9,False,2.2,168
MAG,20,Haas F1 Team,47.0,0 days 00:01:39.742000,3.0,SOFT,7.0,0 days 02:24:09.679000,1,True,29.5,34.9,75.0,1009.9,False,2.2,181
BOT,77,Alfa Romeo,47.0,0 days 00:01:38.729000,2.0,MEDIUM,7.0,0 days 02:24:13.720000,1,True,29.5,34.9,75.0,1009.9,False,2.2,181
SAR,2,Williams,47.0,0 days 00:01:38.589000,3.0,MEDIUM,4.0,0 days 02:24:15.990000,1,True,29.5,34.9,75.0,1009.9,False,2.2,181
ALO,14,Aston Martin,47.0,0 days 00:01:36.456000,3.0,SOFT,5.0,0 days 02:24:26.324000,1,True,29.5,34.9,75.0,1009.9,False,2.2,181
SAI,55,Ferrari,48.0,0 days 00:01:38.200000,2.0,HARD,28.0,0 days 02:24:39.289000,1,True,29.5,34.9,75.0,1009.9,False,2.2,181
NOR,4,McLaren,48.0,0 days 00:01:38.049000,2.0,HARD,28.0,0 days 02:24:41.290000,1,True,29.5,34.9,75.0,1009.9,False,2.2,181
LEC,16,Ferrari,48.0,0 days 00:01:38.496000,2.0,HARD,28.0,0 days 02:24:44.503000,1,True,29.5,34.9,75.0,1009.9,False,2.2,181
RUS,63,Mercedes,48.0,0 days 00:01:36.649000,3.0,MEDIUM,4.0,0 days 02:24:53.972000,1,True,29.5,34.9,75.0,1009.9,False,2.2,181
HAM,44,Mercedes,48.0,0 days 00:01:36.122000,3.0,MEDIUM,4.0,0 days 02:24:58.486000,1,True,29.5,34.9,75.0,1009.9,False,1.6,173
GAS,10,Alpine,48.0,0 days 00:01:38.548000,2.0,HARD,28.0,0 days 02:25:09.006000,1,True,29.5,34.9,75.0,1009.9,False,1.6,173
PIA,81,McLaren,48.0,0 days 00:01:38.647000,2.0,HARD,28.0,0 days 02:25:12.491000,1,True,29.5,34.9,75.0,1009.9,False,1.6,173
LAW,40,AlphaTauri,48.0,0 days 00:01:39.386000,2.0,HARD,28.0,0 days 02:25:15.578000,1,True,29.5,34.9,75.0,1009.9,False,1.6,173
HUL,27,Haas F1 Team,48.0,0 days 00:01:40.789000,2.0,HARD,28.0,0 days 02:25:19.627000,1,True,29.5,34.9,75.0,1009.9,False,1.6,173
VER,1,Red Bull Racing,48.0,0 days 00:01:38.333000,2.0,MEDIUM,8.0,0 days 02:25:20.613000,1,True,29.5,34.9,75.0,1009.9,False,1.6,173
ZHO,24,Alfa Romeo,48.0,0 days 00:01:39.790000,3.0,MEDIUM,28.0,0 days 02:25:22.128000,1,True,29.5,34.9,75.0,1009.9,False,1.6,173
ALB,23,Williams,48.0,0 days 00:01:37.992000,3.0,MEDIUM,5.0,0 days 02:25:30.647000,1,True,29.5,34.9,75.0,1009.9,False,1.6,173
PER,11,Red Bull Racing,48.0,0 days 00:01:38.351000,2.0,MEDIUM,9.0,0 days 02:25:31.930000,1,True,29.5,34.9,75.0,1009.9,False,1.6,173
MAG,20,Haas F1 Team,48.0,0 days 00:01:38.107000,3.0,SOFT,8.0,0 days 02:25:49.421000,1,True,29.5,34.9,75.0,1009.9,False,1.6,173
BOT,77,Alfa Romeo,48.0,0 days 00:01:38.573000,2.0,MEDIUM,8.0,0 days 02:25:52.449000,1,True,29.5,34.9,75.0,1009.9,False,1.6,173
SAR,2,Williams,48.0,0 days 00:01:38.711000,3.0,MEDIUM,5.0,0 days 02:25:54.579000,1,True,29.6,34.8,75.0,1009.9,False,1.7,167
ALO,14,Aston Martin,48.0,0 days 00:01:39.790000,3.0,SOFT,6.0,0 days 02:26:02.780000,1,True,29.6,34.8,75.0,1009.9,False,1.7,167
SAI,55,Ferrari,49.0,0 days 00:01:38.221000,2.0,HARD,29.0,0 days 02:26:17.489000,1,True,29.6,34.8,75.0,1009.9,False,1.7,167
NOR,4,McLaren,49.0,0 days 00:01:38.173000,2.0,HARD,29.0,0 days 02:26:19.339000,1,True,29.6,34.8,75.0,1009.9,False,1.7,167
LEC,16,Ferrari,49.0,0 days 00:01:38.453000,2.0,HARD,29.0,0 days 02:26:22.999000,1,True,29.6,34.8,75.0,1009.9,False,1.7,167
RUS,63,Mercedes,49.0,0 days 00:01:36.569000,3.0,MEDIUM,5.0,0 days 02:26:30.621000,1,True,29.6,34.8,75.0,1009.9,False,1.7,167
HAM,44,Mercedes,49.0,0 days 00:01:36.220000,3.0,MEDIUM,5.0,0 days 02:26:34.608000,1,True,29.6,34.8,75.0,1009.9,False,1.7,167
GAS,10,Alpine,49.0,0 days 00:01:38.634000,2.0,HARD,29.0,0 days 02:26:47.554000,1,True,29.6,34.8,75.0,1009.9,False,1.7,167
PIA,81,McLaren,49.0,0 days 00:01:39.008000,2.0,HARD,29.0,0 days 02:26:51.138000,1,True,29.6,34.8,75.0,1009.9,False,1.7,167
LAW,40,AlphaTauri,49.0,0 days 00:01:39.783000,2.0,HARD,29.0,0 days 02:26:54.964000,1,True,29.5,35.0,75.0,1010.0,False,1.8,161
VER,1,Red Bull Racing,49.0,0 days 00:01:37.085000,2.0,MEDIUM,9.0,0 days 02:26:58.946000,1,True,29.5,35.0,75.0,1010.0,False,1.8,161
HUL,27,Haas F1 Team,49.0,0 days 00:01:40.650000,2.0,HARD,29.0,0 days 02:27:00.416000,1,True,29.5,35.0,75.0,1010.0,False,1.8,161
ZHO,24,Alfa Romeo,49.0,0 days 00:01:40.042000,3.0,MEDIUM,29.0,0 days 02:27:01.918000,1,True,29.5,35.0,75.0,1010.0,False,1.8,161
ALB,23,Williams,49.0,0 days 00:01:38.019000,3.0,MEDIUM,6.0,0 days 02:27:08.639000,1,True,29.5,35.0,75.0,1010.0,False,1.8,161
PER,11,Red Bull Racing,49.0,0 days 00:01:38.010000,2.0,MEDIUM,10.0,0 days 02:27:10.281000,1,True,29.5,35.0,75.0,1010.0,False,1.8,161
MAG,20,Haas F1 Team,49.0,0 days 00:01:38.367000,3.0,SOFT,9.0,0 days 02:27:27.528000,1,True,29.5,35.0,75.0,1010.0,False,1.8,161
BOT,77,Alfa Romeo,49.0,0 days 00:01:38.525000,2.0,MEDIUM,9.0,0 days 02:27:31.022000,1,True,29.5,35.0,75.0,1010.0,False,1.8,161
SAR,2,Williams,49.0,0 days 00:01:38.690000,3.0,MEDIUM,6.0,0 days 02:27:33.290000,1,True,29.5,35.0,75.0,1010.0,False,1.8,161
ALO,14,Aston Martin,49.0,0 days 00:01:38.787000,3.0,SOFT,7.0,0 days 02:27:42.570000,1,True,29.5,35.0,75.0,1010.0,False,1.8,161
SAI,55,Ferrari,50.0,0 days 00:01:38.637000,2.0,HARD,30.0,0 days 02:27:55.710000,1,True,29.6,34.9,75.0,1010.0,False,1.8,134
NOR,4,McLaren,50.0,0 days 00:01:38.148000,2.0,HARD,30.0,0 days 02:27:57.512000,1,True,29.6,34.9,75.0,1010.0,False,1.8,134
LEC,16,Ferrari,50.0,0 days 00:01:38.439000,2.0,HARD,30.0,0 days 02:28:01.452000,1,True,29.6,34.9,75.0,1010.0,False,1.8,134
RUS,63,Mercedes,50.0,0 days 00:01:37.006000,3.0,MEDIUM,6.0,0 days 02:28:07.190000,1,True,29.6,34.9,75.0,1010.0,False,1.8,134
HAM,44,Mercedes,50.0,0 days 00:01:36.462000,3.0,MEDIUM,6.0,0 days 02:28:10.828000,1,True,29.6,34.9,75.0,1010.0,False,1.8,134
GAS,10,Alpine,50.0,0 days 00:01:38.688000,2.0,HARD,30.0,0 days 02:28:26.188000,1,True,29.6,34.9,75.0,1010.0,False,1.8,134
PIA,81,McLaren,50.0,0 days 00:01:38.832000,2.0,HARD,30.0,0 days 02:28:30.146000,1,True,29.6,34.9,75.0,1010.0,False,1.8,134
LAW,40,AlphaTauri,50.0,0 days 00:01:41.093000,2.0,HARD,30.0,0 days 02:28:34.747000,1,True,29.6,34.9,75.0,1010.0,False,1.8,134
VER,1,Red Bull Racing,50.0,0 days 00:01:39.006000,2.0,MEDIUM,10.0,0 days 02:28:36.031000,1,True,29.6,34.9,75.0,1010.0,False,1.8,134
HUL,27,Haas F1 Team,50.0,0 days 00:01:39.923000,2.0,HARD,30.0,0 days 02:28:41.066000,1,True,29.6,34.9,75.0,1010.0,False,1.8,134
ZHO,24,Alfa Romeo,50.0,0 days 00:01:39.818000,3.0,MEDIUM,30.0,0 days 02:28:41.960000,1,True,29.6,34.9,75.0,1010.0,False,1.8,134
ALB,23,Williams,50.0,0 days 00:01:38.122000,3.0,MEDIUM,7.0,0 days 02:28:46.658000,1,True,29.6,34.9,75.0,1010.0,False,1.8,134
PER,11,Red Bull Racing,50.0,0 days 00:01:37.799000,2.0,MEDIUM,11.0,0 days 02:28:48.291000,1,True,29.6,34.9,75.0,1010.0,False,1.8,134
MAG,20,Haas F1 Team,50.0,0 days 00:01:38.280000,3.0,SOFT,10.0,0 days 02:29:05.895000,1,True,29.6,35.2,75.0,1010.0,False,1.2,178
BOT,77,Alfa Romeo,50.0,0 days 00:01:38.092000,2.0,MEDIUM,10.0,0 days 02:29:09.547000,1,True,29.6,35.2,75.0,1010.0,False,1.2,178
SAR,2,Williams,50.0,0 days 00:01:38.657000,3.0,MEDIUM,7.0,0 days 02:29:11.980000,1,True,29.6,35.2,75.0,1010.0,False,1.2,178
ALO,14,Aston Martin,50.0,0 days 00:01:38.088000,3.0,SOFT,8.0,0 days 02:29:21.357000,1,True,29.6,35.2,75.0,1010.0,False,1.2,178
SAI,55,Ferrari,51.0,0 days 00:01:38.040000,2.0,HARD,31.0,0 days 02:29:34.347000,1,True,29.6,35.2,75.0,1010.0,False,1.2,178
NOR,4,McLaren,51.0,0 days 00:01:38.124000,2.0,HARD,31.0,0 days 02:29:35.660000,1,True,29.6,35.2,75.0,1010.0,False,1.2,178
LEC,16,Ferrari,51.0,0 days 00:01:38.803000,2.0,HARD,31.0,0 days 02:29:39.891000,1,True,29.6,35.2,75.0,1010.0,False,1.2,178
RUS,63,Mercedes,51.0,0 days 00:01:36.757000,3.0,MEDIUM,7.0,0 days 02:29:44.196000,1,True,29.6,35.2,75.0,1010.0,False,1.2,178
HAM,44,Mercedes,51.0,0 days 00:01:36.479000,3.0,MEDIUM,7.0,0 days 02:29:47.290000,1,True,29.6,35.2,75.0,1010.0,False,1.2,178
GAS,10,Alpine,51.0,0 days 00:01:38.525000,2.0,HARD,31.0,0 days 02:30:04.876000,1,True,29.6,35.2,75.0,1010.0,False,1.8,156
PIA,81,McLaren,51.0,0 days 00:01:38.656000,2.0,HARD,31.0,0 days 02:30:08.978000,1,True,29.6,35.2,75.0,1010.0,False,1.8,156
VER,1,Red Bull Racing,51.0,0 days 00:01:37.144000,2.0,MEDIUM,11.0,0 days 02:30:15.037000,1,True,29.6,35.2,75.0,1010.0,False,1.8,156
LAW,40,AlphaTauri,51.0,0 days 00:01:40.801000,2.0,HARD,31.0,0 days 02:30:15.840000,1,True,29.6,35.2,75.0,1010.0,False,1.8,156
HUL,27,Haas F1 Team,51.0,0 days 00:01:40.729000,2.0,HARD,31.0,0 days 02:30:20.989000,1,True,29.6,35.2,75.0,1010.0,False,1.8,156
ZHO,24,Alfa Romeo,51.0,0 days 00:01:40.482000,3.0,MEDIUM,31.0,0 days 02:30:21.778000,1,True,29.6,35.2,75.0,1010.0,False,1.8,156
ALB,23,Williams,51.0,0 days 00:01:38.213000,3.0,MEDIUM,8.0,0 days 02:30:24.780000,1,True,29.6,35.2,75.0,1010.0,False,1.8,156
PER,11,Red Bull Racing,51.0,0 days 00:01:38.116000,2.0,MEDIUM,12.0,0 days 02:30:26.090000,1,True,29.6,35.2,75.0,1010.0,False,1.8,156
MAG,20,Haas F1 Team,51.0,0 days 00:01:38.215000,3.0,SOFT,11.0,0 days 02:30:44.175000,1,True,29.6,35.2,75.0,1010.0,False,1.8,156
BOT,77,Alfa Romeo,51.0,0 days 00:01:38.075000,2.0,MEDIUM,11.0,0 days 02:30:47.639000,1,True,29.6,35.2,75.0,1010.0,False,1.8,156
SAR,2,Williams,51.0,0 days 00:01:38.620000,3.0,MEDIUM,8.0,0 days 02:30:50.637000,1,True,29.6,35.2,75.0,1010.0,False,1.8,156
ALO,14,Aston Martin,51.0,0 days 00:01:38.463000,3.0,SOFT,9.0,0 days 02:30:59.445000,1,True,29.6,35.6,75.0,1010.0,False,1.7,178
SAI,55,Ferrari,52.0,0 days 00:01:38.218000,2.0,HARD,32.0,0 days 02:31:12.387000,1,True,29.6,35.6,75.0,1010.0,False,1.7,178
NOR,4,McLaren,52.0,0 days 00:01:38.250000,2.0,HARD,32.0,0 days 02:31:13.784000,1,True,29.6,35.6,75.0,1010.0,False,1.7,178
LEC,16,Ferrari,52.0,0 days 00:01:38.848000,2.0,HARD,32.0,0 days 02:31:18.694000,1,True,29.6,35.6,75.0,1010.0,False,1.7,178
RUS,63,Mercedes,52.0,0 days 00:01:37.414000,3.0,MEDIUM,8.0,0 days 02:31:20.953000,1,True,29.6,35.6,75.0,1010.0,False,1.7,178
HAM,44,Mercedes,52.0,0 days 00:01:36.555000,3.0,MEDIUM,8.0,0 days 02:31:23.769000,1,True,29.6,35.6,75.0,1010.0,False,1.7,178
GAS,10,Alpine,52.0,0 days 00:01:38.755000,2.0,HARD,32.0,0 days 02:31:43.401000,1,True,29.6,35.6,75.0,1010.0,False,1.7,178
PIA,81,McLaren,52.0,0 days 00:01:38.793000,2.0,HARD,32.0,0 days 02:31:47.634000,1,True,29.6,35.6,75.0,1010.0,False,1.7,178
VER,1,Red Bull Racing,52.0,0 days 00:01:36.835000,2.0,MEDIUM,12.0,0 days 02:31:52.181000,1,True,29.6,35.6,75.0,1010.0,False,1.7,178
LAW,40,AlphaTauri,52.0,0 days 00:01:39.950000,2.0,HARD,32.0,0 days 02:31:56.641000,1,True,29.7,35.3,75.0,1010.0,False,1.7,180
HUL,27,Haas F1 Team,52.0,0 days 00:01:40.946000,2.0,HARD,32.0,0 days 02:32:01.718000,12,True,29.7,35.3,75.0,1010.0,False,1.7,180
ZHO,24,Alfa Romeo,52.0,0 days 00:01:43.708000,3.0,MEDIUM,32.0,0 days 02:32:02.260000,12,True,29.7,35.3,75.0,1010.0,False,1.7,180
ALB,23,Williams,52.0,0 days 00:01:40.048000,3.0,MEDIUM,9.0,0 days 02:32:02.993000,12,True,29.7,35.3,75.0,1010.0,False,1.7,180
PER,11,Red Bull Racing,52.0,0 days 00:01:39.858000,2.0,MEDIUM,13.0,0 days 02:32:04.206000,12,True,29.7,35.3,75.0,1010.0,False,1.7,180
MAG,20,Haas F1 Team,52.0,0 days 00:01:38.407000,3.0,SOFT,12.0,0 days 02:32:22.390000,12,True,29.7,35.3,75.0,1010.0,False,1.7,180
BOT,77,Alfa Romeo,52.0,,2.0,MEDIUM,12.0,0 days 02:32:25.714000,12,False,29.7,35.3,75.0,1010.0,False,1.7,180
SAR,2,Williams,52.0,0 days 00:01:38.812000,3.0,MEDIUM,9.0,0 days 02:32:29.257000,12,True,29.7,35.3,75.0,1010.0,False,1.7,180
ALO,14,Aston Martin,52.0,0 days 00:01:37.943000,3.0,SOFT,10.0,0 days 02:32:37.908000,12,True,29.7,35.3,75.0,1010.0,False,1.7,180
SAI,55,Ferrari,53.0,0 days 00:01:38.327000,2.0,HARD,33.0,0 days 02:32:50.605000,12,True,29.7,35.3,75.0,1010.0,False,1.7,180
NOR,4,McLaren,53.0,0 days 00:01:38.392000,2.0,HARD,33.0,0 days 02:32:52.034000,12,True,29.7,35.3,75.0,1010.0,False,1.7,180
LEC,16,Ferrari,53.0,0 days 00:01:40.213000,2.0,HARD,33.0,0 days 02:32:57.542000,12,True,29.6,34.9,75.0,1010.0,False,2.2,164
RUS,63,Mercedes,53.0,0 days 00:01:38.567000,3.0,MEDIUM,9.0,0 days 02:32:58.367000,12,True,29.6,34.9,75.0,1010.0,False,2.2,164
HAM,44,Mercedes,53.0,0 days 00:01:37.698000,3.0,MEDIUM,9.0,0 days 02:33:00.324000,12,True,29.6,34.9,75.0,1010.0,False,2.2,164
GAS,10,Alpine,53.0,0 days 00:01:38.718000,2.0,HARD,33.0,0 days 02:33:22.156000,12,True,29.6,34.9,75.0,1010.0,False,2.2,164
PIA,81,McLaren,53.0,0 days 00:01:38.773000,2.0,HARD,33.0,0 days 02:33:26.427000,12,True,29.6,34.9,75.0,1010.0,False,2.2,164
VER,1,Red Bull Racing,53.0,0 days 00:01:37.132000,2.0,MEDIUM,13.0,0 days 02:33:29.016000,12,True,29.6,34.9,75.0,1010.0,False,2.2,164
LAW,40,AlphaTauri,53.0,0 days 00:01:39.996000,2.0,HARD,33.0,0 days 02:33:36.591000,12,True,29.6,34.9,75.0,1010.0,False,2.2,164
HUL,27,Haas F1 Team,53.0,0 days 00:01:43.808000,2.0,HARD,33.0,0 days 02:33:42.664000,21,True,29.6,34.9,75.0,1010.0,False,2.2,164
ALB,23,Williams,53.0,0 days 00:01:39.613000,3.0,MEDIUM,10.0,0 days 02:33:43.041000,21,True,29.6,34.9,75.0,1010.0,False,2.2,164
PER,11,Red Bull Racing,53.0,0 days 00:01:39.320000,2.0,MEDIUM,14.0,0 days 02:33:44.064000,21,True,29.6,34.9,75.0,1010.0,False,2.2,164
ZHO,24,Alfa Romeo,53.0,0 days 00:01:41.753000,3.0,MEDIUM,33.0,0 days 02:33:45.968000,1,True,29.6,34.9,75.0,1010.0,False,2.2,164
MAG,20,Haas F1 Team,53.0,0 days 00:01:38.693000,3.0,SOFT,13.0,0 days 02:34:00.797000,1,True,29.6,34.8,75.0,1010.0,False,2.0,162
SAR,2,Williams,53.0,0 days 00:01:38.983000,3.0,MEDIUM,10.0,0 days 02:34:08.069000,1,True,29.6,34.8,75.0,1010.0,False,2.0,162
ALO,14,Aston Martin,53.0,0 days 00:01:38.559000,3.0,SOFT,11.0,0 days 02:34:15.851000,1,True,29.6,34.8,75.0,1010.0,False,2.0,162
SAI,55,Ferrari,54.0,0 days 00:01:38.707000,2.0,HARD,34.0,0 days 02:34:28.932000,1,True,29.6,34.8,75.0,1010.0,False,2.0,162
NOR,4,McLaren,54.0,0 days 00:01:38.423000,2.0,HARD,34.0,0 days 02:34:30.426000,1,True,29.6,34.8,75.0,1010.0,False,2.0,162
RUS,63,Mercedes,54.0,0 days 00:01:37.396000,3.0,MEDIUM,10.0,0 days 02:34:36.934000,1,True,29.6,34.8,75.0,1010.0,False,2.0,162
LEC,16,Ferrari,54.0,0 days 00:01:41.831000,2.0,HARD,34.0,0 days 02:34:37.755000,1,True,29.6,34.8,75.0,1010.0,False,2.0,162
HAM,44,Mercedes,54.0,0 days 00:01:37.924000,3.0,MEDIUM,10.0,0 days 02:34:38.022000,1,True,29.6,34.8,75.0,1010.0,False,2.0,162
GAS,10,Alpine,54.0,0 days 00:01:38.844000,2.0,HARD,34.0,0 days 02:35:00.874000,1,True,29.6,34.6,75.0,1010.0,False,1.5,172
PIA,81,McLaren,54.0,0 days 00:01:40.546000,2.0,HARD,34.0,0 days 02:35:05.200000,1,True,29.6,34.6,75.0,1010.0,False,1.5,172
VER,1,Red Bull Racing,54.0,0 days 00:01:38.196000,2.0,MEDIUM,14.0,0 days 02:35:06.148000,1,True,29.6,34.6,75.0,1010.0,False,1.5,172
LAW,40,AlphaTauri,54.0,0 days 00:01:39.884000,2.0,HARD,34.0,0 days 02:35:16.587000,1,True,29.6,34.6,75.0,1010.0,False,1.5,172
ALB,23,Williams,54.0,0 days 00:01:38.226000,3.0,MEDIUM,11.0,0 days 02:35:22.654000,1,True,29.6,34.6,75.0,1010.0,False,1.5,172
PER,11,Red Bull Racing,54.0,0 days 00:01:38.386000,2.0,MEDIUM,15.0,0 days 02:35:23.384000,1,True,29.6,34.6,75.0,1010.0,False,1.5,172
HUL,27,Haas F1 Team,54.0,0 days 00:01:41.918000,2.0,HARD,34.0,0 days 02:35:26.472000,1,True,29.6,34.6,75.0,1010.0,False,1.5,172
ZHO,24,Alfa Romeo,54.0,0 days 00:01:41.708000,3.0,MEDIUM,34.0,0 days 02:35:27.721000,1,True,29.6,34.6,75.0,1010.0,False,1.5,172
MAG,20,Haas F1 Team,54.0,0 days 00:01:38.495000,3.0,SOFT,14.0,0 days 02:35:39.490000,1,True,29.6,34.6,75.0,1010.0,False,1.5,172
SAR,2,Williams,54.0,0 days 00:01:38.933000,3.0,MEDIUM,11.0,0 days 02:35:47.052000,1,True,29.6,34.6,75.0,1010.0,False,1.5,172
ALO,14,Aston Martin,54.0,0 days 00:01:38.179000,3.0,SOFT,12.0,0 days 02:35:54.410000,1,True,29.6,34.6,76.0,1009.9,False,1.3,174
SAI,55,Ferrari,55.0,0 days 00:01:38.541000,2.0,HARD,35.0,0 days 02:36:07.639000,1,True,29.6,34.6,76.0,1009.9,False,1.3,174
NOR,4,McLaren,55.0,0 days 00:01:38.492000,2.0,HARD,35.0,0 days 02:36:08.849000,1,True,29.6,34.6,76.0,1009.9,False,1.3,174
RUS,63,Mercedes,55.0,0 days 00:01:36.937000,3.0,MEDIUM,11.0,0 days 02:36:14.330000,1,True,29.6,34.6,76.0,1009.9,False,1.3,174
HAM,44,Mercedes,55.0,0 days 00:01:37.221000,3.0,MEDIUM,11.0,0 days 02:36:15.946000,1,True,29.6,34.6,76.0,1009.9,False,1.3,174
LEC,16,Ferrari,55.0,0 days 00:01:40.617000,2.0,HARD,35.0,0 days 02:36:19.586000,1,True,29.6,34.6,76.0,1009.9,False,1.3,174
GAS,10,Alpine,55.0,0 days 00:01:39.373000,2.0,HARD,35.0,0 days 02:36:39.718000,1,True,29.6,34.6,76.0,1009.9,False,1.3,174
VER,1,Red Bull Racing,55.0,0 days 00:01:36.899000,2.0,MEDIUM,15.0,0 days 02:36:44.344000,1,True,29.6,34.6,76.0,1009.9,False,1.3,174
PIA,81,McLaren,55.0,0 days 00:01:40.108000,2.0,HARD,35.0,0 days 02:36:45.746000,1,True,29.6,34.6,76.0,1009.9,False,1.3,174
LAW,40,AlphaTauri,55.0,0 days 00:01:39.803000,2.0,HARD,35.0,0 days 02:36:56.471000,1,True,29.5,34.8,76.0,1010.0,False,1.8,157
ALB,23,Williams,55.0,0 days 00:01:37.656000,3.0,MEDIUM,12.0,0 days 02:37:00.880000,1,True,29.5,34.8,76.0,1010.0,False,1.8,157
PER,11,Red Bull Racing,55.0,0 days 00:01:37.746000,2.0,MEDIUM,16.0,0 days 02:37:01.770000,1,True,29.5,34.8,76.0,1010.0,False,1.8,157
HUL,27,Haas F1 Team,55.0,0 days 00:01:41.160000,2.0,HARD,35.0,0 days 02:37:08.390000,1,True,29.5,34.8,76.0,1010.0,False,1.8,157
ZHO,24,Alfa Romeo,55.0,0 days 00:01:40.798000,3.0,MEDIUM,35.0,0 days 02:37:09.429000,1,True,29.5,34.8,76.0,1010.0,False,1.8,157
MAG,20,Haas F1 Team,55.0,0 days 00:01:38.290000,3.0,SOFT,15.0,0 days 02:37:17.985000,1,True,29.5,34.8,76.0,1010.0,False,1.8,157
SAR,2,Williams,55.0,0 days 00:01:38.858000,3.0,MEDIUM,12.0,0 days 02:37:25.985000,1,True,29.5,34.8,76.0,1010.0,False,1.8,157
ALO,14,Aston Martin,55.0,0 days 00:01:38.012000,3.0,SOFT,13.0,0 days 02:37:32.589000,1,True,29.5,34.8,76.0,1010.0,False,1.8,157
SAI,55,Ferrari,56.0,0 days 00:01:38.520000,2.0,HARD,36.0,0 days 02:37:46.180000,1,True,29.5,34.8,76.0,1010.0,False,1.8,157
NOR,4,McLaren,56.0,0 days 00:01:38.473000,2.0,HARD,36.0,0 days 02:37:47.341000,1,True,29.5,34.8,76.0,1010.0,False,1.8,157
RUS,63,Mercedes,56.0,0 days 00:01:37.029000,3.0,MEDIUM,12.0,0 days 02:37:51.267000,1,True,29.5,34.8,76.0,1010.0,False,1.8,157
HAM,44,Mercedes,56.0,0 days 00:01:36.411000,3.0,MEDIUM,12.0,0 days 02:37:53.167000,1,True,29.5,34.8,76.0,1010.0,False,1.8,157
LEC,16,Ferrari,56.0,0 days 00:01:40.298000,2.0,HARD,36.0,0 days 02:38:00.203000,1,True,29.5,34.8,76.0,1010.0,False,1.8,167
GAS,10,Alpine,56.0,0 days 00:01:39.292000,2.0,HARD,36.0,0 days 02:38:19.091000,1,True,29.5,34.8,76.0,1010.0,False,1.8,167
VER,1,Red Bull Racing,56.0,0 days 00:01:37.519000,2.0,MEDIUM,16.0,0 days 02:38:21.243000,1,True,29.5,34.8,76.0,1010.0,False,1.8,167
PIA,81,McLaren,56.0,0 days 00:01:39.141000,2.0,HARD,36.0,0 days 02:38:25.854000,1,True,29.5,34.8,76.0,1010.0,False,1.8,167
LAW,40,AlphaTauri,56.0,0 days 00:01:39.962000,2.0,HARD,36.0,0 days 02:38:36.274000,1,True,29.5,34.8,76.0,1010.0,False,1.8,167
ALB,23,Williams,56.0,0 days 00:01:38.387000,3.0,MEDIUM,13.0,0 days 02:38:38.536000,1,True,29.5,34.8,76.0,1010.0,False,1.8,167
PER,11,Red Bull Racing,56.0,0 days 00:01:38.016000,2.0,MEDIUM,17.0,0 days 02:38:39.516000,1,True,29.5,34.8,76.0,1010.0,False,1.8,167
HUL,27,Haas F1 Team,56.0,0 days 00:01:41.285000,2.0,HARD,36.0,0 days 02:38:49.550000,1,True,29.5,34.8,76.0,1010.0,False,1.8,167
ZHO,24,Alfa Romeo,56.0,0 days 00:01:41.215000,3.0,MEDIUM,36.0,0 days 02:38:50.227000,1,True,29.5,34.8,76.0,1010.0,False,1.8,167
MAG,20,Haas F1 Team,56.0,0 days 00:01:38.567000,3.0,SOFT,16.0,0 days 02:38:56.275000,1,True,29.5,34.8,76.0,1010.0,False,1.7,177
SAR,2,Williams,56.0,0 days 00:01:38.881000,3.0,MEDIUM,13.0,0 days 02:39:04.843000,1,True,29.5,34.8,76.0,1010.0,False,1.7,177
ALO,14,Aston Martin,56.0,0 days 00:01:38.436000,3.0,SOFT,14.0,0 days 02:39:10.601000,1,True,29.5,34.8,76.0,1010.0,False,1.7,177
SAI,55,Ferrari,57.0,0 days 00:01:38.909000,2.0,HARD,37.0,0 days 02:39:24.700000,1,True,29.5,34.8,76.0,1010.0,False,1.7,177
NOR,4,McLaren,57.0,0 days 00:01:38.617000,2.0,HARD,37.0,0 days 02:39:25.814000,1,True,29.5,34.8,76.0,1010.0,False,1.7,177
RUS,63,Mercedes,57.0,0 days 00:01:37.246000,3.0,MEDIUM,13.0,0 days 02:39:28.296000,1,True,29.5,34.8,76.0,1010.0,False,1.7,177
HAM,44,Mercedes,57.0,0 days 00:01:37.111000,3.0,MEDIUM,13.0,0 days 02:39:29.578000,1,True,29.5,34.8,76.0,1010.0,False,1.7,177
LEC,16,Ferrari,57.0,0 days 00:01:40.043000,2.0,HARD,37.0,0 days 02:39:40.501000,1,True,29.5,34.8,76.0,1010.0,False,1.7,177
GAS,10,Alpine,57.0,0 days 00:01:40.874000,2.0,HARD,37.0,0 days 02:39:58.383000,1,True,29.6,34.8,76.0,1010.0,False,2.0,179
VER,1,Red Bull Racing,57.0,0 days 00:01:39.299000,2.0,MEDIUM,17.0,0 days 02:39:58.762000,1,True,29.6,34.8,76.0,1010.0,False,2.0,179
PIA,81,McLaren,57.0,0 days 00:01:39.140000,2.0,HARD,37.0,0 days 02:40:04.995000,1,True,29.6,34.8,76.0,1010.0,False,2.0,179
LAW,40,AlphaTauri,57.0,0 days 00:01:41.698000,2.0,HARD,37.0,0 days 02:40:16.236000,1,True,29.6,34.8,76.0,1010.0,False,2.0,179
ALB,23,Williams,57.0,0 days 00:01:41.555000,3.0,MEDIUM,14.0,0 days 02:40:16.923000,1,True,29.6,34.8,76.0,1010.0,False,2.0,179
PER,11,Red Bull Racing,57.0,0 days 00:01:41.365000,2.0,MEDIUM,18.0,0 days 02:40:17.532000,1,True,29.6,34.8,76.0,1010.0,False,2.0,179
HUL,27,Haas F1 Team,57.0,0 days 00:01:41.410000,2.0,HARD,37.0,0 days 02:40:30.835000,1,True,29.6,34.8,76.0,1010.0,False,2.0,179
ZHO,24,Alfa Romeo,57.0,0 days 00:01:41.419000,3.0,MEDIUM,37.0,0 days 02:40:31.442000,1,True,29.6,34.8,76.0,1010.0,False,2.0,179
MAG,20,Haas F1 Team,57.0,0 days 00:01:38.954000,3.0,SOFT,17.0,0 days 02:40:34.842000,1,True,29.6,34.8,76.0,1010.0,False,2.0,179
SAR,2,Williams,57.0,0 days 00:01:39.171000,3.0,MEDIUM,14.0,0 days 02:40:43.724000,1,True,29.6,34.8,76.0,1010.0,False,2.0,179
ALO,14,Aston Martin,57.0,0 days 00:01:38.303000,3.0,SOFT,15.0,0 days 02:40:49.037000,1,True,29.6,34.8,76.0,1010.0,False,2.0,179
SAI,55,Ferrari,58.0,0 days 00:01:39.337000,2.0,HARD,38.0,0 days 02:41:03.609000,1,True,29.6,34.8,76.0,1010.0,False,1.7,173
NOR,4,McLaren,58.0,0 days 00:01:39.160000,2.0,HARD,38.0,0 days 02:41:04.431000,1,True,29.6,34.8,76.0,1010.0,False,1.7,173
RUS,63,Mercedes,58.0,0 days 00:01:38.686000,3.0,MEDIUM,14.0,0 days 02:41:05.542000,1,True,29.6,34.8,76.0,1010.0,False,1.7,173
HAM,44,Mercedes,58.0,0 days 00:01:37.982000,3.0,MEDIUM,14.0,0 days 02:41:06.689000,1,True,29.6,34.8,76.0,1010.0,False,1.7,173
LEC,16,Ferrari,58.0,0 days 00:01:40.222000,2.0,HARD,38.0,0 days 02:41:20.544000,1,True,29.6,34.8,76.0,1010.0,False,1.7,173
VER,1,Red Bull Racing,58.0,0 days 00:01:36.912000,2.0,MEDIUM,18.0,0 days 02:41:38.061000,12,True,29.6,34.8,76.0,1010.0,False,1.7,173
GAS,10,Alpine,58.0,0 days 00:01:39.658000,2.0,HARD,38.0,0 days 02:41:39.257000,12,True,29.6,34.8,76.0,1010.0,False,1.7,173
PIA,81,McLaren,58.0,0 days 00:01:39.516000,2.0,HARD,38.0,0 days 02:41:44.135000,12,True,29.6,34.8,76.0,1010.0,False,1.7,173
LAW,40,AlphaTauri,58.0,0 days 00:01:41.423000,2.0,HARD,38.0,0 days 02:41:57.934000,12,True,29.5,34.9,76.0,1010.2,False,2.0,160
ALB,23,Williams,58.0,0 days 00:01:57.964000,3.0,MEDIUM,15.0,0 days 02:41:58.478000,12,True,29.5,34.9,76.0,1010.2,False,2.0,160
PER,11,Red Bull Racing,58.0,0 days 00:01:40.912000,2.0,MEDIUM,19.0,0 days 02:41:58.897000,12,True,29.5,34.9,76.0,1010.2,False,2.0,160
HUL,27,Haas F1 Team,58.0,0 days 00:01:42.177000,2.0,HARD,38.0,0 days 02:42:12.245000,12,True,29.5,34.9,76.0,1010.2,False,2.0,160
ZHO,24,Alfa Romeo,58.0,0 days 00:01:42.795000,3.0,MEDIUM,38.0,0 days 02:42:12.861000,12,True,29.5,34.9,76.0,1010.2,False,2.0,160
MAG,20,Haas F1 Team,58.0,0 days 00:01:42.141000,3.0,SOFT,18.0,0 days 02:42:13.796000,12,True,29.5,34.9,76.0,1010.2,False,2.0,160
SAR,2,Williams,58.0,0 days 00:01:40.767000,3.0,MEDIUM,15.0,0 days 02:42:22.895000,12,True,29.5,34.9,76.0,1010.2,False,2.0,160
ALO,14,Aston Martin,58.0,0 days 00:01:38.941000,3.0,SOFT,16.0,0 days 02:42:27.340000,12,True,29.5,34.9,76.0,1010.2,False,2.0,160
SAI,55,Ferrari,59.0,0 days 00:01:39.575000,2.0,HARD,39.0,0 days 02:42:42.946000,12,True,29.5,34.9,76.0,1010.2,False,2.0,160
NOR,4,McLaren,59.0,0 days 00:01:40.416000,2.0,HARD,39.0,0 days 02:42:43.591000,12,True,29.5,34.9,76.0,1010.2,False,2.0,160
RUS,63,Mercedes,59.0,0 days 00:01:40.239000,3.0,MEDIUM,15.0,0 days 02:42:44.228000,12,True,29.5,34.9,76.0,1010.2,False,2.0,160
HAM,44,Mercedes,59.0,0 days 00:01:40.167000,3.0,MEDIUM,15.0,0 days 02:42:44.671000,12,True,29.5,34.9,76.0,1010.2,False,2.0,160
LEC,16,Ferrari,59.0,0 days 00:01:40.545000,2.0,HARD,39.0,0 days 02:43:00.766000,12,True,29.5,35.0,76.0,1010.2,False,2.0,173
VER,1,Red Bull Racing,59.0,0 days 00:01:36.748000,2.0,MEDIUM,19.0,0 days 02:43:14.973000,21,True,29.5,35.0,76.0,1010.2,False,2.0,173
GAS,10,Alpine,59.0,0 days 00:01:39.709000,2.0,HARD,39.0,0 days 02:43:18.915000,21,True,29.5,35.0,76.0,1010.2,False,2.0,173
PIA,81,McLaren,59.0,0 days 00:01:39.428000,2.0,HARD,39.0,0 days 02:43:23.651000,21,True,29.5,35.0,76.0,1010.2,False,2.0,173
LAW,40,AlphaTauri,59.0,0 days 00:01:41.910000,2.0,HARD,39.0,0 days 02:43:39.357000,1,True,29.5,35.0,76.0,1010.2,False,2.0,173
PER,11,Red Bull Racing,59.0,0 days 00:01:42.042000,2.0,MEDIUM,20.0,0 days 02:43:39.809000,1,True,29.5,35.0,76.0,1010.2,False,2.0,173
HUL,27,Haas F1 Team,59.0,0 days 00:01:41.538000,2.0,HARD,39.0,0 days 02:43:54.422000,1,True,29.5,35.2,76.0,1010.0,False,1.5,173
ZHO,24,Alfa Romeo,59.0,0 days 00:01:43.773000,3.0,MEDIUM,39.0,0 days 02:43:55.656000,1,True,29.5,35.2,76.0,1010.0,False,1.5,173
MAG,20,Haas F1 Team,59.0,0 days 00:01:40.398000,3.0,SOFT,19.0,0 days 02:43:55.937000,1,True,29.5,35.2,76.0,1010.0,False,1.5,173
ALB,23,Williams,59.0,0 days 00:01:40.685000,3.0,MEDIUM,16.0,0 days 02:43:56.442000,1,True,29.5,35.2,76.0,1010.0,False,1.5,173
SAR,2,Williams,59.0,0 days 00:01:39.374000,3.0,MEDIUM,16.0,0 days 02:44:03.662000,1,True,29.5,35.2,76.0,1010.0,False,1.5,173
ALO,14,Aston Martin,59.0,0 days 00:01:38.518000,3.0,SOFT,17.0,0 days 02:44:06.281000,1,True,29.5,35.2,76.0,1010.0,False,1.5,173
SAI,55,Ferrari,60.0,0 days 00:01:40.042000,2.0,HARD,40.0,0 days 02:44:22.521000,1,True,29.5,35.2,76.0,1010.0,False,1.5,173
NOR,4,McLaren,60.0,0 days 00:01:39.396000,2.0,HARD,40.0,0 days 02:44:24.007000,1,True,29.5,35.2,76.0,1010.0,False,1.5,173
RUS,63,Mercedes,60.0,0 days 00:01:39.510000,3.0,MEDIUM,16.0,0 days 02:44:24.467000,1,True,29.5,35.2,76.0,1010.0,False,1.5,173
HAM,44,Mercedes,60.0,0 days 00:01:39.772000,3.0,MEDIUM,16.0,0 days 02:44:24.838000,1,True,29.5,35.2,76.0,1010.0,False,1.5,173
LEC,16,Ferrari,60.0,0 days 00:01:40.105000,2.0,HARD,40.0,0 days 02:44:41.311000,1,True,29.5,35.2,76.0,1010.0,False,1.5,173
VER,1,Red Bull Racing,60.0,0 days 00:01:36.758000,2.0,MEDIUM,20.0,0 days 02:44:51.721000,1,True,29.5,35.2,76.0,1010.0,False,1.5,173
GAS,10,Alpine,60.0,0 days 00:01:39.620000,2.0,HARD,40.0,0 days 02:44:58.624000,1,True,29.5,35.1,76.0,1010.2,False,1.8,191
PIA,81,McLaren,60.0,0 days 00:01:39.189000,2.0,HARD,40.0,0 days 02:45:03.079000,1,True,29.5,35.1,76.0,1010.2,False,1.8,191
LAW,40,AlphaTauri,60.0,0 days 00:01:43.089000,2.0,HARD,40.0,0 days 02:45:21.267000,1,True,29.5,35.1,76.0,1010.2,False,1.8,191
PER,11,Red Bull Racing,60.0,0 days 00:01:39.147000,2.0,MEDIUM,21.0,0 days 02:45:21.851000,1,True,29.5,35.1,76.0,1010.2,False,1.8,191
HUL,27,Haas F1 Team,60.0,0 days 00:01:44.766000,2.0,HARD,40.0,0 days 02:45:35.960000,1,True,29.5,35.1,76.0,1010.2,False,1.8,191
MAG,20,Haas F1 Team,60.0,0 days 00:01:39.695000,3.0,SOFT,20.0,0 days 02:45:36.335000,1,True,29.5,35.1,76.0,1010.2,False,1.8,191
ALB,23,Williams,60.0,0 days 00:01:39.668000,3.0,MEDIUM,17.0,0 days 02:45:37.127000,1,True,29.5,35.1,76.0,1010.2,False,1.8,191
ZHO,24,Alfa Romeo,60.0,0 days 00:01:41.794000,3.0,MEDIUM,40.0,0 days 02:45:39.429000,1,True,29.5,35.1,76.0,1010.2,False,1.8,191
SAR,2,Williams,60.0,0 days 00:01:39.786000,3.0,MEDIUM,17.0,0 days 02:45:43.036000,1,True,29.5,35.1,76.0,1010.2,False,1.8,191
ALO,14,Aston Martin,60.0,0 days 00:01:38.728000,3.0,SOFT,18.0,0 days 02:45:44.799000,1,True,29.5,35.1,76.0,1010.2,False,1.8,191
SAI,55,Ferrari,61.0,0 days 00:01:39.292000,2.0,HARD,41.0,0 days 02:46:02.563000,1,True,29.5,35.0,76.0,1010.0,False,1.7,168
NOR,4,McLaren,61.0,0 days 00:01:39.510000,2.0,HARD,41.0,0 days 02:46:03.403000,1,True,29.5,35.0,76.0,1010.0,False,1.7,168
RUS,63,Mercedes,61.0,0 days 00:01:39.314000,3.0,MEDIUM,17.0,0 days 02:46:03.977000,1,True,29.5,35.0,76.0,1010.0,False,1.7,168
HAM,44,Mercedes,61.0,0 days 00:01:39.096000,3.0,MEDIUM,17.0,0 days 02:46:04.610000,1,True,29.5,35.0,76.0,1010.0,False,1.7,168
LEC,16,Ferrari,61.0,0 days 00:01:40.615000,2.0,HARD,41.0,0 days 02:46:21.416000,1,True,29.5,35.0,76.0,1010.0,False,1.7,168
VER,1,Red Bull Racing,61.0,0 days 00:01:36.575000,2.0,MEDIUM,21.0,0 days 02:46:28.479000,1,True,29.5,35.0,76.0,1010.0,False,1.7,168
GAS,10,Alpine,61.0,0 days 00:01:39.711000,2.0,HARD,41.0,0 days 02:46:38.244000,1,True,29.5,35.0,76.0,1010.0,False,1.7,168
PIA,81,McLaren,61.0,0 days 00:01:39.616000,2.0,HARD,41.0,0 days 02:46:42.268000,1,True,29.5,35.0,76.0,1010.0,False,1.7,168
PER,11,Red Bull Racing,61.0,0 days 00:01:37.108000,2.0,MEDIUM,22.0,0 days 02:47:00.998000,12,True,29.5,34.9,76.0,1010.0,False,1.7,171
LAW,40,AlphaTauri,61.0,0 days 00:01:41.007000,2.0,HARD,41.0,0 days 02:47:04.356000,12,True,29.5,34.9,76.0,1010.0,False,1.7,171
MAG,20,Haas F1 Team,61.0,0 days 00:01:38.445000,3.0,SOFT,21.0,0 days 02:47:16.030000,12,True,29.5,34.9,76.0,1010.0,False,1.7,171
ALB,23,Williams,61.0,0 days 00:01:38.501000,3.0,MEDIUM,18.0,0 days 02:47:16.795000,12,True,29.5,34.9,76.0,1010.0,False,1.7,171
HUL,27,Haas F1 Team,61.0,0 days 00:01:43.503000,2.0,HARD,41.0,0 days 02:47:20.726000,12,True,29.5,34.9,76.0,1010.0,False,1.7,171
ZHO,24,Alfa Romeo,61.0,0 days 00:01:42.010000,3.0,MEDIUM,41.0,0 days 02:47:21.223000,12,True,29.5,34.9,76.0,1010.0,False,1.7,171
SAR,2,Williams,61.0,0 days 00:01:41.938000,3.0,MEDIUM,18.0,0 days 02:47:22.822000,12,True,29.5,34.9,76.0,1010.0,False,1.7,171
ALO,14,Aston Martin,61.0,0 days 00:01:41.542000,3.0,SOFT,19.0,0 days 02:47:23.527000,12,True,29.5,34.9,76.0,1010.0,False,1.7,171
SAI,55,Ferrari,62.0,0 days 00:01:39.958000,2.0,HARD,42.0,0 days 02:47:41.855000,12,True,29.5,34.9,76.0,1010.0,False,1.7,171
NOR,4,McLaren,62.0,0 days 00:01:39.677000,2.0,HARD,42.0,0 days 02:47:42.913000,12,True,29.5,34.9,76.0,1010.0,False,1.7,171
RUS,63,Mercedes,62.0,,3.0,MEDIUM,18.0,0 days 02:47:43.291000,1,False,29.5,34.9,76.0,1010.0,False,1.7,171
HAM,44,Mercedes,62.0,0 days 00:01:39.347000,3.0,MEDIUM,18.0,0 days 02:47:43.706000,12,True,29.5,34.9,76.0,1010.0,False,1.7,171
LEC,16,Ferrari,62.0,0 days 00:01:40.946000,2.0,HARD,42.0,0 days 02:48:02.031000,12,True,29.5,34.9,76.0,1010.2,False,2.2,185
VER,1,Red Bull Racing,62.0,0 days 00:01:38.197000,2.0,MEDIUM,22.0,0 days 02:48:05.054000,12,True,29.5,34.9,76.0,1010.2,False,2.2,185
GAS,10,Alpine,62.0,0 days 00:01:42.273000,2.0,HARD,42.0,0 days 02:48:17.955000,12,True,29.5,34.9,76.0,1010.2,False,2.2,185
PIA,81,McLaren,62.0,0 days 00:01:41.410000,2.0,HARD,42.0,0 days 02:48:21.884000,12,True,29.5,34.9,76.0,1010.2,False,2.2,185
PER,11,Red Bull Racing,62.0,0 days 00:01:38.189000,2.0,MEDIUM,23.0,0 days 02:48:38.106000,2,True,29.5,34.9,76.0,1010.2,False,2.2,185
LAW,40,AlphaTauri,62.0,0 days 00:01:42.328000,2.0,HARD,42.0,0 days 02:48:45.363000,2,True,29.5,34.9,76.0,1010.2,False,2.2,185
MAG,20,Haas F1 Team,62.0,0 days 00:01:39.418000,3.0,SOFT,22.0,0 days 02:48:54.475000,2,True,29.4,34.8,76.0,1010.0,False,2.0,176
ALB,23,Williams,62.0,0 days 00:01:39.891000,3.0,MEDIUM,19.0,0 days 02:48:55.296000,2,True,29.4,34.8,76.0,1010.0,False,2.0,176
ZHO,24,Alfa Romeo,62.0,0 days 00:01:42.246000,3.0,MEDIUM,42.0,0 days 02:49:03.233000,2,True,29.4,34.8,76.0,1010.0,False,2.0,176
HUL,27,Haas F1 Team,62.0,0 days 00:01:43.728000,2.0,HARD,42.0,0 days 02:49:04.229000,2,True,29.4,34.8,76.0,1010.0,False,2.0,176
SAR,2,Williams,62.0,0 days 00:01:43.955000,3.0,MEDIUM,19.0,0 days 02:49:04.760000,2,True,29.4,34.8,76.0,1010.0,False,2.0,176
ALO,14,Aston Martin,62.0,0 days 00:01:44.290000,3.0,SOFT,20.0,0 days 02:49:05.069000,2,True,29.4,34.8,76.0,1010.0,False,2.0,176
